"pair","method_code","b_fast","se_fast","pval_fast","b_native","se_native","pval_native","abs_beta_delta","abs_se_delta","abs_pval_delta","relative_se_delta"
1,"ivw",-0.068584997541576,0.122358553148448,0.575121562032903,-0.068584997541576,0.122358553148448,0.575121562032904,1.38777878078145e-17,4.16333634234434e-17,1.11022302462516e-16,3.40257075228186e-16
1,"egger",0.0747652352076674,0.184742246158331,0.686777901526523,0.0747652352076674,0.184742246158331,0.686777901526523,0,0,0,0
1,"weighted_median",0.0213984032103163,0.122965186654205,0.861849735183584,0.0213984032103165,0.122965186654205,0.861849735183583,2.42861286636753e-16,4.16333634234434e-17,1.55431223447522e-15,3.38578459125364e-16
1,"simple_mode",0.00507167735738775,0.824480626371404,0.99510708050583,0.00507167735738775,0.824480626371221,0.995107080505829,0,1.83630888273001e-13,9.99200722162641e-16,2.22723108826964e-13
1,"weighted_mode",0.00507167735738775,0.807945127532419,0.995006942765222,0.00507167735738775,0.834691665307147,0.995166936339129,0,0.0267465377747286,0.000159993573907391,0.0320436142906572
2,"ivw",0.056116202616628,0.132047511944845,0.670858701922398,0.0561162026166279,0.132047511944845,0.670858701922398,1.04083408558608e-16,5.55111512312578e-17,4.44089209850063e-16,4.20387710557125e-16
2,"egger",0.115585222774118,0.194262680119804,0.553526441057109,0.115585222774118,0.194262680119804,0.553526441057109,1.52655665885959e-16,8.32667268468867e-17,6.66133814775094e-16,4.28629558675578e-16
2,"weighted_median",-0.0653926362987833,0.117821618013408,0.57888514957116,-0.0653926362987833,0.120023286299429,0.585868442231422,0,0.00220166828602104,0.00698329266026176,0.0183436760807266
2,"simple_mode",0.0675510498801165,0.875346747964604,0.938678119424736,0.0675510498801165,0.850070216916177,0.936858561324532,0,0.0252765310484264,0.00181955810020373,0.029734639027965
2,"weighted_mode",0.0675510498801165,0.849592679722368,0.936823146544891,0.0675510498801165,0.795296178786497,0.932520087733424,0,0.0542965009358705,0.00430305881146631,0.068272050569536
3,"ivw",-0.0125373812691036,0.110659808737147,0.909795404221192,-0.0125373812691035,0.110659808737147,0.909795404221193,1.00613961606655e-16,4.16333634234434e-17,7.7715611723761e-16,3.7622840576506e-16
3,"egger",-0.248785356432441,0.158388518910065,0.120192715993888,-0.248785356432442,0.158388518910065,0.120192715993887,5.55111512312578e-16,2.77555756156289e-17,6.52256026967279e-16,1.75237295017506e-16
3,"weighted_median",0.118714155364996,0.115761690422259,0.305125118018315,0.118714155364997,0.11139244433707,0.286546176268712,1.38777878078145e-17,0.00436924608518982,0.0185789417496032,0.0392238998900916
3,"simple_mode",0.0781361683584871,0.607201555622196,0.897927922295337,0.0781361683584871,0.563070391682111,0.889977885290635,0,0.0441311639400849,0.00795003700470176,0.0783759270457249
3,"weighted_mode",0.0781361683584871,0.561256719531625,0.889624669582323,0.0781361683584871,0.530998257779871,0.883379609059112,0,0.0302584617517542,0.00624506052321128,0.0569841074022846
4,"ivw",0.243562419519363,0.179161166456426,0.174000904476762,0.243562419519363,0.179161166456426,0.174000904476762,1.11022302462516e-16,8.32667268468867e-17,5.55111512312578e-17,4.6475878949548e-16
4,"egger",0.676990325024688,0.268374039625948,0.0136333491368836,0.676990325024688,0.268374039625947,0.0136333491368837,5.55111512312578e-16,5.55111512312578e-17,5.03069808033274e-17,2.06842477419305e-16
4,"weighted_median",0.037803451898714,0.143934078011633,0.792824822969064,0.037803451898714,0.141696513006876,0.789629554333644,0,0.00223756500475644,0.00319526863541941,0.0157912496029303
4,"simple_mode",0.331828613370888,0.980981645734705,0.736041111310842,0.331828613370888,0.950472835767206,0.727905533513306,0,0.0305088099674987,0.00813557779753638,0.0320985606525751
4,"weighted_mode",0.0602297153698369,0.97052580781473,0.950668846321171,0.0602297153698369,0.950362559296958,0.949623621065173,0,0.0201632485177722,0.00104522525599826,0.0212163750776211
5,"ivw",-0.0813802235882589,0.116793003334356,0.485934081587198,-0.0813802235882589,0.116793003334356,0.485934081587198,1.38777878078145e-17,0,5.55111512312578e-17,0
5,"egger",-0.198961861325392,0.165423435227396,0.232623440514422,-0.198961861325392,0.165423435227395,0.232623440514422,4.44089209850063e-16,1.94289029309402e-16,5.82867087928207e-16,1.1744951919438e-15
5,"weighted_median",-0.285422891987123,0.0920084391067501,0.00192128252924272,-0.285422891987123,0.0918250760657253,0.00188146097656881,0,0.000183363041024787,3.98215526739101e-05,0.00199687328212548
5,"simple_mode",-0.271076744513413,1.59179973622807,0.86520218774676,-0.271076744513413,1.55029433511108,0.861629888555749,0,0.0415054011169931,0.00357229919101076,0.0267725941951657
5,"weighted_mode",-0.271076744513413,1.60833002537336,0.866574332901021,-0.271076744513413,1.47907121500622,0.855040255918357,0,0.129258810367138,0.0115340769826642,0.0873918774537134
6,"ivw",0.0186261865484552,0.161550888629035,0.908210433727667,0.0186261865484551,0.161550888629035,0.908210433727667,3.46944695195361e-17,2.77555756156289e-17,2.22044604925031e-16,1.71807012955301e-16
6,"egger",0.203265815504275,0.238521341301871,0.396651924583697,0.203265815504275,0.238521341301871,0.396651924583697,1.66533453693773e-16,2.77555756156289e-17,5.55111512312578e-16,1.16365166589021e-16
6,"weighted_median",0.192101609433767,0.155497066610062,0.216680396921819,0.192101609433767,0.152411622425621,0.207520369056776,0,0.0030854441844414,0.009160027865043,0.0202441528758553
6,"simple_mode",0.210349756129961,0.701431981351764,0.765032212359359,0.210349756129961,0.663741630044291,0.752123388303981,0,0.0376903513074738,0.0129088240553777,0.0567846728326484
6,"weighted_mode",0.210349756129961,0.640294943374521,0.743366250314553,0.210349756129961,0.631678225678923,0.739993581482907,0,0.00861671769559857,0.00337266883164677,0.0136409921148341
7,"ivw",-0.14531145436534,0.142714336235125,0.308583860947636,-0.14531145436534,0.142714336235125,0.308583860947635,1.38777878078145e-16,2.77555756156289e-17,3.88578058618805e-16,1.94483443975109e-16
7,"egger",-0.504002407090554,0.206089357108621,0.0166584468099261,-0.504002407090555,0.206089357108621,0.0166584468099259,1.22124532708767e-15,1.11022302462516e-16,2.08166817117217e-16,5.38709538523138e-16
7,"weighted_median",-0.189133345509298,0.142080631044917,0.183133376870565,-0.189133345509298,0.141890932910761,0.18254861397643,0,0.000189698134156091,0.000584762894134866,0.00133692921925742
7,"simple_mode",0.200870721918821,0.523058072623263,0.701961452932774,0.200870721918821,0.548121439827199,0.714969027643093,0,0.0250633672039361,0.0130075747103191,0.0457259384194816
7,"weighted_mode",-0.173281764339653,0.516464007157552,0.738103588965924,-0.173281764339653,0.541468080598865,0.749775593941826,0,0.0250040734413126,0.0116720049759018,0.0461782962601564
8,"ivw",-0.225831828589107,0.150620917023004,0.133785686491253,-0.225831828589107,0.150620917023004,0.133785686491253,2.77555756156289e-17,5.55111512312578e-17,1.94289029309402e-16,3.68548753575704e-16
8,"egger",-0.47668253994634,0.210934970886357,0.0265493935345069,-0.47668253994634,0.210934970886357,0.0265493935345067,6.66133814775094e-16,0,2.0122792321331e-16,0
8,"weighted_median",-0.0199548979304139,0.11442049206971,0.861551360789562,-0.0199548979304139,0.112206523329166,0.858848003892687,1.73472347597681e-17,0.00221396874054411,0.00270335689687529,0.0197311945407065
8,"simple_mode",-0.311344561979742,0.531597787886988,0.559720958149017,-0.311344561979742,0.534623402968236,0.561940186899475,0,0.00302561508124755,0.00221922875045832,0.00565933901218932
8,"weighted_mode",-0.165940029675022,0.475525910230707,0.728024032694357,-0.165940029675022,0.518890383694221,0.749944984698693,0,0.0433644734635142,0.0219209520043362,0.0835715496494315
9,"ivw",0.1788304949942,0.202138118369722,0.376321387021772,0.1788304949942,0.202138118369722,0.376321387021773,0,5.55111512312578e-17,5.55111512312578e-17,2.74619906818984e-16
9,"egger",0.476939269364924,0.294597985249465,0.109394068985024,0.476939269364924,0.294597985249465,0.109394068985024,3.33066907387547e-16,5.55111512312578e-17,1.66533453693773e-16,1.88430179467287e-16
9,"weighted_median",0.310424375156836,0.13486862260745,0.0213532400070728,0.310424375156836,0.134041519538913,0.0205646990188725,0,0.000827103068536589,0.000788540988200255,0.00617049904672616
9,"simple_mode",0.25931160936484,0.806011394082361,0.748492075524995,0.25931160936484,0.867865767643906,0.765863749735413,0,0.0618543735615451,0.0173716742104184,0.0712718209055165
9,"weighted_mode",0.25931160936484,0.790667282596444,0.74378397337797,0.25931160936484,0.786157904957191,0.742367300206976,0,0.00450937763925252,0.0014166731709947,0.00573596934002473
10,"ivw",0.425105814200431,0.171171102578089,0.0130093253564184,0.425105814200431,0.171171102578089,0.0130093253564184,1.66533453693773e-16,0,3.29597460435593e-17,0
10,"egger",0.253963050147784,0.266080992709892,0.342727211300408,0.253963050147785,0.266080992709892,0.342727211300406,9.99200722162641e-16,5.55111512312578e-17,1.99840144432528e-15,2.08625015510904e-16
10,"weighted_median",0.238874160286797,0.138043014058182,0.0835529766241001,0.238874160286797,0.148550060872946,0.107826830732628,0,0.0105070468147644,0.0242738541085279,0.0707306799675501
10,"simple_mode",0.447632084849757,1.13514662486067,0.694367427557819,0.447632084849757,1.09187310677326,0.682912335778512,0,0.0432735180874162,0.0114550917793071,0.0396323692002084
10,"weighted_mode",0.173847675520491,1.11353500570809,0.876325048846217,0.173847675520491,1.04121289053642,0.86781252500401,0,0.0723221151716751,0.00851252384220758,0.0694594888605498
11,"ivw",0.40707033772227,0.14333340297172,0.00451101069812956,0.40707033772227,0.14333340297172,0.00451101069812953,2.22044604925031e-16,0,2.60208521396521e-17,0
11,"egger",0.128575334684142,0.224416112730212,0.568297134502181,0.128575334684142,0.224416112730212,0.568297134502181,8.32667268468867e-17,2.77555756156289e-17,1.11022302462516e-16,1.23679067772625e-16
11,"weighted_median",0.112629364557213,0.125929330673679,0.371115679856071,0.112629364557213,0.124780776329848,0.366728713430942,0,0.00114855434383118,0.0043869664251297,0.00920457764099073
11,"simple_mode",0.114148240753658,0.943494200749543,0.904002875520186,0.114148240753658,0.887695436700147,0.898001284053301,0,0.0557987640493969,0.00600159146688484,0.062858004831949
11,"weighted_mode",0.114148240753658,0.911302086226316,0.900629346595123,0.114148240753658,0.937005948278945,0.903341458537685,0,0.0257038620526289,0.00271211194256149,0.0274319091568636
12,"ivw",-0.421965597761434,0.142748917478825,0.00311658522993807,-0.421965597761434,0.142748917478825,0.00311658522993804,2.77555756156289e-16,2.77555756156289e-17,2.64545330086463e-17,1.94436329926958e-16
12,"egger",-0.373476200915811,0.215171142131602,0.0864641268841753,-0.373476200915811,0.215171142131603,0.0864641268841754,3.88578058618805e-16,2.4980018054066e-16,6.93889390390723e-17,1.16093718732913e-15
12,"weighted_median",-0.149974427639405,0.107148020180156,0.161605008544303,-0.149974427639405,0.105567603148207,0.15541905235434,2.77555756156289e-17,0.00158041703194843,0.00618595618996343,0.0149706632036504
12,"simple_mode",-0.245066242303235,0.616048304789792,0.691821429692634,-0.245066242303235,0.681379439248724,0.720035971550797,0,0.0653311344589316,0.0282145418581625,0.0958806953889957
12,"weighted_mode",-0.0478924409038466,0.601047864186617,0.936687047917897,-0.0478924409038466,0.666898377740237,0.942927193307656,0,0.0658505135536206,0.00624014538975926,0.0987414510989708
13,"ivw",-0.253348983931429,0.185767810594477,0.172632479625545,-0.253348983931429,0.185767810594477,0.172632479625545,5.55111512312578e-17,5.55111512312578e-17,2.22044604925031e-16,2.98820075736568e-16
13,"egger",-0.0672478844603745,0.269740656856488,0.803763305781884,-0.0672478844603748,0.269740656856488,0.803763305781884,2.91433543964104e-16,1.11022302462516e-16,6.66133814775094e-16,4.11589056526928e-16
13,"weighted_median",-0.156784215000442,0.140417064380538,0.264182083300728,-0.156784215000442,0.139327419668519,0.260464758387265,0,0.00108964471201919,0.00371732491346322,0.00782074852610942
13,"simple_mode",-0.433288711443688,0.939125871845398,0.645766551034156,-0.433288711443699,0.947009160404378,0.648512303338366,1.13242748511766e-14,0.00788328855898035,0.00274575230420981,0.0083244058120981
13,"weighted_mode",-0.233449159159471,0.90303455913957,0.796664235420774,-0.233449159159482,0.920130182031462,0.80036004126291,1.13520304267922e-14,0.0170956228918918,0.00369580584213569,0.0185795697453899
14,"ivw",0.0451700012949854,0.164724258537592,0.783918754217345,0.0451700012949854,0.164724258537592,0.783918754217345,6.93889390390723e-18,2.77555756156289e-17,0,1.68497195628868e-16
14,"egger",-0.285775452366928,0.237890650430239,0.233183515746889,-0.285775452366929,0.23789065043024,0.233183515746888,7.7715611723761e-16,2.4980018054066e-16,8.04911692853238e-16,1.05006304404516e-15
14,"weighted_median",-0.130640981730184,0.129280025877719,0.312242777707765,-0.130640981730184,0.12672158403702,0.302574020486263,0,0.00255844184069878,0.00966875722150229,0.020189471747381
14,"simple_mode",0.337581082318094,1.18683549608924,0.77680066558979,0.337581082318094,1.15775336864203,0.771350984222902,0,0.0290821274472071,0.00544968136688717,0.0251194496469645
14,"weighted_mode",-0.286600806194557,1.16244098001869,0.805879611500109,-0.286600806194557,1.14366606197196,0.802759235983312,0,0.0187749180467327,0.00312037551679611,0.0164164336697726
15,"ivw",-0.0241873277542355,0.164966117512102,0.883431987606408,-0.0241873277542355,0.164966117512102,0.883431987606408,2.08166817117217e-17,2.77555756156289e-17,1.11022302462516e-16,1.68250159694719e-16
15,"egger",0.0271443488055992,0.232348163328065,0.907290586743322,0.0271443488055993,0.232348163328064,0.907290586743321,1.56125112837913e-16,2.77555756156289e-17,4.44089209850063e-16,1.19456832445193e-16
15,"weighted_median",0.101531900208495,0.153682049874746,0.508829057695064,0.101531900208494,0.160985805182906,0.528244202710045,6.66133814775094e-16,0.00730375530816027,0.0194151450149818,0.0453689398258561
15,"simple_mode",0.0591926112454206,1.39440187990289,0.96624429427693,0.0591926112454206,1.39309329850483,0.966212605661989,0,0.00130858139806489,3.16886149411832e-05,0.000939335075022872
15,"weighted_mode",0.0591926112454206,1.37443370866933,0.965754186265526,0.0591926112454206,1.31549645672402,0.964220920925442,0,0.0589372519453097,0.00153326534008347,0.0448022886295575
16,"ivw",0.117939914607869,0.172363259311205,0.493816015857778,0.117939914607869,0.172363259311205,0.493816015857778,0,5.55111512312578e-17,1.11022302462516e-16,3.2205907136527e-16
16,"egger",0.00524419914776251,0.247599991407738,0.983154705752808,0.00524419914776249,0.247599991407738,0.983154705752808,1.64798730217797e-17,8.32667268468867e-17,0,3.36295354347433e-16
16,"weighted_median",-0.132966230040792,0.133604184247712,0.31962682433451,-0.132966230040792,0.133791160670812,0.320303596986413,0,0.000186976423099672,0.000676772651903579,0.00139752448638756
16,"simple_mode",0.325785300324527,0.980127741119559,0.74045296007583,0.325785300324527,0.958638793124922,0.734855510618162,0,0.0214889479946369,0.00559744945766816,0.022416105157385
16,"weighted_mode",0.0894279483597377,0.93154715320397,0.92375818181293,0.0894279483597377,0.883913838458129,0.919663387753281,0,0.0476333147458415,0.00409479405964863,0.0538890926619404
17,"ivw",0.212895420808634,0.164535031680019,0.195692525036275,0.212895420808634,0.164535031680019,0.195692525036275,2.77555756156289e-17,5.55111512312578e-17,2.22044604925031e-16,3.37381958507254e-16
17,"egger",0.0309224389729939,0.240872878728685,0.898173136022704,0.0309224389729942,0.240872878728685,0.898173136022703,2.98372437868011e-16,2.22044604925031e-16,8.88178419700125e-16,9.21833151565138e-16
17,"weighted_median",0.267733250746986,0.133604157717699,0.0450776628611229,0.267733250746986,0.137740793621542,0.0519259710416095,1.11022302462516e-16,0.004136635903843,0.00684830818048667,0.0300320318700129
17,"simple_mode",0.281662949219082,1.3415894187706,0.834236065021869,0.281662949219082,1.39121996722706,0.840066722914957,0,0.0496305484564601,0.00583065789308845,0.0356741202869467
17,"weighted_mode",0.281662949219082,1.33348091542772,0.833243137015996,0.281662949219082,1.25888296903187,0.823522675425821,0,0.0745979463958522,0.00972046159017481,0.0592572528431462
18,"ivw",-0.628017272726355,0.156607409118113,6.06833521258102e-05,-0.628017272726356,0.156607409118113,6.06833521258105e-05,1.11022302462516e-16,5.55111512312578e-17,2.16840434497101e-19,3.54460568269739e-16
18,"egger",-1.06371736432259,0.212248825386406,3.17043976034061e-06,-1.06371736432259,0.212248825386406,3.17043976034059e-06,4.44089209850063e-16,2.77555756156289e-17,2.37169225231204e-20,1.30769042255471e-16
18,"weighted_median",-0.611261826258888,0.160447423221369,0.000139117005982505,-0.611261826258888,0.167404673368289,0.000260812214387518,1.11022302462516e-16,0.00695725014692025,0.000121695208405013,0.0415594738601733
18,"simple_mode",-0.455143087969642,0.781731416564284,0.562032684595918,-0.455143087969642,0.80052443866918,0.571230376066425,0,0.0187930221048953,0.00919769147050675,0.0234758880517595
18,"weighted_mode",-0.650226486045491,0.751810891103193,0.389658675855749,-0.650226486045491,0.766115988073015,0.398532246900273,0,0.0143050969698221,0.00887357104452413,0.0186722339600342
19,"ivw",0.131301312206847,0.153598405696111,0.39264243026082,0.131301312206847,0.153598405696111,0.39264243026082,2.77555756156289e-17,5.55111512312578e-17,1.11022302462516e-16,3.61404475389442e-16
19,"egger",0.0361268621557295,0.226155007004213,0.873485527477701,0.0361268621557296,0.226155007004213,0.873485527477701,1.17961196366423e-16,5.55111512312578e-17,4.44089209850063e-16,2.45456211501096e-16
19,"weighted_median",0.318273778578958,0.125722866083265,0.01135594789323,0.318273778578958,0.117445540628441,0.00672894895438101,0,0.0082773254548235,0.00462699893884896,0.070477988440704
19,"simple_mode",0.0684368488149575,0.95097459151836,0.942807192244655,0.0684368488149575,1.03968818007724,0.94767982573934,0,0.0887135885588802,0.00487263349468547,0.0853271108192166
19,"weighted_mode",0.260767847686601,0.92389283344042,0.778472510308376,0.260767847686601,0.943852361569746,0.783036470603017,0,0.0199595281293253,0.0045639602946409,0.0211468752338873
20,"ivw",-0.0419119195338013,0.191534646666929,0.826789013349523,-0.0419119195338013,0.191534646666929,0.826789013349523,2.08166817117217e-17,2.77555756156289e-17,1.11022302462516e-16,1.44911513914737e-16
20,"egger",-0.455331046474579,0.290275545243697,0.120684426100189,-0.45533104647458,0.290275545243698,0.120684426100189,1.16573417585641e-15,3.33066907387547e-16,4.85722573273506e-16,1.14741635265184e-15
20,"weighted_median",0.090589352031156,0.160422034237255,0.572281950640048,0.0905893520311553,0.157245219332325,0.564545953073189,6.38378239159465e-16,0.00317681490492994,0.00773599756685961,0.0202029347437011
20,"simple_mode",-0.0732953184948724,1.25859573607412,0.953704240649,-0.0732953184948724,1.26587239988996,0.953970062578978,0,0.00727666381584413,0.000265821929978149,0.00574833910311708
20,"weighted_mode",-0.0732953184948724,1.25922175651913,0.953727230217429,-0.0732953184948724,1.20918681360696,0.951814834808033,0,0.0500349429121787,0.00191239540939536,0.0413790014488551
21,"ivw",0.0620811595554393,0.15688947605041,0.692326384271241,0.0620811595554393,0.15688947605041,0.692326384271241,6.93889390390723e-18,5.55111512312578e-17,1.11022302462516e-16,3.53823294134921e-16
21,"egger",0.543761277242091,0.216500655018529,0.0140317029059588,0.543761277242091,0.216500655018529,0.0140317029059588,1.11022302462516e-16,0,1.56125112837913e-17,0
21,"weighted_median",0.11190035257595,0.125949245367374,0.374295557252271,0.11190035257595,0.129596837417326,0.387890254449331,5.55111512312578e-17,0.00364759204995249,0.0135946971970604,0.0281456872146236
21,"simple_mode",0.105314722449321,0.830709904614885,0.89943126019754,0.105314722449321,0.807463628463192,0.896552308810841,0,0.0232462761516934,0.00287895138669836,0.0287892548125505
21,"weighted_mode",0.288668921813632,0.827753800176261,0.728191130443324,0.288668921813632,0.794172108643194,0.717190253078897,0,0.0335816915330671,0.0110008773644269,0.0422851560355599
22,"ivw",0.201219270616461,0.15287345834276,0.188091066210887,0.201219270616461,0.15287345834276,0.188091066210887,8.32667268468867e-17,0,1.66533453693773e-16,0
22,"egger",0.439466362829608,0.214556160677556,0.0438147226971686,0.439466362829608,0.214556160677556,0.0438147226971683,4.9960036108132e-16,8.32667268468867e-17,3.19189119579733e-16,3.88088258961828e-16
22,"weighted_median",0.306533052573765,0.0856709226751095,0.000346194942610932,0.306533052573766,0.0846184526717909,0.000291733357838058,5.55111512312578e-17,0.00105247000331861,5.44615847728741e-05,0.0124378308759771
22,"simple_mode",0.457243119042153,1.31423535526385,0.728806017124349,0.457243119042153,1.34251840979285,0.734296953541792,0,0.0282830545289994,0.00549093641744358,0.0210671632677003
22,"weighted_mode",0.145271590017574,1.29842856636312,0.911193270415653,0.145271590017574,1.3057433848925,0.911688688529201,0,0.00731481852938143,0.000495418113548585,0.00560203376407198
23,"ivw",-0.33594104883451,0.200061441252294,0.0931151397574298,-0.33594104883451,0.200061441252295,0.0931151397574298,1.66533453693773e-16,1.11022302462516e-16,6.93889390390723e-17,5.54941030953121e-16
23,"egger",-0.3206338238778,0.300933397654485,0.289870968618668,-0.3206338238778,0.300933397654485,0.289870968618667,1.11022302462516e-16,3.33066907387547e-16,3.88578058618805e-16,1.10677947341011e-15
23,"weighted_median",-0.379631307980284,0.13726728705382,0.00568119642420212,-0.379631307980284,0.14032564363149,0.00682305119904443,5.55111512312578e-17,0.00305835657766937,0.00114185477484232,0.021794709067581
23,"simple_mode",-0.525025456312815,1.6156680768617,0.746050124852651,-0.525025456312815,1.46476404897968,0.720948897185095,0,0.150904027882019,0.0251012276675555,0.103022755089555
23,"weighted_mode",-0.0375035016376719,1.60331489001455,0.9813957322089,-0.0375035016376719,1.40992637105413,0.978844503477374,0,0.193388518960416,0.00255122873152636,0.137162140471086
24,"ivw",-0.383831280981905,0.196251345286892,0.0504869775751037,-0.383831280981905,0.196251345286892,0.0504869775751039,0,1.66533453693773e-16,2.0122792321331e-16,8.48572291060348e-16
24,"egger",-0.14213054917301,0.29584771388796,0.632241367380074,-0.142130549173009,0.29584771388796,0.632241367380075,3.33066907387547e-16,5.55111512312578e-17,8.88178419700125e-16,1.87634207145776e-16
24,"weighted_median",-0.285919416534274,0.126525468596982,0.0238350588954013,-0.285919416534274,0.126951539169557,0.0243100539726991,0,0.000426070572574544,0.000474995077297782,0.00335616704895151
24,"simple_mode",-0.237953558566444,1.11273452803933,0.831204720893306,-0.237953558566444,1.01646192859921,0.815498171617234,0,0.0962725994401152,0.0157065492760722,0.0947134336578533
24,"weighted_mode",-0.237953558566444,1.09683934254763,0.828796886002123,-0.237953558566444,1.04633211400671,0.820672648954195,0,0.0505072285409105,0.00812423704792775,0.0482707429742392
25,"ivw",0.196315430921844,0.186211460484885,0.291763560952011,0.196315430921843,0.186211460484885,0.291763560952012,3.05311331771918e-16,0,8.32667268468867e-16,0
25,"egger",0.540086564549662,0.265605592157355,0.0453262327845591,0.540086564549662,0.265605592157355,0.0453262327845593,5.55111512312578e-16,5.55111512312578e-17,1.94289029309402e-16,2.08998428008891e-16
25,"weighted_median",0.0546183936573421,0.155474193968172,0.725361802540132,0.0546183936573427,0.158844263695611,0.730960073040372,6.2450045135165e-16,0.00337006972743856,0.00559827050023975,0.0212161877869039
25,"simple_mode",0.0914871445658109,1.91235219189312,0.961961428627504,0.0914871445658109,1.87002913045523,0.961101215634476,0,0.0423230614378975,0.000860212993028187,0.0226323006142662
25,"weighted_mode",0.0914871445658109,1.89907989488146,0.961695791913772,0.0914871445658109,1.82021970473605,0.960037664347493,0,0.0788601901454076,0.00165812756627925,0.0433245448009493
26,"ivw",0.130419924052934,0.113505158349854,0.250546909174014,0.130419924052934,0.113505158349853,0.250546909174014,1.66533453693773e-16,4.16333634234434e-17,4.44089209850063e-16,3.66797104455096e-16
26,"egger",0.0542136788897377,0.163715771982937,0.741400707671708,0.0542136788897377,0.163715771982937,0.741400707671707,1.38777878078145e-17,5.55111512312578e-17,2.22044604925031e-16,3.39070271354451e-16
26,"weighted_median",0.346030566487003,0.114943388052123,0.00260866543225517,0.346030566487003,0.115059538886544,0.00263488963461987,0,0.000116150834421264,2.62242023647066e-05,0.0010094846159239
26,"simple_mode",0.173734907928043,3.44391927595126,0.959890489636057,0.173734907928043,3.14492069280766,0.956080893485142,0,0.2989985831436,0.00380959615091503,0.0950734890795181
26,"weighted_mode",0.173734907928043,3.50147793904598,0.960549273307834,0.173734907928043,3.36948323519415,0.959005207107915,0,0.131994703851829,0.00154406619991965,0.0391735748892141
27,"ivw",-0.373406248201943,0.129049911669303,0.00380971200040564,-0.373406248201943,0.129049911669303,0.00380971200040565,2.77555756156289e-16,5.55111512312578e-17,1.04083408558608e-17,4.30152570530291e-16
27,"egger",-0.157438558567826,0.192968492512928,0.416993109266276,-0.157438558567826,0.192968492512928,0.416993109266275,2.4980018054066e-16,1.94289029309402e-16,1.11022302462516e-15,1.00684327674056e-15
27,"weighted_median",-0.242861217386189,0.139797897932225,0.0823464362559838,-0.242861217386189,0.134403388763387,0.0707688990299147,0,0.0053945091688381,0.0115775372260691,0.0401367050226314
27,"simple_mode",-0.326309143587028,14.770238967953,0.982428629369121,-0.326309143587028,16.7359962061019,0.984492224688019,0,1.96575723814887,0.00206359531889833,0.117456840569321
27,"weighted_mode",-0.326309143587028,14.7172513347198,0.982365376309339,-0.326309143587028,16.2453793265995,0.984023946566151,0,1.5281279918797,0.00165857025681204,0.0940653930670375
28,"ivw",-0.00294866923634138,0.12376722926736,0.980992746407193,-0.00294866923634133,0.12376722926736,0.980992746407194,5.11743425413158e-17,1.38777878078145e-17,3.33066907387547e-16,1.12128128665108e-16
28,"egger",-0.12996120910148,0.175957229831135,0.462314083223922,-0.12996120910148,0.175957229831134,0.462314083223922,0,2.77555756156289e-17,0,1.57740467057056e-16
28,"weighted_median",-0.264330468201888,0.138920237797688,0.057073187688863,-0.264330468201888,0.133615664313018,0.0478960548877071,5.55111512312578e-17,0.00530457348467026,0.00917713280115598,0.0397002365848617
28,"simple_mode",0.462985963454986,9.16806635289271,0.959848394091509,0.462985963454986,9.47556044795397,0.961150298273376,0,0.307494095061259,0.00130190418186737,0.0324512831457536
28,"weighted_mode",-0.106420475986654,9.11562852009104,0.990714008709062,-0.106420475986654,9.92819266489696,0.991473981670937,0,0.812564144805922,0.000759972961875133,0.0818441152616729
29,"ivw",0.207479581290008,0.153399294730086,0.176200757915043,0.207479581290008,0.153399294730086,0.176200757915043,2.77555756156289e-17,0,8.32667268468867e-17,0
29,"egger",0.66913062382605,0.207031841713084,0.00178591390661907,0.669130623826051,0.207031841713084,0.00178591390661905,9.99200722162641e-16,2.77555756156289e-17,2.49366499671666e-17,1.34064283957315e-16
29,"weighted_median",0.642472015729989,0.125644882008722,3.16418281247609e-07,0.642472015729989,0.121408859405705,1.21114959072552e-07,0,0.00423602260301681,1.95303322175057e-07,0.0348905559590304
29,"simple_mode",0.637662321633739,19.375675862157,0.973826957101394,0.637662321633739,20.3695690621241,0.975103586345291,0,0.993893199967058,0.00127662924389693,0.0487930400950475
29,"weighted_mode",0.637662321633739,19.5431049066967,0.974051105041312,0.637662321633739,20.1386976488533,0.974818268148979,0,0.595592742156644,0.000767163107666446,0.0295745411417186
30,"ivw",-0.154851681356376,0.158377226508947,0.328203145595804,-0.154851681356375,0.158377226508947,0.328203145595804,2.4980018054066e-16,0,7.21644966006352e-16,0
30,"egger",-0.307424519951193,0.231622479179857,0.188196350815601,-0.307424519951193,0.231622479179857,0.188196350815601,5.55111512312578e-16,1.94289029309402e-16,4.71844785465692e-16,8.38817674335207e-16
30,"weighted_median",-0.0290192112060239,0.142271835441394,0.838376805654404,-0.0290192112060239,0.146752106554793,0.843246094685812,1.04083408558608e-17,0.00448027111339924,0.00486928903140804,0.0305295182371125
30,"simple_mode",-0.40294856450049,7.04702996683811,0.954542698412843,-0.40294856450049,7.50514944490187,0.957314657677089,0,0.458119478063766,0.00277195926424612,0.0610406869879133
30,"weighted_mode",-0.0401082757837649,7.02565963595679,0.995459076571772,-0.0401082757837649,6.95039049825688,0.995409901267059,0,0.075269137699908,4.9175304713045e-05,0.0108294832813761
31,"ivw",-0.220898659105675,0.174351731957015,0.205165514047503,-0.220898659105675,0.174351731957015,0.205165514047503,1.38777878078145e-16,0,3.33066907387547e-16,0
31,"egger",-0.493286201296495,0.274937948944846,0.0765635558718895,-0.493286201296496,0.274937948944846,0.0765635558718893,4.44089209850063e-16,5.55111512312578e-17,1.80411241501588e-16,2.019042894744e-16
31,"weighted_median",-0.157199805180629,0.138070289830196,0.25489126574204,-0.157199805180629,0.141219988228142,0.265641655178615,4.71844785465692e-16,0.00314969839794607,0.0107503894365748,0.0223034886028861
31,"simple_mode",-0.0834263681319095,11.9726605865083,0.994457460597003,-0.0834263681319095,12.8261976900466,0.99482629111072,0,0.853537103538327,0.000368830513717611,0.0665463860892062
31,"weighted_mode",-0.0834263681319095,11.959347839133,0.994451290928144,-0.0834263681319095,12.385017132625,0.994641995408971,0,0.425669293492016,0.000190704480826476,0.0343696975897355
32,"ivw",-0.0431270922410888,0.145891608409637,0.767527549114287,-0.0431270922410887,0.145891608409637,0.767527549114287,2.77555756156289e-17,8.32667268468867e-17,0,5.70743771725985e-16
32,"egger",-0.178420669749662,0.218592683720387,0.416795635649025,-0.178420669749662,0.218592683720387,0.416795635649025,8.32667268468867e-17,5.55111512312578e-17,0,2.53947891971833e-16
32,"weighted_median",-0.0474424705659071,0.12376210774163,0.701470654593369,-0.0474424705659071,0.120626170168094,0.694096707021824,0,0.00313593757353584,0.00737394757154419,0.0259971577408607
32,"simple_mode",0.0420054247492229,10.8220419548183,0.996912586891247,0.0420054247492229,10.3107876807383,0.996759500185834,0,0.511254274080079,0.000153086705412475,0.0495844051793599
32,"weighted_mode",0.0420054247492229,10.8209490441464,0.996912275065587,0.0420054247492229,11.1637069217975,0.997007076632521,0,0.342757877651096,9.48015669344215e-05,0.0307028731632008
33,"ivw",-0.393705014231741,0.134397439687984,0.00339607684898928,-0.393705014231741,0.134397439687984,0.00339607684898926,2.22044604925031e-16,2.77555756156289e-17,2.38524477946811e-17,2.06518633688752e-16
33,"egger",-0.729610715794397,0.177875151595228,9.79111653003531e-05,-0.729610715794396,0.177875151595228,9.79111653003549e-05,9.99200722162641e-16,2.77555756156289e-17,1.77538105744501e-18,1.56039645598107e-16
33,"weighted_median",-0.265084928204868,0.156702142674218,0.0907130332031207,-0.265084928204868,0.15716979773669,0.0916774182777254,0,0.00046765506247165,0.000964385074604654,0.00297547664504298
33,"simple_mode",-0.309986133396586,19.5913789029868,0.987414844130358,-0.309986133396586,20.2069157197212,0.987798178334484,0,0.615536816734458,0.000383334204125951,0.0304616907039265
33,"weighted_mode",-0.309986133396586,19.5498766616582,0.987388129490654,-0.309986133396586,19.3727303392276,0.987272815113519,0,0.177146322430605,0.000115314377134745,0.00914410717171364
34,"ivw",-0.00196830480378361,0.204576146568088,0.99232336804443,-0.00196830480378372,0.204576146568088,0.99232336804443,1.09721259855533e-16,0,4.44089209850063e-16,0
34,"egger",-0.342788230086599,0.299648532725325,0.256048483145708,-0.342788230086598,0.299648532725325,0.256048483145709,3.88578058618805e-16,0,4.9960036108132e-16,0
34,"weighted_median",-0.208706022755931,0.154213523173553,0.175941459172842,-0.208706022755931,0.15390452817401,0.175075430896079,2.77555756156289e-17,0.000308994999542872,0.000866028276762465,0.00200770570696602
34,"simple_mode",0.522936691517552,23.1205241041919,0.982010726009081,0.522936691517552,23.0003314937061,0.981916735987789,0,0.120192610485887,9.39900212922895e-05,0.00522569035662713
34,"weighted_mode",-0.669490727210487,23.2199868529513,0.977069086010909,-0.669490727210487,21.6368181625461,0.975391751697009,0,1.58316869040517,0.00167733431389916,0.0731701250392571
35,"ivw",0.080784093785741,0.163749827101064,0.621773430512606,0.0807840937857411,0.163749827101064,0.621773430512605,1.11022302462516e-16,2.77555756156289e-17,4.44089209850063e-16,1.69499877386121e-16
35,"egger",0.0211155120140191,0.244836706859047,0.931488543551528,0.0211155120140192,0.244836706859047,0.931488543551528,1.87350135405495e-16,1.11022302462516e-16,6.66133814775094e-16,4.53454483548627e-16
35,"weighted_median",0.131401209536703,0.129267147033486,0.309387096410692,0.131401209536703,0.131571193211882,0.317936140901803,0,0.00230404617839605,0.0085490444911116,0.0175117829530178
35,"simple_mode",0.0685409904715146,24.1084363439359,0.997738584206235,0.0685409904715146,24.5299622925264,0.997777444555586,0,0.421525948590549,3.88603493508555e-05,0.0171841254203222
35,"weighted_mode",0.0685409904715146,24.2808594883217,0.997754642919885,0.0685409904715146,22.3805995009554,0.997563997926621,0,1.90025998736623,0.000190644993264044,0.0849065721981714
36,"ivw",0.169749079853175,0.156334665366263,0.277564938327535,0.169749079853175,0.156334665366263,0.277564938327535,2.77555756156289e-17,8.32667268468867e-17,5.55111512312578e-17,5.32618448069777e-16
36,"egger",-0.0570568650380538,0.233270070525253,0.807395736040644,-0.0570568650380541,0.233270070525253,0.807395736040642,3.33066907387547e-16,2.77555756156289e-17,1.22124532708767e-15,1.18984726815282e-16
36,"weighted_median",0.0374792013551898,0.135052714250591,0.781384420399945,0.0374792013551898,0.137339194517411,0.784933807724695,3.46944695195361e-17,0.00228648026681935,0.00354938732474985,0.0166484176265465
36,"simple_mode",0.18855359227233,14.8830717853249,0.989923025630832,0.18855359227233,15.945652745871,0.990594498791901,0,1.06258096054606,0.000671473161069747,0.0666376583938343
36,"weighted_mode",0.18855359227233,14.8420487990779,0.989895174684888,0.18855359227233,15.6540803702424,0.990419320740207,0,0.812031571164466,0.000524146055319252,0.0518734765606606
37,"ivw",-0.415188524533478,0.176501772837952,0.0186567527690992,-0.415188524533478,0.176501772837952,0.0186567527690993,1.11022302462516e-16,5.55111512312578e-17,8.67361737988404e-17,3.14507612805811e-16
37,"egger",-0.571449183055632,0.274078778449051,0.0402600505082504,-0.571449183055632,0.274078778449051,0.0402600505082504,3.33066907387547e-16,1.11022302462516e-16,5.55111512312578e-17,4.05074420904696e-16
37,"weighted_median",-0.167318362772528,0.153086044432106,0.274407233414804,-0.167318362772528,0.154699428261907,0.279443347332055,0,0.00161338382980164,0.00503611391725078,0.0104291518587268
37,"simple_mode",0.0343636015279429,2.82633107804522,0.990329153525493,0.0343636015279429,2.86555569530803,0.99046152461033,0,0.0392246172628066,0.000132371084837435,0.0136883109014533
37,"weighted_mode",0.0343636015279429,2.83623031990842,0.990362905825897,0.0343636015279429,2.8143502419418,0.990287986293262,0,0.0218800779666215,7.49195326350538e-05,0.00777446873546379
38,"ivw",-0.0438613460521003,0.149052356962561,0.768553086704507,-0.0438613460521003,0.149052356962561,0.768553086704507,5.55111512312578e-17,2.77555756156289e-17,2.22044604925031e-16,1.86213597565589e-16
38,"egger",-0.343300193492797,0.213685775228842,0.112089894824119,-0.343300193492797,0.213685775228842,0.11208989482412,2.22044604925031e-16,0,2.63677968348475e-16,0
38,"weighted_median",-0.0343667506961198,0.132894197476627,0.79594207610459,-0.0343667506961198,0.141479182348946,0.808074885894702,0,0.00858498487231918,0.012132809790111,0.0606801985266288
38,"simple_mode",0.387810378940628,14.2525025444611,0.978359179057959,0.387810378940628,13.3181985161006,0.976841442911054,0,0.934304028360534,0.00151773614690498,0.0701524329458701
38,"weighted_mode",-0.274246822636299,14.3142046218957,0.984761326390024,-0.274246822636299,13.0433462507743,0.983276781326756,0,1.27085837112138,0.00148454506326823,0.097433461221344
39,"ivw",0.101533416802804,0.186585567109252,0.586327633229323,0.101533416802804,0.186585567109252,0.586327633229323,0,8.32667268468867e-17,2.22044604925031e-16,4.46265636388323e-16
39,"egger",-0.12048869458824,0.281262750118639,0.669522161746356,-0.120488694588241,0.281262750118639,0.669522161746355,4.44089209850063e-16,5.55111512312578e-17,1.11022302462516e-15,1.97364034902748e-16
39,"weighted_median",-0.0891287231251398,0.150900813041187,0.554758695793919,-0.0891287231251398,0.14271291548845,0.532278534982652,0,0.00818789755273691,0.0224801608112675,0.0573732063752811
39,"simple_mode",-0.369861895151505,19.2899365439344,0.984749589498168,-0.369861895151505,17.2090331386306,0.982905793196203,0,2.08090340530382,0.00184379630196474,0.120919251450138
39,"weighted_mode",-0.369861895151505,19.5659256935289,0.984964679586882,-0.369861895151505,17.3450823823313,0.98303985399938,0,2.2208433111976,0.00192482558750184,0.128038787146948
40,"ivw",0.228189846331631,0.199039245586496,0.251606296595262,0.228189846331631,0.199039245586496,0.251606296595262,1.38777878078145e-16,5.55111512312578e-17,1.11022302462516e-16,2.78895506600655e-16
40,"egger",0.574760107875635,0.295855480681936,0.0555700532468344,0.574760107875635,0.295855480681936,0.0555700532468343,4.44089209850063e-16,1.66533453693773e-16,9.0205620750794e-17,5.62887844125517e-16
40,"weighted_median",0.152591992607966,0.1363139343803,0.262962728763117,0.152591992607966,0.144198980010798,0.289962273682524,5.55111512312578e-17,0.00788504563049799,0.0269995449194072,0.0546817018394136
40,"simple_mode",0.0915781534505149,12.9307636937659,0.994366689205486,0.0915781534505149,13.5239050471654,0.994613755174188,0,0.593141353399501,0.000247065968702276,0.0438587339478418
40,"weighted_mode",0.0915781534505149,12.9307636937659,0.994366689205486,0.0915781534505149,12.7356317334518,0.9942803786112,0,0.195131960314114,8.63105942857656e-05,0.0153217338878899
41,"ivw",-0.191761539670583,0.172413471888729,0.266043999640656,-0.191761539670583,0.172413471888729,0.266043999640656,8.32667268468867e-17,2.77555756156289e-17,3.33066907387547e-16,1.60982638488608e-16
41,"egger",-0.403923411237893,0.255023104771974,0.117168768210081,-0.403923411237893,0.255023104771974,0.117168768210081,0,5.55111512312578e-17,1.2490009027033e-16,2.17671066630972e-16
41,"weighted_median",-0.338335455409307,0.147154846658218,0.0214947298321236,-0.338335455409307,0.147865958803574,0.0221303772342566,0,0.000711112145355991,0.000635647402132983,0.00480916737773726
41,"simple_mode",-0.328852378039156,28.4853376623376,0.990817318327794,-0.328852378039156,28.0227782646054,0.990665750917857,0,0.462559397732196,0.000151567409936604,0.0165065502558124
41,"weighted_mode",-0.328852378039156,28.485317324042,0.990817311771725,-0.328852378039156,29.907952159279,0.991254087443277,0,1.42263483523703,0.000436775671552425,0.0475671094985235
42,"ivw",0.435887818276592,0.1416216245784,0.00208511192931016,0.435887818276593,0.1416216245784,0.00208511192931017,5.55111512312578e-17,8.32667268468867e-17,1.25767452008319e-17,5.87952066605416e-16
42,"egger",0.28187228382362,0.216684616352035,0.197047324644462,0.28187228382362,0.216684616352035,0.197047324644463,1.66533453693773e-16,0,1.66533453693773e-16,0
42,"weighted_median",0.260983276537962,0.122065342284545,0.0325117071078593,0.260983276537962,0.11808578934651,0.0270971220312963,0,0.00397955293803445,0.00541458507656294,0.0337005236621392
42,"simple_mode",0.520828519760026,22.3360850813386,0.981454115847464,0.520828519760026,22.8867232699413,0.981900237621158,0,0.550638188602662,0.000446121773694297,0.0240592845951807
42,"weighted_mode",0.520828519760026,22.2867220772616,0.981413046010619,0.520828519760026,23.6412691430162,0.982477821991802,0,1.35454706575458,0.00106477598118249,0.0572958692513649
43,"ivw",-0.0888130588127386,0.1581497955925,0.574405241116617,-0.0888130588127386,0.1581497955925,0.574405241116617,4.16333634234434e-17,5.55111512312578e-17,1.11022302462516e-16,3.51003623009996e-16
43,"egger",0.0884193141406788,0.218645285415426,0.687000566981109,0.0884193141406787,0.218645285415426,0.687000566981109,4.16333634234434e-17,2.77555756156289e-17,1.11022302462516e-16,1.26943398586863e-16
43,"weighted_median",0.16076591035743,0.114045503205223,0.158638737831713,0.16076591035743,0.111499519251871,0.149343862668648,0,0.00254598395335222,0.00929487516306529,0.02283403525356
43,"simple_mode",-0.133084213773355,28.0376984689849,0.996224432735448,-0.133084213773355,28.3329186787021,0.996263772678855,0,0.295220209717169,3.93399434062136e-05,0.0104196893043386
43,"weighted_mode",-0.133084213773355,28.0960045630043,0.99623226790329,-0.133084213773355,26.4322946563308,0.995995120078569,0,1.66370990667351,0.000237147824720951,0.0629423184140781
44,"ivw",-0.0114841731925881,0.128299143161094,0.928675882620472,-0.011484173192588,0.128299143161094,0.928675882620472,1.38777878078145e-17,0,1.11022302462516e-16,0
44,"egger",0.0265760728874949,0.184685636522794,0.885942119315806,0.0265760728874948,0.184685636522794,0.885942119315806,1.04083408558608e-17,2.77555756156289e-17,1.11022302462516e-16,1.50285512929985e-16
44,"weighted_median",-0.13005963567436,0.0891117912358723,0.144424527213595,-0.13005963567436,0.090859386870794,0.152304545600581,0,0.00174759563492173,0.00788001838698546,0.0192340681035729
44,"simple_mode",0.611954890450267,26.0168427619607,0.981292146560054,0.611954890450267,26.459058467054,0.981604757861142,0,0.442215705093318,0.000312611301087395,0.016713206391828
44,"weighted_mode",-0.896511317308581,25.9907243414187,0.972568478468001,-0.896511317308581,24.8233228738164,0.971278972520498,0,1.16740146760229,0.00128950594750332,0.0470284124948341
45,"ivw",-0.213318396041043,0.201669771024318,0.290164468364454,-0.213318396041044,0.201669771024318,0.290164468364454,1.38777878078145e-16,8.32667268468867e-17,1.11022302462516e-16,4.12886504625655e-16
45,"egger",-0.295386766798324,0.295825767856185,0.321039896597558,-0.295386766798324,0.295825767856185,0.321039896597558,4.9960036108132e-16,2.22044604925031e-16,3.88578058618805e-16,7.50592507658013e-16
45,"weighted_median",-0.0696488726734676,0.165474428230283,0.673825078607413,-0.0696488726734676,0.15685336979677,0.657015036504158,0,0.00862105843351368,0.0168100421032549,0.0549625324893162
45,"simple_mode",-0.0625621355488235,22.685354083867,0.997806361166642,-0.0625621355488235,24.212083962238,0.99794468408651,0,1.52672987837101,0.000138322919867706,0.0630565250290786
45,"weighted_mode",-0.0625621355488235,22.6977678867776,0.997807560902688,-0.0625621355488235,21.8891049510688,0.997726564469051,0,0.808662935708863,8.09964336375701e-05,0.0369436273212889
46,"ivw",-0.074632661769203,0.159457133523427,0.639754437952892,-0.074632661769203,0.159457133523427,0.639754437952892,5.55111512312578e-17,1.66533453693773e-16,1.11022302462516e-16,1.04437757041021e-15
46,"egger",0.0405091462931092,0.243310534578873,0.868190220796389,0.0405091462931094,0.243310534578872,0.868190220796389,1.38777878078145e-16,1.38777878078145e-16,5.55111512312578e-16,5.70373487191356e-16
46,"weighted_median",-0.192933960032108,0.138117993572847,0.162450319256824,-0.192933960032108,0.138040406553876,0.162214309062251,0,7.75870189708705e-05,0.000236010194573394,0.000562060203296988
46,"simple_mode",0.160116807413216,16.4833083515639,0.992273455587346,0.160116807413216,16.8914865922773,0.992460159728398,0,0.408178240713429,0.000186704141052152,0.0241647316524554
46,"weighted_mode",0.160116807413216,16.4403241378146,0.992253254719208,0.160116807413216,16.8775106849199,0.992453916336701,0,0.437186547105266,0.000200661617493214,0.0259034969828752
47,"ivw",-0.058750368320734,0.203445678236772,0.772752275838221,-0.0587503683207342,0.203445678236772,0.772752275838221,1.38777878078145e-16,5.55111512312578e-17,4.44089209850063e-16,2.7285490511454e-16
47,"egger",-0.462977251950777,0.321825704715841,0.15416583178068,-0.462977251950777,0.32182570471584,0.15416583178068,2.77555756156289e-16,1.66533453693773e-16,0,5.17464737134083e-16
47,"weighted_median",-0.0147293556247247,0.139847636118469,0.916118474542588,-0.0147293556247247,0.132084123927042,0.911208004255494,0,0.00776351219142676,0.00491047028709413,0.0587770275534023
47,"simple_mode",-1.14286902183454,12.8997350921526,0.929621419184692,-1.14286902183454,13.8812418975542,0.934585902463878,0,0.981506805401652,0.00496448327918642,0.0707074203191133
47,"weighted_mode",-0.441848719189574,12.8442456089473,0.972642401468653,-0.441848719189574,13.2552481662387,0.973490349392916,0,0.411002557291445,0.000847947924263348,0.0310067795138136
48,"ivw",0.282555215213935,0.179036535841177,0.114519985374305,0.282555215213935,0.179036535841177,0.114519985374305,0,2.77555756156289e-17,5.55111512312578e-17,1.5502743887008e-16
48,"egger",-0.0789010537611952,0.25656120219694,0.759236847582535,-0.0789010537611946,0.25656120219694,0.759236847582537,5.96744875736022e-16,1.66533453693773e-16,1.66533453693773e-15,6.49098352625975e-16
48,"weighted_median",-0.0244834882276953,0.178734643069425,0.891044760430097,-0.0244834882276953,0.17761254005506,0.890360749030686,0,0.00112210301436488,0.000684011399410989,0.00631770152049529
48,"simple_mode",-0.174324113292906,14.0198331527185,0.990109847886802,-0.174324113292906,14.0496643894416,0.990130846262101,0,0.0298312367230658,2.09983752990084e-05,0.0021232704138815
48,"weighted_mode",-0.174324113292906,14.0424690735042,0.99012578960241,-0.174324113292906,14.2674182470744,0.990281464766568,0,0.224949173570138,0.00015567516415782,0.0157666348371238
49,"ivw",-0.167389129421126,0.220980783083786,0.448760701635428,-0.167389129421126,0.220980783083786,0.448760701635428,2.77555756156289e-17,0,1.11022302462516e-16,0
49,"egger",-0.229883951004593,0.317718846139252,0.471455363438876,-0.229883951004593,0.317718846139252,0.471455363438876,1.38777878078145e-16,5.55111512312578e-17,3.33066907387547e-16,1.74717842223712e-16
49,"weighted_median",0.0480267530871321,0.141300719762581,0.73393909345088,0.0480267530871321,0.143289093185382,0.737493967683254,0,0.00198837342280131,0.00355487423237466,0.0138766557774835
49,"simple_mode",-0.223857508262763,25.6698164617693,0.993063458167564,-0.223857508262763,23.8305513891436,0.992528104510698,0,1.83926507262574,0.000535353656865745,0.0771809700325966
49,"weighted_mode",-0.223857508262763,24.8465882887643,0.992833639784153,-0.223857508262763,23.9117951377068,0.992553490593639,0,0.934793151057498,0.000280149190514445,0.0390933907585805
50,"ivw",-0.0592115560300424,0.170520751167947,0.728411329141608,-0.0592115560300423,0.170520751167947,0.728411329141609,6.93889390390723e-17,2.77555756156289e-17,2.22044604925031e-16,1.62769489493348e-16
50,"egger",-0.0848220962794488,0.236918397674509,0.721269478368443,-0.0848220962794489,0.236918397674509,0.721269478368443,1.38777878078145e-17,5.55111512312578e-17,1.11022302462516e-16,2.34304941178616e-16
50,"weighted_median",0.13364331503559,0.0990333602352358,0.177183565917039,0.13364331503559,0.0966733054333498,0.166842130654213,0,0.00236005480188603,0.0103414352628266,0.0244126834321719
50,"simple_mode",-0.103323043652368,16.7716924590179,0.995099761701782,-0.103323043652368,17.4161220121649,0.995281077619818,0,0.644429553146935,0.00018131591803594,0.0370018970179936
50,"weighted_mode",-0.103323043652368,16.8409576227381,0.995119915632187,-0.103323043652368,17.2530013394844,0.995236462511662,0,0.412043716746293,0.000116546879475266,0.0238824369533497
51,"ivw",0.0577803037317924,0.147511892492886,0.69528041381936,0.0577803037317923,0.147511892492886,0.69528041381936,6.93889390390723e-18,5.55111512312578e-17,1.11022302462516e-16,3.7631644671588e-16
51,"egger",-0.0963555890091676,0.22761113009862,0.673187336190196,-0.0963555890091676,0.22761113009862,0.673187336190196,6.93889390390723e-17,1.11022302462516e-16,3.33066907387547e-16,4.87771851993404e-16
51,"weighted_median",-0.0613323181465158,0.150587516670327,0.68379730601096,-0.0613323181465158,0.15492094716906,0.69218301471751,1.38777878078145e-17,0.00433343049873355,0.00838570870655087,0.0279718822917124
51,"simple_mode",-0.0655558787182787,0.2602503648197,0.801759919436942,-0.0655558787182787,0.254935743184803,0.797717641758344,0,0.00531462163489721,0.00404227767859833,0.0208469066302901
51,"weighted_mode",-0.0655558787182787,0.198389302624079,0.741920260480073,-0.0655558787182787,0.194006419576738,0.736308433339496,0,0.00438288304734105,0.0056118271405764,0.022591433092282
52,"ivw",-0.0195383390768498,0.138205838301811,0.887576625542501,-0.0195383390768498,0.138205838301811,0.887576625542501,5.55111512312578e-17,2.77555756156289e-17,3.33066907387547e-16,2.00827808410068e-16
52,"egger",0.113785951547231,0.223323166412244,0.611795670350687,0.113785951547231,0.223323166412244,0.611795670350689,4.57966997657877e-16,1.38777878078145e-16,1.33226762955019e-15,6.21421773243029e-16
52,"weighted_median",0.212685297903403,0.126586118455636,0.0929256285444186,0.212685297903403,0.134343473950242,0.113388251318568,0,0.00775735549460563,0.0204626227741496,0.057742704327259
52,"simple_mode",0.393292026165703,0.469657684981856,0.404830976496249,0.393292026165703,0.53000514350317,0.46020144309505,0,0.0603474585213142,0.0553704665988012,0.113862024286097
52,"weighted_mode",0.102492464194394,0.435330147383272,0.814464439882385,0.102492464194394,0.460492048567255,0.824429195612278,0,0.0251619011839825,0.00996475572989253,0.0546413369400615
53,"ivw",0.145330098536438,0.132292907510537,0.27196530427415,0.145330098536438,0.132292907510537,0.271965304274149,1.94289029309402e-16,5.55111512312578e-17,3.88578058618805e-16,4.19607916069396e-16
53,"egger",0.187104650296076,0.21310515415324,0.382577269494147,0.187104650296076,0.21310515415324,0.382577269494147,8.32667268468867e-17,0,3.33066907387547e-16,0
53,"weighted_median",0.0106700687562092,0.148373056379243,0.942670515964129,0.0106700687562092,0.146330114100163,0.941871536028613,8.67361737988404e-18,0.00204294227908039,0.000798979935516031,0.0139611883148126
53,"simple_mode",0.224221514468181,0.297320336340816,0.452951269399648,0.224221514468181,0.295449288337713,0.450104967392464,0,0.00187104800310306,0.00284630200718405,0.00633289053979498
53,"weighted_mode",-0.00769915738720084,0.225203315570173,0.972811674498183,-0.00769915738720084,0.231321875703319,0.973530544614437,0,0.00611856013314591,0.000718870116254156,0.026450417257524
54,"ivw",0.0154074747016251,0.177732390268464,0.930918579250614,0.0154074747016251,0.177732390268464,0.930918579250614,3.98986399474666e-17,0,1.11022302462516e-16,0
54,"egger",-0.27862409831147,0.275589864929109,0.31505976853331,-0.27862409831147,0.275589864929109,0.31505976853331,5.55111512312578e-17,5.55111512312578e-17,0,2.01426678900319e-16
54,"weighted_median",-0.127744194322915,0.134329954153809,0.341617950567577,-0.127744194322915,0.134083767425382,0.340732307087946,0,0.000246186728426384,0.000885643479631493,0.00183606661084749
54,"simple_mode",0.0201838873927978,0.392143217364154,0.959077166314549,0.0201838873927982,0.372198478559396,0.956886383036759,4.02455846426619e-16,0.0199447388047578,0.00219078327779021,0.0535862985844392
54,"weighted_mode",0.0201838873927978,0.34291848667287,0.953209272051131,0.0201838873927982,0.340904947669044,0.952933230616225,4.02455846426619e-16,0.00201353900382567,0.00027604143490656,0.00590645286198793
55,"ivw",0.14834939955984,0.135991944273625,0.275330518830844,0.14834939955984,0.135991944273625,0.275330518830844,5.55111512312578e-17,8.32667268468867e-17,1.11022302462516e-16,6.12291612504254e-16
55,"egger",-0.0644322389205551,0.210909463948095,0.760781035925121,-0.064432238920555,0.210909463948095,0.760781035925121,6.93889390390723e-17,0,2.22044604925031e-16,0
55,"weighted_median",-0.0486507100511872,0.130354025838462,0.708984823176475,-0.0486507100511871,0.126897013348435,0.701432579146531,8.32667268468867e-17,0.00345701249002661,0.00755224402994426,0.0272426623669567
55,"simple_mode",0.438633715713781,0.229360303020882,0.0593569579509141,0.438633715713781,0.234206843463703,0.0646972098932706,0,0.00484654044282098,0.00534025194235651,0.0206934194199671
55,"weighted_mode",-0.0220619718406441,0.129895451654168,0.865556254183674,-0.0220619718406441,0.126357575367687,0.861830003780575,0,0.00353787628648056,0.00372625040309882,0.0279989250837214
56,"ivw",0.0378825478452592,0.177523739713737,0.831019453847461,0.0378825478452592,0.177523739713737,0.831019453847461,6.93889390390723e-18,2.77555756156289e-17,0,1.56348529274934e-16
56,"egger",-0.298929576578283,0.263017948669404,0.259125018653018,-0.298929576578283,0.263017948669404,0.259125018653018,2.77555756156289e-16,1.66533453693773e-16,2.22044604925031e-16,6.33163837434892e-16
56,"weighted_median",-0.00160569537778646,0.149742445967755,0.99144440982419,-0.00160569537778647,0.153511376070838,0.991654454391884,1.21430643318376e-17,0.0037689301030826,0.000210044567694134,0.0245514710345859
56,"simple_mode",0.390774575806718,0.255235855936942,0.129657553538936,0.390774575806718,0.237660533263198,0.103999440331123,0,0.0175753226737436,0.025658113207814,0.0739513727097454
56,"weighted_mode",0.0151226804699834,0.153826018554179,0.921928785093837,0.0151226804699834,0.157027419833206,0.923515437522908,0,0.00320140127902718,0.00158665242907119,0.0203875302952039
57,"ivw",-0.188596215643714,0.167659591743339,0.260641672523531,-0.188596215643714,0.167659591743339,0.260641672523531,5.55111512312578e-17,0,1.11022302462516e-16,0
57,"egger",0.219257208828699,0.253919513177056,0.390449046867107,0.2192572088287,0.253919513177056,0.390449046867104,1.27675647831893e-15,1.11022302462516e-16,2.66453525910038e-15,4.37234228568723e-16
57,"weighted_median",-0.116879475787611,0.137884952346913,0.396627683999539,-0.116879475787611,0.142195981104201,0.411099393963945,0,0.00431102875728773,0.0144717099644059,0.0303175147694829
57,"simple_mode",-0.383356826920112,0.28272407839849,0.178886523525361,-0.383356826920112,0.255483325295492,0.137368818289892,0,0.0272407531029986,0.041517705235469,0.106624387605304
57,"weighted_mode",-0.0274265813703675,0.19838060643424,0.890384120565358,-0.0274265813703675,0.20272489142504,0.892718500395191,0,0.0043442849908007,0.00233437982983242,0.021429460192396
58,"ivw",-0.145207979189484,0.184778521803759,0.431956074492999,-0.145207979189484,0.184778521803759,0.431956074492999,8.32667268468867e-17,2.77555756156289e-17,5.55111512312578e-17,1.50209966746602e-16
58,"egger",0.162080298801704,0.284467077701824,0.570431473234257,0.162080298801703,0.284467077701824,0.570431473234259,8.32667268468867e-16,2.77555756156289e-16,1.4432899320127e-15,9.7570431839997e-16
58,"weighted_median",-0.0952378483938262,0.146441617429801,0.515468184233024,-0.0952378483938263,0.140977361474549,0.49932372965369,2.77555756156289e-17,0.00546425595525199,0.0161444545793333,0.0387598114909992
58,"simple_mode",0.00996666491778209,0.300902582089829,0.973658334036362,0.00996666491778209,0.299348858140716,0.973521662696869,0,0.00155372394911257,0.000136671339493355,0.0051903453340791
58,"weighted_mode",0.00996666491778209,0.253570867904775,0.968743741578864,0.00996666491778209,0.265187335995745,0.970112247099232,0,0.01161646809097,0.00136850552036749,0.0438047618199853
59,"ivw",0.0189325776244786,0.208913890414517,0.92779149344497,0.0189325776244786,0.208913890414517,0.927791493444971,4.5102810375397e-17,1.11022302462516e-16,2.22044604925031e-16,5.31426140417138e-16
59,"egger",0.0579371392618895,0.322317776107881,0.857802093033332,0.0579371392618896,0.322317776107881,0.857802093033331,1.80411241501588e-16,1.11022302462516e-16,4.44089209850063e-16,3.44449827754321e-16
59,"weighted_median",-0.00382493688382238,0.149290872806053,0.979559874106557,-0.00382493688382235,0.1534465082066,0.980113316968096,3.46944695195361e-17,0.00415563540054714,0.000553442861539244,0.0270819808747424
59,"simple_mode",0.504628769460884,0.271264328578704,0.0664747826018741,0.504628769460884,0.262201002912357,0.057792139294998,0,0.00906332566634727,0.00868264330687601,0.0345663272286444
59,"weighted_mode",0.0355571678863545,0.184267940139568,0.847469803603016,0.0355571678863545,0.188640780920489,0.850962894318124,0,0.0043728407809217,0.00349309071510773,0.0231807817990577
60,"ivw",0.167409689189235,0.175118094233151,0.339081492335565,0.167409689189235,0.175118094233151,0.339081492335565,1.66533453693773e-16,2.77555756156289e-17,4.9960036108132e-16,1.58496332073345e-16
60,"egger",0.101678709889017,0.281551177834218,0.718948564789711,0.101678709889017,0.281551177834219,0.718948564789712,5.55111512312578e-17,5.55111512312578e-17,2.22044604925031e-16,1.97161850496479e-16
60,"weighted_median",-0.107368066805043,0.140174399029609,0.443699746030093,-0.107368066805043,0.137235243073117,0.434000028965459,0,0.002939155956492,0.00969971706463374,0.0214169180647426
60,"simple_mode",-0.158130402309458,0.323472421934324,0.626266937817155,-0.158130402309458,0.315647225327593,0.617749557946751,0,0.00782519660673026,0.00851737987040468,0.0247909564185426
60,"weighted_mode",-0.158130402309458,0.257198081047253,0.54039726292918,-0.158130402309458,0.233340402585923,0.499905044808804,0,0.0238576784613298,0.0404922181203755,0.102244095737105
61,"ivw",-0.230442086049918,0.129189268814564,0.0744633816832159,-0.230442086049918,0.129189268814564,0.0744633816832161,1.38777878078145e-16,0,1.66533453693773e-16,0
61,"egger",0.0616204212196084,0.185391212829559,0.740471322927664,0.0616204212196085,0.185391212829559,0.740471322927664,1.66533453693773e-16,0,7.7715611723761e-16,0
61,"weighted_median",-0.0941052262005443,0.100990088738018,0.351426272474045,-0.0941052262005443,0.0998765441019987,0.346082328731855,0,0.0011135446360193,0.0053439437421906,0.0111492107184055
61,"simple_mode",-0.0937893284989425,0.246274799334442,0.704324887204459,-0.0937893284989425,0.232132973194107,0.687253396761948,0,0.0141418261403353,0.0170714904425109,0.060921229525243
61,"weighted_mode",-0.0937893284989425,0.186343518752794,0.616109415890025,-0.0937893284989425,0.189963206806872,0.62283749276745,0,0.00361968805407839,0.00672807687742483,0.0190546796662491
62,"ivw",0.14129543049758,0.16676561810413,0.396844894016786,0.14129543049758,0.16676561810413,0.396844894016786,5.55111512312578e-17,2.77555756156289e-17,1.66533453693773e-16,1.66434640012535e-16
62,"egger",0.272586703587528,0.254091378579478,0.28659078276789,0.272586703587528,0.254091378579478,0.28659078276789,2.77555756156289e-16,1.11022302462516e-16,3.33066907387547e-16,4.36938486788479e-16
62,"weighted_median",0.106856544891703,0.117187807783447,0.361852886290255,0.106856544891703,0.122503890747643,0.383060760858167,8.32667268468867e-17,0.0053160829641959,0.0212078745679124,0.0433952173416843
62,"simple_mode",0.144262405066518,0.234745396072891,0.540575468865343,0.144262405066518,0.238356026829169,0.546712090822578,0,0.00361063075627796,0.00613662195723508,0.0151480573170727
62,"weighted_mode",0.048312977069213,0.152668118281367,0.752469352436645,0.048312977069213,0.148625253408517,0.745969444432003,0,0.00404286487284941,0.00649990800464206,0.0272017357759319
63,"ivw",-0.408610426028385,0.17176164175684,0.0173625604891586,-0.408610426028385,0.17176164175684,0.0173625604891586,5.55111512312578e-17,2.77555756156289e-17,0,1.61593562635608e-16
63,"egger",-0.142751564777624,0.259624873800566,0.583962452978093,-0.142751564777624,0.259624873800566,0.583962452978092,1.94289029309402e-16,0,4.44089209850063e-16,0
63,"weighted_median",-0.130371265001874,0.133843490138225,0.330027954426136,-0.130371265001874,0.144304362916266,0.366288994640305,0,0.0104608727780411,0.0362610402141686,0.0724917290554211
63,"simple_mode",-0.424668626649497,0.233938783679513,0.0731791998967055,-0.424668626649497,0.247331167892639,0.0898000472580969,0,0.0133923842131257,0.0166208473613913,0.0541475800532309
63,"weighted_mode",-0.214742381725964,0.21327073018996,0.316981134231652,-0.214742381725964,0.196195090439482,0.27696453771782,0,0.0170756397504784,0.040016596513832,0.0870339808821339
64,"ivw",0.345178646256807,0.158266343442781,0.029183532753157,0.345178646256806,0.158266343442781,0.0291835327531572,3.88578058618805e-16,2.77555756156289e-17,2.08166817117217e-16,1.75372571399955e-16
64,"egger",0.512071890951349,0.248431541931713,0.0425304345622516,0.512071890951349,0.248431541931713,0.0425304345622518,5.55111512312578e-16,8.32667268468867e-17,2.35922392732846e-16,3.35169705905437e-16
64,"weighted_median",-0.0565360509863251,0.1451320691497,0.696870077849172,-0.0565360509863251,0.147145606002046,0.700816573335498,6.93889390390723e-18,0.0020135368523459,0.00394649548632575,0.0136839753972531
64,"simple_mode",0.102750298778778,0.398599986887523,0.797232049288219,0.102750298778778,0.388566927279103,0.792117215426433,0,0.0100330596084206,0.00511483386178557,0.0258206731043118
64,"weighted_mode",-0.0165587791227572,0.356432937194431,0.96306041255471,-0.0165587791227572,0.320990236430709,0.958985142427827,0,0.0354427007637226,0.00407527012688325,0.110416756465343
65,"ivw",-0.350390224692173,0.181655836340017,0.0537471864283631,-0.350390224692173,0.181655836340017,0.053747186428363,5.55111512312578e-17,5.55111512312578e-17,9.0205620750794e-17,3.0558418793302e-16
65,"egger",-0.407806006642806,0.266450526883012,0.129834657023598,-0.407806006642806,0.266450526883012,0.129834657023598,2.77555756156289e-16,5.55111512312578e-17,1.11022302462516e-16,2.08335678223788e-16
65,"weighted_median",-0.276222875801997,0.17656805214672,0.11772390659177,-0.276222875801997,0.171216399088702,0.10668003251047,0,0.00535165305801799,0.0110438740813007,0.0312566616661845
65,"simple_mode",-0.0439132496794558,0.312100057268488,0.888454310314753,-0.0439132496794558,0.294945510051044,0.882013663272217,0,0.0171545472174439,0.00644064704253622,0.0581617506720988
65,"weighted_mode",-0.315585393803792,0.242032440056832,0.195962125239974,-0.315585393803792,0.258529130819445,0.225742887205482,0,0.016496690762613,0.0297807619655087,0.0638097947040797
66,"ivw",0.469483250791831,0.187394829993843,0.0122342063192242,0.469483250791831,0.187394829993843,0.0122342063192242,1.66533453693773e-16,5.55111512312578e-17,0,2.96225628172782e-16
66,"egger",0.2319656377364,0.289904008651871,0.425995690392034,0.2319656377364,0.289904008651871,0.425995690392034,1.11022302462516e-16,5.55111512312578e-17,3.33066907387547e-16,1.91481144015218e-16
66,"weighted_median",0.26340747118648,0.154310889171693,0.0878235178438843,0.26340747118648,0.160634081024975,0.101047140018168,0,0.00632319185328192,0.0132236221742835,0.0393639494989783
66,"simple_mode",0.307582689774013,0.335309735226418,0.361703913791414,0.307582689774013,0.33422957895783,0.360162413901828,0,0.00108015626858798,0.00154149988958596,0.00323177940132064
66,"weighted_mode",0.307582689774013,0.258068078996228,0.236793949301547,0.307582689774013,0.264879554588475,0.248964234393565,0,0.00681147559224715,0.0121702850920185,0.0257153693981013
67,"ivw",-0.0655288025307283,0.151316242059715,0.664972185856338,-0.0655288025307283,0.151316242059715,0.664972185856338,2.77555756156289e-17,5.55111512312578e-17,0,3.66855206524036e-16
67,"egger",-0.128156638659971,0.219875761097207,0.561627384653573,-0.128156638659971,0.219875761097207,0.561627384653573,1.11022302462516e-16,5.55111512312578e-17,2.22044604925031e-16,2.5246598785719e-16
67,"weighted_median",-0.435247593832198,0.125118153554768,0.000503866229639951,-0.435247593832198,0.124322771479942,0.000463605794845175,1.11022302462516e-16,0.00079538207482592,4.02604347947755e-05,0.00639771833717724
67,"simple_mode",-0.422324616250558,0.293649626381382,0.154232065013785,-0.422324616250558,0.280493396077844,0.136047142745175,0,0.013156230303538,0.01818492226861,0.0469038861074888
67,"weighted_mode",-0.245789972495868,0.228125328882347,0.284484827629874,-0.245789972495868,0.202435421744059,0.22821289745147,0,0.0256899071382878,0.056271930178404,0.126904209337276
68,"ivw",-0.128024263095466,0.193338022134122,0.507856892370914,-0.128024263095466,0.193338022134122,0.507856892370913,2.77555756156289e-17,5.55111512312578e-17,2.22044604925031e-16,2.87119680953128e-16
68,"egger",-0.220783278022772,0.292483703761695,0.452551497947547,-0.220783278022772,0.292483703761695,0.452551497947547,1.66533453693773e-16,0,4.44089209850063e-16,0
68,"weighted_median",-0.2322291283528,0.130223626130892,0.0745358124446446,-0.2322291283528,0.13495254325596,0.0852833671070513,2.77555756156289e-17,0.00472891712506865,0.0107475546624067,0.0350413338717112
68,"simple_mode",-0.545138835569043,0.219420563690179,0.0150362150991222,-0.545138835569043,0.229724861758509,0.020013285059858,0,0.0103042980683294,0.00497706996073582,0.0448549538323869
68,"weighted_mode",-0.164980024818786,0.163896692826185,0.317119933587328,-0.164980024818786,0.157572695774189,0.298209722674998,0,0.00632399705199638,0.0189102109123309,0.0401338380417064
69,"ivw",0.0112372579971491,0.141915095299628,0.936887094155608,0.0112372579971492,0.141915095299628,0.936887094155608,3.98986399474666e-17,2.77555756156289e-17,2.22044604925031e-16,1.95578740633813e-16
69,"egger",-0.0588006864063355,0.217674130743734,0.787754556975738,-0.0588006864063354,0.217674130743734,0.787754556975738,1.38777878078145e-16,1.66533453693773e-16,2.22044604925031e-16,7.65058544737371e-16
69,"weighted_median",0.0350143624284994,0.121214772161212,0.772686852221721,0.0350143624284994,0.122764253948861,0.775478457244754,1.38777878078145e-17,0.00154948178764946,0.00279160502303299,0.0126216039100023
69,"simple_mode",-0.113723321945363,0.280792030450083,0.686538487300832,-0.113723321945363,0.268544026157014,0.673066651868263,0,0.0122480042930687,0.0134718354325688,0.0456089247947277
69,"weighted_mode",0.0647591563602701,0.208687957723662,0.757117915883667,0.0647591563602701,0.213755090178141,0.762697356511076,0,0.00506713245447851,0.00557944062740934,0.0237053183166568
70,"ivw",0.116452306202625,0.196970711362683,0.554375465105618,0.116452306202625,0.196970711362683,0.554375465105618,5.55111512312578e-17,2.77555756156289e-17,2.22044604925031e-16,1.40912196659139e-16
70,"egger",-0.259968372347541,0.307725922835613,0.40073920384541,-0.259968372347541,0.307725922835613,0.400739203845409,2.22044604925031e-16,5.55111512312578e-17,4.44089209850063e-16,1.80391533867986e-16
70,"weighted_median",-0.170297796956822,0.162190299389485,0.293723831561759,-0.170297796956822,0.163862919931105,0.29867923932826,0,0.00167262054162001,0.00495540776650105,0.0102074376699942
70,"simple_mode",-0.0499056098523294,0.375011009790193,0.894461973357634,-0.0499056098523331,0.383844586432943,0.896876780332465,3.67761376907083e-15,0.0088335766427502,0.00241480697483021,0.0230134198969441
70,"weighted_mode",-0.0499056098523294,0.283892996950803,0.860897494265335,-0.0499056098523331,0.263175005061471,0.85007426053961,3.67761376907083e-15,0.0207179918893325,0.0108232337257252,0.0787232506540406
71,"ivw",-0.0716729928156315,0.154224631180233,0.642123986080976,-0.0716729928156316,0.154224631180233,0.642123986080975,4.16333634234434e-17,2.77555756156289e-17,2.22044604925031e-16,1.79968500512689e-16
71,"egger",-0.437055510640392,0.240128998013712,0.0724860183583192,-0.437055510640391,0.240128998013712,0.0724860183583196,7.21644966006352e-16,5.55111512312578e-17,4.16333634234434e-16,2.31172210313758e-16
71,"weighted_median",-0.142357065308213,0.17409011558055,0.413516772683954,-0.142357065308213,0.17342660788485,0.411732258789371,0,0.000663507695699755,0.00178451389458384,0.00382587022713553
71,"simple_mode",-0.300800160108601,0.275388040290306,0.277949283573111,-0.300800160108601,0.281981282532853,0.289259350301752,0,0.00659324224254665,0.0113100667286411,0.0233818435866519
71,"weighted_mode",-0.0789703169837699,0.199586527251067,0.693389025593677,-0.0789703169837699,0.191322224453307,0.680872402134317,0,0.00826430279775955,0.0125166234593597,0.043195728156383
72,"ivw",0.230988925894071,0.180436548686253,0.200486388347606,0.230988925894071,0.180436548686253,0.200486388347606,8.32667268468867e-17,2.77555756156289e-17,8.32667268468867e-17,1.53824576105647e-16
72,"egger",-0.0995532594856708,0.284222471242537,0.72706017724881,-0.0995532594856711,0.284222471242537,0.727060177248809,3.88578058618805e-16,5.55111512312578e-17,9.99200722162641e-16,1.95308805065903e-16
72,"weighted_median",-0.152651981619301,0.127351382541172,0.230657204235332,-0.152651981619301,0.126448057806174,0.227343297506444,0,0.000903324734997712,0.00331390672888882,0.00714384032993512
72,"simple_mode",0.288053295871103,0.397047698106334,0.470243662975527,0.288053295871103,0.383794220759049,0.455103718624043,0,0.013253477347285,0.0151399443514837,0.0345327694645139
72,"weighted_mode",-0.0793311515518599,0.355302123463492,0.823881272030431,-0.0793311515518599,0.302525545757144,0.793810186748515,0,0.0527765777063482,0.0300710852819153,0.174453293107073
73,"ivw",-0.355460401811497,0.193133449112618,0.0656961639381357,-0.355460401811497,0.193133449112618,0.0656961639381358,5.55111512312578e-17,8.32667268468867e-17,1.66533453693773e-16,4.3113571071955e-16
73,"egger",0.0783313321357626,0.319176819894511,0.806762260092545,0.0783313321357636,0.319176819894511,0.806762260092543,1.02695629777827e-15,5.55111512312578e-17,2.44249065417534e-15,1.73919745329891e-16
73,"weighted_median",-0.210009567721676,0.158084736492353,0.184025523851036,-0.210009567721676,0.149272080985465,0.159459672139893,0,0.00881265550688878,0.024565851711143,0.0590375336681139
73,"simple_mode",-0.562497831363536,0.770035319613489,0.467202518059563,-0.562497831363536,0.731407654557902,0.444093260692926,0,0.0386276650555868,0.0231092573666369,0.0528127711200059
73,"weighted_mode",-0.0779598678298857,0.738351141645762,0.916171527135549,-0.0779598678298857,0.737610079984158,0.916087623210008,0,0.00074106166160326,8.3903925541251e-05,0.00100467941221624
74,"ivw",-0.0984564335615325,0.198161499200215,0.619295214867035,-0.0984564335615325,0.198161499200215,0.619295214867035,4.16333634234434e-17,2.77555756156289e-17,2.22044604925031e-16,1.40065430104491e-16
74,"egger",0.162557064905135,0.301346341855146,0.591084298861705,0.162557064905135,0.301346341855146,0.591084298861705,1.11022302462516e-16,2.22044604925031e-16,0,7.36841879539941e-16
74,"weighted_median",0.220710007451337,0.12201562938386,0.0704717167019368,0.220710007451337,0.12060560414844,0.0672477668297297,0,0.00141002523542058,0.00322394987220709,0.0116912082599839
74,"simple_mode",0.0946749032940344,0.264034343748345,0.72084936786562,0.0946749032940344,0.268868006891082,0.725659691306927,0,0.00483366314273714,0.0048103234413065,0.0179778293394917
74,"weighted_mode",0.0946749032940344,0.196617334235097,0.631446328991724,0.0946749032940344,0.213965688875784,0.659323350735041,0,0.0173483546406869,0.0278770217433175,0.0810800775200849
75,"ivw",0.040729626948587,0.163842339009987,0.803677661768796,0.040729626948587,0.163842339009987,0.803677661768796,2.77555756156289e-17,2.77555756156289e-17,1.11022302462516e-16,1.69404171005743e-16
75,"egger",-0.240054849256593,0.227799234573334,0.295146845101964,-0.240054849256593,0.227799234573334,0.295146845101963,2.77555756156289e-16,2.77555756156289e-17,4.44089209850063e-16,1.21842268994515e-16
75,"weighted_median",0.0630882362929903,0.086418145939164,0.465369037647938,0.0630882362929903,0.0865370663675348,0.465982471924969,0,0.000118920428370764,0.000613434277030811,0.00137421377176911
75,"simple_mode",-0.134042016174947,0.344066708821592,0.697868485893066,-0.134042016174947,0.345165191514346,0.698782046097796,0,0.00109848269275425,0.000913560204730102,0.00318248398088716
75,"weighted_mode",0.0328635032739644,0.267025747042579,0.902354620678738,0.0328635032739644,0.290364253143281,0.91016768424057,0,0.0233385061007021,0.00781306356183198,0.0803766505279342
76,"ivw",-0.119014699443915,0.0998175992124611,0.233135090268605,-0.119014699443915,0.0998175992124611,0.233135090268606,4.16333634234434e-17,2.77555756156289e-17,3.33066907387547e-16,2.78062945158111e-16
76,"egger",-0.333482088959598,0.164577512492439,0.0460674587529493,-0.333482088959598,0.164577512492439,0.0460674587529493,0,5.55111512312578e-17,0,3.37294873343089e-16
76,"weighted_median",-0.258722254267894,0.0968917962949394,0.00758019314595367,-0.258722254267894,0.0982079821193642,0.00842781743504887,0,0.00131618582442483,0.000847624289095193,0.013402024927313
76,"simple_mode",0.0426500656358333,12.5492014462735,0.997296648941506,0.0426500656358333,13.793593502092,0.997540531522912,0,1.24439205581852,0.000243882581405175,0.0902152187992046
76,"weighted_mode",0.0426500656358333,12.6395295663737,0.997315968305902,0.0426500656358333,13.6140103353844,0.997508088644334,0,0.974480769010635,0.000192120338432078,0.071579258793263
77,"ivw",0.0330250513528574,0.102715825312896,0.747817397015464,0.0330250513528574,0.102715825312896,0.747817397015464,6.93889390390723e-18,0,0,0
77,"egger",0.164787468222549,0.162233158384627,0.312813140072529,0.164787468222548,0.162233158384627,0.312813140072529,1.94289029309402e-16,8.32667268468867e-17,3.33066907387547e-16,5.13253441380187e-16
77,"weighted_median",0.151440562428112,0.10012132012636,0.130388773996914,0.151440562428112,0.101553143375759,0.135897324862476,2.77555756156289e-17,0.0014318232493998,0.00550855086556201,0.0140992509124201
77,"simple_mode",0.136898843761032,1.71103386072381,0.936427104394005,0.136898843761032,1.68325442741772,0.935380255623226,0,0.0277794333060928,0.00104684877077854,0.0165034072411199
77,"weighted_mode",0.136898843761032,1.73438974793162,0.937281388283045,0.136898843761032,1.81275655767414,0.939987428606715,0,0.0783668097425152,0.00270604032366939,0.0432307412767349
78,"ivw",-0.0331323580912361,0.101262795616038,0.743522809680136,-0.0331323580912362,0.101262795616038,0.743522809680135,4.85722573273506e-17,2.77555756156289e-17,4.44089209850063e-16,2.74094502791241e-16
78,"egger",-0.0241673175722487,0.162901857627293,0.882435859980401,-0.0241673175722487,0.162901857627293,0.882435859980401,1.73472347597681e-17,8.32667268468867e-17,2.22044604925031e-16,5.11146576593342e-16
78,"weighted_median",-0.083313506043898,0.112921342383735,0.460635241774984,-0.083313506043898,0.107311279501319,0.437529188683453,0,0.00561006288241685,0.0231060530915317,0.0522784082762513
78,"simple_mode",-0.00111561455205017,0.315711635038306,0.997189249163132,-0.00111561455205017,0.323772887257602,0.99725923056175,0,0.00806125221929566,6.99813986182463e-05,0.0248978606194469
78,"weighted_mode",-0.060857525904781,0.270997257360924,0.822880276939996,-0.060857525904781,0.265532213151286,0.819298378720725,0,0.00546504420963811,0.00358189821927157,0.0205814735047774
79,"ivw",-0.240645974985673,0.161630574128617,0.13652313315007,-0.240645974985673,0.161630574128617,0.13652313315007,5.55111512312578e-17,8.32667268468867e-17,8.32667268468867e-17,5.15166931106905e-16
79,"egger",-0.328211401421475,0.269088997367441,0.22615731841692,-0.328211401421475,0.269088997367441,0.22615731841692,2.22044604925031e-16,2.22044604925031e-16,1.11022302462516e-16,8.25171623876652e-16
79,"weighted_median",-0.0577367296783447,0.144620689346211,0.689724698508366,-0.0577367296783448,0.145462876724842,0.691428459541455,1.38777878078145e-17,0.000842187378631204,0.00170376103308878,0.00578970660826602
79,"simple_mode",0.00800489973222507,3.9628740395366,0.998393262205758,0.00800489973222507,4.25214692149625,0.998502568188063,0,0.289272881959655,0.000109305982304964,0.0680298417012047
79,"weighted_mode",0.00800489973222507,3.93715122048591,0.998382764826876,0.00800489973222507,4.02614436741743,0.998418511844393,0,0.0889931469315259,3.57470175171848e-05,0.0221038141731143
80,"ivw",0.0118195848704569,0.120041274673547,0.921564909889107,0.0118195848704569,0.120041274673547,0.921564909889107,1.90819582357449e-17,5.55111512312578e-17,1.11022302462516e-16,4.62433870201903e-16
80,"egger",-0.231572277583311,0.189462893910339,0.225199576176169,-0.231572277583311,0.189462893910339,0.225199576176169,2.77555756156289e-17,5.55111512312578e-17,0,2.9299220594365e-16
80,"weighted_median",0.0371118193962161,0.127659111350212,0.771272888391628,0.0371118193962158,0.12288545431496,0.762649505923295,2.63677968348475e-16,0.00477365703525216,0.00862338246833283,0.0388463961163142
80,"simple_mode",0.133152827159679,3.04488234035767,0.965227217089979,0.133152827159679,2.87741987159037,0.963204903535933,0,0.1674624687673,0.00202231355404647,0.0581988295906021
80,"weighted_mode",-0.129045696389561,3.1172771663692,0.96708133385122,-0.129045696389561,2.91238594699975,0.964766934132874,0,0.204891219369451,0.00231439971834568,0.0703516714810834
81,"ivw",0.210043883290328,0.126883482131264,0.0978418411583305,0.210043883290328,0.126883482131264,0.0978418411583305,2.77555756156289e-17,0,2.77555756156289e-17,0
81,"egger",0.0900059125448032,0.203263561910109,0.659102546441976,0.0900059125448032,0.203263561910108,0.659102546441976,6.93889390390723e-17,1.66533453693773e-16,5.55111512312578e-16,8.19298117817209e-16
81,"weighted_median",0.0768712794846069,0.115850834692424,0.506986888704095,0.0768712794846069,0.117780190256813,0.513970784077486,4.16333634234434e-17,0.00192935556438904,0.00698389537339095,0.0163809852928765
81,"simple_mode",0.104653179412672,4.34568243284769,0.980846346503161,0.104653179412672,4.7138586004627,0.982342084246063,0,0.368176167615007,0.00149573774290257,0.0781050512586161
81,"weighted_mode",0.104653179412672,4.32627933720285,0.980760460473401,0.104653179412672,4.72036730672705,0.982366427926211,0,0.394087969524195,0.00160596745281039,0.0834867170108936
82,"ivw",-0.310509169161777,0.129051418322352,0.0161243458531472,-0.310509169161777,0.129051418322352,0.0161243458531472,5.55111512312578e-17,0,2.08166817117217e-17,0
82,"egger",-0.127585383918766,0.21242579245819,0.549796556340463,-0.127585383918766,0.21242579245819,0.549796556340464,2.22044604925031e-16,2.77555756156289e-17,6.66133814775094e-16,1.30660101555661e-16
82,"weighted_median",-0.0771062321105479,0.126123442822054,0.5409644046793,-0.0771062321105478,0.123706821127161,0.533088616689847,1.38777878078145e-17,0.00241662169489255,0.00787578798945376,0.0195350723013766
82,"simple_mode",-0.332264283034942,0.817542285582983,0.685506956187321,-0.332264283034942,0.911783836065083,0.716500552631537,0,0.0942415504821003,0.0309935964442163,0.103359531891694
82,"weighted_mode",-0.0565263800148599,0.781160730463996,0.942492180379529,-0.0565263800148599,0.79633849811057,0.943586366993546,0,0.0151777676465745,0.00109418661401728,0.0190594422881551
83,"ivw",-0.0572690348576041,0.134150572173134,0.66945132069923,-0.0572690348576043,0.134150572173134,0.669451320699229,1.87350135405495e-16,2.77555756156289e-17,9.99200722162641e-16,2.06898674869666e-16
83,"egger",0.320604262904479,0.195051907848942,0.10416553485035,0.320604262904479,0.195051907848942,0.10416553485035,1.66533453693773e-16,2.77555756156289e-17,5.55111512312578e-17,1.42298406212587e-16
83,"weighted_median",-0.0832675472708329,0.109998561391659,0.449057289890668,-0.0832675472708329,0.106643317321788,0.434917678867638,1.38777878078145e-17,0.00335524406987056,0.0141396110230295,0.0314623002559679
83,"simple_mode",-0.00650021143100343,2.20298443012734,0.997652989147059,-0.00650021143100343,2.32633935092229,0.997777439844091,0,0.123354920794943,0.000124450697031819,0.0530253338774665
83,"weighted_mode",-0.00650021143100343,2.20926689565609,0.997659663293887,-0.00650021143100343,2.04370053105966,0.99747006615806,0,0.165566364596426,0.000189597135827002,0.0810130261651296
84,"ivw",0.111854232590673,0.16638423022953,0.501415244182155,0.111854232590673,0.16638423022953,0.501415244182155,8.32667268468867e-17,0,2.22044604925031e-16,0
84,"egger",-0.157612322223813,0.260453668886021,0.546795229835117,-0.157612322223813,0.260453668886021,0.546795229835117,0,1.66533453693773e-16,2.22044604925031e-16,6.3939761112235e-16
84,"weighted_median",-0.156688831228004,0.124761426415004,0.209149450664948,-0.156688831228004,0.121301235065254,0.196449559534747,0,0.00346019134974992,0.0126998911302007,0.0285256069147895
84,"simple_mode",0.192294177898731,7.13018686366622,0.978550774698516,0.192294177898731,6.77502093760514,0.977426643136733,0,0.35516592606108,0.00112413156178315,0.0524228529080569
84,"weighted_mode",0.192294177898731,7.2203644697879,0.978818596907585,0.192294177898731,7.49704641101623,0.979600129466766,0,0.276681941228321,0.000781532559180453,0.0369054593048487
85,"ivw",-0.253052486618349,0.132916009729988,0.0569293878180788,-0.253052486618349,0.132916009729988,0.0569293878180789,5.55111512312578e-17,2.77555756156289e-17,1.2490009027033e-16,2.08820409761119e-16
85,"egger",-0.304046195858386,0.216380127691187,0.163848535580331,-0.304046195858386,0.216380127691187,0.163848535580331,1.66533453693773e-16,2.77555756156289e-17,2.4980018054066e-16,1.28272295204674e-16
85,"weighted_median",-0.16281987089994,0.106249526137143,0.125416569019956,-0.16281987089994,0.106608449154025,0.126693921674385,0,0.000358923016881937,0.00127735265442913,0.0033667408139797
85,"simple_mode",-0.117548733043974,0.536420079547538,0.827095670410657,-0.117548733043974,0.556361430918796,0.833198493051408,0,0.0199413513712586,0.00610282264075046,0.0358424402969967
85,"weighted_mode",-0.196443588612967,0.510454829568423,0.701364367649344,-0.196443588612967,0.517715385010476,0.705351727622972,0,0.0072605554420534,0.00398735997362842,0.014024221903134
86,"ivw",-0.0267510209761684,0.12663423809662,0.832695042226059,-0.0267510209761683,0.12663423809662,0.83269504222606,3.81639164714898e-17,5.55111512312578e-17,1.11022302462516e-16,4.38358157048363e-16
86,"egger",-0.357484702584959,0.188521602178948,0.0615367336735031,-0.357484702584959,0.188521602178948,0.061536733673503,3.33066907387547e-16,5.55111512312578e-17,1.52655665885959e-16,2.94455121268095e-16
86,"weighted_median",-0.0856078201047989,0.134316731998536,0.523891793628352,-0.0856078201047989,0.134862779848164,0.525573724197666,0,0.000546047849628084,0.00168193056931398,0.00404891438722275
86,"simple_mode",-0.0082378020651499,0.837288181423709,0.992174195776284,-0.0082378020651499,0.847558718229606,0.992269024170716,0,0.0102705368058971,9.48283944322004e-05,0.0121177879301983
86,"weighted_mode",-0.100840255489032,0.829043346536612,0.903489757709558,-0.100840255489032,0.78618962431242,0.898257548258769,0,0.0428537222241921,0.00523220945078873,0.0545081248835748
87,"ivw",0.0470535935381973,0.11737660722683,0.688510613044158,0.0470535935381973,0.11737660722683,0.688510613044158,0,2.77555756156289e-17,0,2.36465989871315e-16
87,"egger",0.187134016951922,0.198202178236847,0.347932104582361,0.187134016951923,0.198202178236847,0.34793210458236,4.44089209850063e-16,1.66533453693773e-16,6.66133814775094e-16,8.40220098362239e-16
87,"weighted_median",0.00596421772644111,0.0811346538526294,0.941400195333172,0.00596421772644118,0.080228188516997,0.94073931220746,7.28583859910259e-17,0.000906465335632406,0.000660883125711775,0.0112985890917924
87,"simple_mode",-0.0614050098852628,0.365724664012107,0.867080803552879,-0.0614050098852628,0.36772274196901,0.86779625281925,0,0.00199807795690288,0.000715449266370682,0.0054336534808915
87,"weighted_mode",-0.0614050098852628,0.304848518997644,0.840868950809269,-0.0614050098852628,0.299649006037925,0.838146269878821,0,0.00519951295971871,0.00272268093044747,0.0173520113697979
88,"ivw",0.111372024147965,0.136881130681814,0.415850960559516,0.111372024147965,0.136881130681814,0.415850960559516,9.71445146547012e-17,2.77555756156289e-17,3.88578058618805e-16,2.02771378913781e-16
88,"egger",-0.0709065853664378,0.21795065257954,0.745778237235154,-0.0709065853664378,0.217950652579539,0.745778237235154,1.38777878078145e-17,1.38777878078145e-16,1.11022302462516e-16,6.3673990619275e-16
88,"weighted_median",0.0502055744780907,0.111470610188336,0.652427143551,0.0502055744780907,0.110649504901926,0.650019433363839,0,0.000821105286409649,0.00240771018716091,0.00742077686779922
88,"simple_mode",-0.0169887327287317,2.60626234890563,0.994815111506542,-0.0169887327287317,2.91725230537889,0.995367833220072,0,0.310989956473263,0.000552721713530824,0.106603722927857
88,"weighted_mode",-0.0169887327287317,2.61111949890295,0.994824756190005,-0.0169887327287317,2.60351349202604,0.994809637245789,0,0.00760600687691548,1.51189442159083e-05,0.0029214393934239
89,"ivw",0.0524971113954272,0.142088575378236,0.711779289905137,0.0524971113954272,0.142088575378236,0.711779289905137,1.38777878078145e-17,0,2.22044604925031e-16,0
89,"egger",-0.173523750026262,0.224690564100548,0.44222487370455,-0.173523750026262,0.224690564100547,0.442224873704551,4.16333634234434e-16,1.11022302462516e-16,8.88178419700125e-16,4.9411199311794e-16
89,"weighted_median",0.184012092808513,0.124779301636074,0.140293093903976,0.184012092808513,0.119427004965227,0.123367582284681,0,0.00535229667084687,0.0169255116192945,0.0448164690423684
89,"simple_mode",-0.291469914914738,25.2216798872375,0.990808008385486,-0.291469914914738,27.3996956693253,0.991538655380852,0,2.17801578208783,0.000730646995365625,0.0794905099813272
89,"weighted_mode",-0.291469914914738,25.2216798872375,0.990808008385486,-0.291469914914738,24.3718365780933,0.990487499839342,0,0.849843309144173,0.000320508546143738,0.0348698919927954
90,"ivw",0.00625808264928335,0.140615780975245,0.964501995085175,0.00625808264928339,0.140615780975245,0.964501995085174,3.72965547335014e-17,2.77555756156289e-17,2.22044604925031e-16,1.97385922285033e-16
90,"egger",0.209330908659585,0.226676743023059,0.358535331908579,0.209330908659585,0.226676743023059,0.358535331908578,3.33066907387547e-16,1.11022302462516e-16,6.66133814775094e-16,4.89782502527054e-16
90,"weighted_median",-0.206857618134402,0.107848819304915,0.0551067990604502,-0.206857618134402,0.108438441772345,0.0564424024329892,0,0.000589622467429843,0.00133560337253893,0.00543739339843792
90,"simple_mode",0.232759521739027,11.2146011447692,0.983492103392219,0.232759521739027,10.3937325378611,0.982188567351218,0,0.820868606908078,0.00130353604100097,0.0789772686489588
90,"weighted_mode",0.232759521739027,11.1605202284887,0.983412122222474,0.232759521739027,11.582414735335,0.984016259009819,0,0.421894506846307,0.000604136787345277,0.0364254360154462
91,"ivw",-0.137472574546298,0.138793189038043,0.321937107782566,-0.137472574546298,0.138793189038043,0.321937107782566,0,5.55111512312578e-17,2.22044604925031e-16,3.99955874030981e-16
91,"egger",-0.478755850058946,0.22982125867879,0.0404297355193835,-0.478755850058945,0.22982125867879,0.0404297355193836,4.9960036108132e-16,1.38777878078145e-16,9.71445146547012e-17,6.03851353334148e-16
91,"weighted_median",-0.212061013432619,0.117372794348634,0.0708043017299651,-0.212061013432619,0.116060293198222,0.0676753429672667,0,0.00131250115041186,0.00312895876269841,0.0113087871333411
91,"simple_mode",0.183605482162786,2.68661028784339,0.94568265538854,0.183605482162789,2.59891041715387,0.943852758632032,3.5527136788005e-15,0.0876998706895185,0.00182989675650724,0.0337448609658354
91,"weighted_mode",-0.297679210816275,2.71288834550717,0.912896668668655,-0.297679210816271,2.73202724820497,0.913504411991389,3.5527136788005e-15,0.0191389026978079,0.000607743322733723,0.00700538499767262
92,"ivw",0.102485320552819,0.144574635805651,0.478402155124738,0.102485320552819,0.144574635805651,0.478402155124739,2.77555756156289e-17,2.77555756156289e-17,2.77555756156289e-16,1.91980947840257e-16
92,"egger",-0.187684884137511,0.208311340296362,0.37030200796529,-0.187684884137511,0.208311340296362,0.37030200796529,2.22044604925031e-16,2.77555756156289e-17,3.33066907387547e-16,1.33240828733286e-16
92,"weighted_median",0.140363116539774,0.126929918758424,0.268799410053647,0.140363116539774,0.126042150899071,0.26544205039045,0,0.000887767859352906,0.00335735966319611,0.00704342041944198
92,"simple_mode",0.758643129181466,12.3327398775898,0.951100948734982,0.758643129181466,11.4847341885327,0.947495488512807,0,0.848005689057139,0.00360546022217534,0.0738376417892073
92,"weighted_mode",0.0296578256637445,12.3911490428989,0.998096175164726,0.0296578256637445,10.805607934333,0.99781682157577,0,1.58554110856584,0.000279353588955811,0.146733170239135
93,"ivw",-0.362577212666507,0.135875500288304,0.007620172914376,-0.362577212666508,0.135875500288304,0.00762017291437597,1.66533453693773e-16,0,2.86229373536173e-17,0
93,"egger",-0.125664175918125,0.214142523947944,0.558973679377115,-0.125664175918125,0.214142523947944,0.558973679377114,2.77555756156289e-17,0,2.22044604925031e-16,0
93,"weighted_median",-0.115226731345851,0.093801189279858,0.219291446149949,-0.115226731345851,0.0937629690932494,0.219103628144136,1.38777878078145e-17,3.82201866086507e-05,0.000187818005812718,0.000407625600791714
93,"simple_mode",-0.364404951342217,0.529811936808064,0.493543295141623,-0.364404951342217,0.527967190142576,0.492038979693381,0,0.00184474666548751,0.00150431544824181,0.00349405550179991
93,"weighted_mode",-0.170933035390159,0.482733559471587,0.724188575454276,-0.170933035390159,0.45028875968507,0.705230155507187,0,0.0324447997865165,0.0189584199470892,0.0720533193171606
94,"ivw",-0.117902068997853,0.149139515120496,0.429207317683311,-0.117902068997853,0.149139515120496,0.429207317683311,0,0,0,0
94,"egger",0.18998129460475,0.224481206111421,0.399902783356347,0.189981294604749,0.22448120611142,0.399902783356348,4.16333634234434e-16,1.38777878078145e-16,7.7715611723761e-16,6.18216021207863e-16
94,"weighted_median",-0.0566599560320723,0.118116934617258,0.631445168331884,-0.0566599560320723,0.115537212770729,0.623847772776522,6.93889390390723e-18,0.00257972184652848,0.00759739555536187,0.0223280602384588
94,"simple_mode",-0.32314230617966,4.78624551873599,0.946338275396511,-0.32314230617966,5.1710982404025,0.950326512984891,0,0.384852721666511,0.00398823758838063,0.0744237884826097
94,"weighted_mode",0.0775644040721185,4.74085520824528,0.986986748146257,0.0775644040721185,4.76406405127528,0.987050138444016,0,0.0232088430299999,6.3390297758481e-05,0.00487164798378124
95,"ivw",-0.314710469186122,0.158280660736408,0.0467778005240536,-0.314710469186122,0.158280660736408,0.0467778005240535,5.55111512312578e-17,8.32667268468867e-17,9.0205620750794e-17,5.26070124167313e-16
95,"egger",-0.209138111104619,0.256508783546665,0.417306886702915,-0.209138111104619,0.256508783546665,0.417306886702915,2.77555756156289e-16,5.55111512312578e-17,3.33066907387547e-16,2.16410332869397e-16
95,"weighted_median",-0.207355941488436,0.118012539130917,0.0789063848490936,-0.207355941488436,0.11957193002244,0.0828910579130525,0,0.00155939089152352,0.00398467306395894,0.0130414461925208
95,"simple_mode",-0.0854766048184549,10.9688499908095,0.993801574338825,-0.0854766048184549,10.6427195056496,0.993611636774478,0,0.326130485159903,0.000189937564346265,0.0306435291268156
95,"weighted_mode",-0.0854766048184549,11.1121060019274,0.993881482133968,-0.0854766048184549,10.6076295882428,0.993590504604236,0,0.50447641368461,0.000290977529732173,0.0475578836428978
96,"ivw",-0.0192709435934402,0.130881532734137,0.882942910554521,-0.0192709435934402,0.130881532734137,0.88294291055452,3.46944695195361e-17,0,2.22044604925031e-16,0
96,"egger",0.0776880077015358,0.215937401618799,0.719966416398537,0.0776880077015357,0.215937401618799,0.719966416398537,4.16333634234434e-17,1.11022302462516e-16,0,5.14141142897084e-16
96,"weighted_median",-0.0104302529469438,0.1346597798302,0.93826052690962,-0.0104302529469438,0.12767993652019,0.934892739010755,0,0.00697984331001053,0.00336778789886505,0.0546667197700777
96,"simple_mode",0.169487299349158,1.12157552849128,0.88026042498222,0.169487299349158,1.0349731118832,0.87032792803217,0,0.086602416608083,0.00993249695004983,0.0836760062785636
96,"weighted_mode",0.0495321321538941,1.13129227130056,0.965184596604779,0.0495321321538941,1.0773127311556,0.963441359758909,0,0.0539795401449603,0.00174323684586986,0.0501057293614807
97,"ivw",0.426945594329883,0.146399547050192,0.00354205118366505,0.426945594329883,0.146399547050192,0.00354205118366505,5.55111512312578e-17,2.77555756156289e-17,0,1.89587851703619e-16
97,"egger",0.560282419234999,0.230901752662249,0.0174941559980514,0.560282419234999,0.230901752662249,0.0174941559980514,3.33066907387547e-16,0,6.59194920871187e-17,0
97,"weighted_median",0.455055838693424,0.110855562160663,4.04413403979594e-05,0.455055838693424,0.108934970358558,2.94968579330856e-05,0,0.00192059180210553,1.09444824648738e-05,0.0176306267471679
97,"simple_mode",0.451921392323405,1.27821267803348,0.724589271477263,0.451921392323405,1.27574230317776,0.724078121592181,0,0.0024703748557271,0.000511149885082052,0.00193642152460855
97,"weighted_mode",0.33390808447133,1.25833703201128,0.791408907185798,0.33390808447133,1.12270681865541,0.766912323940576,0,0.135630213355866,0.0244965832452227,0.120806439492637
98,"ivw",0.205129221409896,0.168279502482016,0.222852068937245,0.205129221409896,0.168279502482016,0.222852068937245,8.32667268468867e-17,8.32667268468867e-17,8.32667268468867e-17,4.94812057432755e-16
98,"egger",0.28447875279143,0.279917934219531,0.312553464679244,0.284478752791431,0.27991793421953,0.312553464679244,5.55111512312578e-17,5.55111512312578e-17,5.55111512312578e-17,1.98312235284368e-16
98,"weighted_median",0.168540803652595,0.117170967738787,0.150315549929253,0.168540803652595,0.112003225262028,0.132379291788962,2.77555756156289e-17,0.00516774247675937,0.0179362581402902,0.046139229157639
98,"simple_mode",-0.137878987550109,17.734227567107,0.993815835123301,-0.137878987550109,16.3477484616415,0.993291358151045,0,1.38647910546548,0.00052447697225555,0.0848116245927521
98,"weighted_mode",-0.137878987550109,17.646866440917,0.993785220934193,-0.137878987550109,15.5268790231503,0.992936697294599,0,2.11998741776673,0.00084852363959409,0.136536609488995
99,"ivw",0.107912475344697,0.203354638769596,0.595653377645105,0.107912475344698,0.203354638769596,0.595653377645105,2.77555756156289e-17,2.77555756156289e-17,1.11022302462516e-16,1.36488529514571e-16
99,"egger",0.366066231625548,0.315128804036329,0.248835856073036,0.366066231625549,0.31512880403633,0.248835856073036,2.22044604925031e-16,5.55111512312578e-17,3.33066907387547e-16,1.76153847316535e-16
99,"weighted_median",-0.0805251842829357,0.147142466624711,0.584200129683129,-0.0805251842829357,0.141697122730978,0.569837462447172,1.38777878078145e-17,0.00544534389373294,0.0143626672359568,0.038429459884456
99,"simple_mode",-0.299119682047589,13.9810996665952,0.982983517167164,-0.299119682047589,13.8866548365286,0.98286780405325,0,0.0944448300666121,0.000115713113914229,0.0068011217372651
99,"weighted_mode",-0.299119682047589,13.9601770262539,0.982958017874625,-0.299119682047589,13.7069825350744,0.982643269613307,0,0.253194491179505,0.000314748261318387,0.0184719350543865
100,"ivw",0.0842760873154702,0.140296003986956,0.548038500345691,0.0842760873154701,0.140296003986956,0.548038500345692,1.11022302462516e-16,2.77555756156289e-17,5.55111512312578e-16,1.97835824448781e-16
100,"egger",0.065766699470484,0.238670594733156,0.78360094382842,0.0657666994704841,0.238670594733156,0.78360094382842,8.32667268468867e-17,1.11022302462516e-16,1.11022302462516e-16,4.65169589017211e-16
100,"weighted_median",-0.0891283244797954,0.0950439795246554,0.348368398494413,-0.0891283244797955,0.0944406878973415,0.34529782113476,8.32667268468867e-17,0.000603291627313929,0.00307057735965355,0.00638804778687885
100,"simple_mode",-0.144658087190902,1.05937807441313,0.891725314013883,-0.144658087190902,1.19309431919246,0.903796351269122,0,0.13371624477933,0.0120710372552393,0.112075166756167
100,"weighted_mode",0.00816005903064168,1.07939656850247,0.993986770766996,0.00816005903064168,1.15771848993338,0.994393570424891,0,0.0783219214309139,0.000406799657895585,0.0676519569411221
101,"ivw",-0.0714612887101647,0.128632783440123,0.578521997549006,-0.0714612887101647,0.128632783440123,0.578521997549006,4.16333634234434e-17,2.77555756156289e-17,3.33066907387547e-16,2.15773731029842e-16
101,"egger",0.00467138089878257,0.208735074555692,0.98220098078613,0.0046713808987825,0.208735074555692,0.98220098078613,6.59194920871187e-17,2.77555756156289e-17,2.22044604925031e-16,1.32970348537297e-16
101,"weighted_median",0.0824904081443628,0.112581796685667,0.463732072880989,0.0824904081443628,0.119381685178387,0.489577839565933,0,0.00679988849271972,0.0258457666849434,0.0569592268911177
101,"simple_mode",-0.0671233705474088,0.564375491622029,0.905622205374347,-0.0671233705474088,0.56714297349757,0.906080561891351,0,0.0027674818755411,0.000458356517003877,0.00487968996331567
101,"weighted_mode",0.100141934707761,0.548505412553975,0.855589742218688,0.100141934707761,0.532208603220181,0.851219525894767,0,0.016296809333794,0.00437021632392098,0.0306210933742681
102,"ivw",-0.0242660359712884,0.12413131237887,0.84501185190549,-0.0242660359712884,0.12413131237887,0.84501185190549,3.12250225675825e-17,2.77555756156289e-17,2.22044604925031e-16,2.23598502937874e-16
102,"egger",-0.00772145719152634,0.212699218631394,0.97113179853621,-0.00772145719152611,0.212699218631393,0.971131798536211,2.32452945780892e-16,1.94289029309402e-16,7.7715611723761e-16,9.13444960256785e-16
102,"weighted_median",-0.0172376106952355,0.121455237987245,0.887138752500055,-0.0172376106952355,0.12450029649266,0.889881326004625,0,0.00304505850541512,0.00274257350457008,0.0244582430018119
102,"simple_mode",0.0487966954378785,0.320627708871131,0.879414633601977,0.0487966954378785,0.323895212435942,0.880621782384273,0,0.00326750356481115,0.001207148782296,0.0100881502391993
102,"weighted_mode",-0.013017796935909,0.266798059513932,0.961204613224062,-0.013017796935909,0.282064711504669,0.963302847746038,0,0.0152666519907365,0.00209823452197622,0.0541246436298141
103,"ivw",0.0437290278369541,0.104248256621326,0.674872593677452,0.0437290278369541,0.104248256621326,0.674872593677452,6.93889390390723e-18,0,0,0
103,"egger",0.103132511657508,0.160056583911102,0.521191568826819,0.103132511657508,0.160056583911102,0.521191568826818,6.93889390390723e-17,0,3.33066907387547e-16,0
103,"weighted_median",0.175877978245503,0.0989562343189134,0.0755138037925119,0.175877978245503,0.104651388637642,0.0928390487782552,5.55111512312578e-17,0.00569515431872851,0.0173252449857434,0.0544202460461191
103,"simple_mode",0.0169107125982052,0.698640539419661,0.980748486564932,0.0169107125982052,0.683702343492741,0.980327946613462,0,0.01493819592692,0.000420539951469845,0.0218489757554541
103,"weighted_mode",0.0169107125982052,0.666555962904603,0.979822014334486,0.0169107125982052,0.685704077664302,0.980385362238847,0,0.0191481147596991,0.000563347904360523,0.0279247497330378
104,"ivw",0.00781461545592191,0.160095187979645,0.961068874343772,0.00781461545592194,0.160095187979645,0.961068874343772,2.94902990916057e-17,8.32667268468867e-17,1.11022302462516e-16,5.2010761783467e-16
104,"egger",-0.219208519518596,0.248841106705129,0.381001294607269,-0.219208519518597,0.248841106705129,0.381001294607269,2.4980018054066e-16,2.22044604925031e-16,3.33066907387547e-16,8.92314810302419e-16
104,"weighted_median",-0.0426222737902396,0.145412384569384,0.769435709372005,-0.0426222737902396,0.14838329432655,0.773925174024247,0,0.00297090975716685,0.00448946465224154,0.0200218614275317
104,"simple_mode",-0.164263427495322,0.835902629162341,0.844703027336861,-0.164263427495322,0.888090982445518,0.853720877781053,0,0.0521883532831767,0.00901785044419146,0.058764647220566
104,"weighted_mode",-0.164263427495322,0.820332258194074,0.841794688079471,-0.164263427495322,0.853316717369492,0.847832422648712,0,0.0329844591754176,0.0060377345692405,0.0386544157685066
105,"ivw",-0.270908573317136,0.115919946763989,0.0194375434432431,-0.270908573317136,0.115919946763989,0.0194375434432432,2.22044604925031e-16,1.38777878078145e-17,1.14491749414469e-16,1.1971872136958e-16
105,"egger",-0.241056807417433,0.172427364510919,0.165971412784444,-0.241056807417433,0.172427364510919,0.165971412784444,2.22044604925031e-16,1.11022302462516e-16,2.22044604925031e-16,6.43878671911646e-16
105,"weighted_median",-0.214230736021501,0.101099430682769,0.0340895955919033,-0.214230736021501,0.104749738560398,0.0408383708542272,0,0.00365030787762899,0.00674877526232386,0.0348478948758832
105,"simple_mode",-0.150726768787868,0.830294297109785,0.85640183611497,-0.150726768787868,0.753167489455111,0.841885322660633,0,0.0771268076546735,0.0145165134543369,0.102403261870042
105,"weighted_mode",-0.150726768787868,0.80803716162311,0.852492060895107,-0.150726768787868,0.809449149751649,0.852746372536415,0,0.00141198812853904,0.00025431164130818,0.00174438150805676
106,"ivw",0.0255725962764345,0.159945887296384,0.872973397989006,0.0255725962764346,0.159945887296384,0.872973397989006,7.97972798949331e-17,8.32667268468867e-17,4.44089209850063e-16,5.20593109672093e-16
106,"egger",0.170989199692434,0.268733988446863,0.526412314209608,0.170989199692434,0.268733988446863,0.526412314209608,3.88578058618805e-16,0,8.88178419700125e-16,0
106,"weighted_median",-0.101703904273151,0.133667076428165,0.446731877357937,-0.101703904273151,0.129813692441807,0.433356723043804,1.38777878078145e-17,0.00385338398635784,0.0133751543141336,0.0296839563983995
106,"simple_mode",0.00961582175675108,0.755731331379287,0.989879387561637,0.00961582175675108,0.767387251869654,0.990033102332365,0,0.0116559204903675,0.000153714770728786,0.0151890984140916
106,"weighted_mode",-0.236968697343587,0.747541074142796,0.752061059248094,-0.236968697343587,0.753686757459759,0.754016020025859,0,0.0061456833169633,0.00195496077776525,0.00815416120309296
107,"ivw",0.100507087006321,0.129845386416008,0.438900013982385,0.100507087006322,0.129845386416008,0.438900013982385,6.93889390390723e-17,0,3.33066907387547e-16,0
107,"egger",0.164895671643196,0.221572022370557,0.458931071034818,0.164895671643196,0.221572022370557,0.458931071034817,3.88578058618805e-16,2.77555756156289e-17,9.99200722162641e-16,1.25266607754342e-16
107,"weighted_median",0.102525146522222,0.124723344674268,0.411065227991504,0.102525146522222,0.126812753832747,0.41881626018534,0,0.00208940915847912,0.00775103219383627,0.016476332981735
107,"simple_mode",0.254901510380777,0.73597791998535,0.729982297693188,0.254901510380777,0.739615510000384,0.731257839080184,0,0.00363759001503405,0.00127554138699537,0.00491821759529105
107,"weighted_mode",0.254901510380777,0.729048976608246,0.72751956759206,0.254901510380777,0.740287599304155,0.731492221391062,0,0.0112386226959084,0.00397265379900269,0.0151814277403435
108,"ivw",0.103196376449553,0.151792207476412,0.496597590514401,0.103196376449553,0.151792207476412,0.496597590514402,1.52655665885959e-16,0,6.66133814775094e-16,0
108,"egger",0.459257492985507,0.235244806407707,0.0544064845556106,0.459257492985507,0.235244806407707,0.0544064845556107,3.88578058618805e-16,2.77555756156289e-17,1.38777878078145e-16,1.17985923002803e-16
108,"weighted_median",0.218312583174106,0.118559100463291,0.0655656114953465,0.218312583174106,0.121639458176327,0.0726933233157835,0,0.00308035771303691,0.007127711820437,0.0253236717691693
108,"simple_mode",0.164045325855151,1.20801089550354,0.892317984823333,0.164045325855151,1.17515291286488,0.889326605908179,0,0.0328579826386599,0.002991378915154,0.0279606017897331
108,"weighted_mode",0.164045325855151,1.21028038966471,0.892518658291138,0.164045325855151,1.21517255687949,0.892948708241222,0,0.00489216721477814,0.000430049950084443,0.00402590330655674
109,"ivw",-0.091341759357394,0.168419776125111,0.587580305314281,-0.091341759357394,0.168419776125111,0.587580305314281,4.16333634234434e-17,0,0,0
109,"egger",0.297100186274733,0.26117969579325,0.258711596139214,0.297100186274733,0.26117969579325,0.258711596139215,6.10622663543836e-16,2.22044604925031e-16,6.66133814775094e-16,8.50160286199284e-16
109,"weighted_median",0.00084506624200496,0.141824885777657,0.995245818011211,0.000845066242004998,0.143097986637994,0.995288114081518,3.81639164714898e-17,0.00127310086033725,4.22960703071462e-05,0.00889670700649273
109,"simple_mode",-0.0595580090516037,0.548856044443512,0.913857138661305,-0.0595580090516037,0.571651218534888,0.917279349118641,0,0.0227951740913757,0.00342221045733604,0.0398760176700025
109,"weighted_mode",0.157532863631412,0.522127490182992,0.763643816328831,0.157532863631412,0.552484522915704,0.776268259595418,0,0.0303570327327118,0.0126244432665867,0.0549463948284097
110,"ivw",0.0658859914396199,0.177106665622726,0.709883130611173,0.0658859914396199,0.177106665622726,0.709883130611173,2.77555756156289e-17,5.55111512312578e-17,0,3.1343343874763e-16
110,"egger",0.0281098969109473,0.289515263831332,0.92289539864662,0.0281098969109472,0.289515263831332,0.92289539864662,7.97972798949331e-17,1.11022302462516e-16,2.22044604925031e-16,3.8347650826174e-16
110,"weighted_median",0.182260128579061,0.135164135527573,0.177518328875267,0.182260128579061,0.139769241931237,0.192231052453617,0,0.00460510640366346,0.0147127235783501,0.0329479243074743
110,"simple_mode",0.329742149293087,1.00759187111144,0.744317279021521,0.329742149293087,1.06660992205812,0.75800146235101,0,0.0590180509466798,0.013684183329489,0.0553323663376385
110,"weighted_mode",0.13581790314802,1.00361093852323,0.892687308696528,0.13581790314802,0.993337686191776,0.891584411299995,0,0.0102732523314579,0.00110289739653302,0.0103421550136119
111,"ivw",-0.079175847435271,0.132043386270086,0.548759554644072,-0.0791758474352709,0.132043386270086,0.548759554644073,6.93889390390723e-17,2.77555756156289e-17,3.33066907387547e-16,2.10200422752387e-16
111,"egger",-0.0795666578533364,0.218554055371313,0.716774094887276,-0.0795666578533364,0.218554055371313,0.716774094887276,2.77555756156289e-17,0,0,0
111,"weighted_median",-0.236918196442118,0.112129310987091,0.0346091940730969,-0.236918196442118,0.109970318935751,0.0312101409240695,2.77555756156289e-17,0.00215899205134076,0.00339905314902745,0.0196324978615561
111,"simple_mode",-0.00486463562455791,0.580947419554157,0.993339481614661,-0.00486463562455791,0.642592330186795,0.993978422790471,0,0.061644910632638,0.000638941175809871,0.09593160038919
111,"weighted_mode",-0.213979436558665,0.55146328576718,0.699018242855816,-0.213979436558665,0.602739941652925,0.723503911498082,0,0.0512766558857447,0.0244856686422665,0.0850726031945487
112,"ivw",0.118996231879499,0.152226709157932,0.434388533284667,0.118996231879499,0.152226709157932,0.434388533284667,4.16333634234434e-17,5.55111512312578e-17,0,3.64661047580463e-16
112,"egger",0.0382511289694962,0.241620987428016,0.874611107182776,0.0382511289694961,0.241620987428016,0.874611107182776,1.17961196366423e-16,1.66533453693773e-16,4.44089209850063e-16,6.89234223675985e-16
112,"weighted_median",0.0471267022849196,0.09981207015978,0.636816626864342,0.0471267022849196,0.106090392108067,0.656888792294261,0,0.00627832194828705,0.0200721654299183,0.0591789871215836
112,"simple_mode",-0.037924894744216,1.84171722934258,0.983621653949349,-0.037924894744216,1.67001457775433,0.98193799266143,0,0.171702651588253,0.00168366128791864,0.102815061542242
112,"weighted_mode",-0.037924894744216,1.81316163618861,0.983363748162225,-0.037924894744216,1.74547854985672,0.982718757793319,0,0.0676830863318918,0.000644990368905751,0.0387762349399526
113,"ivw",-0.268091113390496,0.153903907389568,0.0815192382741033,-0.268091113390495,0.153903907389568,0.0815192382741035,2.22044604925031e-16,2.77555756156289e-17,1.94289029309402e-16,1.80343540891219e-16
113,"egger",-0.174182205034751,0.244970432779837,0.47913141740407,-0.174182205034751,0.244970432779837,0.479131417404071,3.05311331771918e-16,1.66533453693773e-16,4.44089209850063e-16,6.79810423666283e-16
113,"weighted_median",-0.0274145120806743,0.116762316443387,0.814372475503071,-0.0274145120806743,0.117752564173453,0.815905401941785,1.38777878078145e-17,0.000990247730065577,0.00153292643871461,0.00840956404657918
113,"simple_mode",0.0298884361836654,0.683611092387351,0.965234080561974,0.0298884361836654,0.673957026351583,0.964736405849781,0,0.00965406603576824,0.000497674712193419,0.0143244534269934
113,"weighted_mode",0.0298884361836654,0.668884228812967,0.964469147292644,0.0298884361836654,0.67808880573117,0.964951135250049,0,0.00920457691820298,0.000481987957405616,0.0135742941638417
114,"ivw",-0.015492393922633,0.154820276835222,0.920291168439278,-0.015492393922633,0.154820276835222,0.920291168439278,8.67361737988404e-18,2.77555756156289e-17,0,1.79276101186472e-16
114,"egger",0.287048676961413,0.235767784617203,0.226990872716908,0.287048676961413,0.235767784617203,0.226990872716908,2.77555756156289e-16,2.77555756156289e-17,4.71844785465692e-16,1.17724207574387e-16
114,"weighted_median",-0.063917012007405,0.148589233775071,0.667079906895544,-0.063917012007405,0.144343016067773,0.657900758766506,0,0.00424621770729863,0.00917914812903786,0.0294175487181515
114,"simple_mode",-0.159444451890892,0.757780851490109,0.833876306708661,-0.159444451890892,0.753171455840995,0.832874863495256,0,0.004609395649114,0.00100144321340545,0.00611998186251911
114,"weighted_mode",0.00844753151543806,0.749740037545167,0.991037905992742,0.00844753151543806,0.710499636639563,0.990542958765132,0,0.0392404009056038,0.000494947227609788,0.0552293046780409
115,"ivw",-0.0770863875741022,0.163187918072672,0.636656981808827,-0.0770863875741023,0.163187918072672,0.636656981808827,2.77555756156289e-17,2.77555756156289e-17,0,1.70083520541445e-16
115,"egger",0.217864358838134,0.261203705302145,0.406720464474206,0.217864358838134,0.261203705302145,0.406720464474206,8.32667268468867e-17,5.55111512312578e-17,2.22044604925031e-16,2.12520535139598e-16
115,"weighted_median",0.0908534508450362,0.111782030585012,0.416348041434532,0.0908534508450357,0.112247266660384,0.418282473156011,4.44089209850063e-16,0.000465236075372313,0.00193443172147917,0.00414474302327497
115,"simple_mode",0.0203107798202353,1.46706937416609,0.988988117136171,0.0203107798202353,1.49469207795934,0.989191609783117,0,0.0276227037932535,0.000203492646945858,0.0184805313419242
115,"weighted_mode",0.0203107798202353,1.46143196453388,0.988945642044794,0.0203107798202353,1.51753555590196,0.989354298679708,0,0.0561035913680736,0.000408656634913407,0.0369701989188175
116,"ivw",0.361518533012293,0.145317035811889,0.0128538950495917,0.361518533012293,0.145317035811889,0.0128538950495917,1.66533453693773e-16,2.77555756156289e-17,1.21430643318376e-17,1.91000149848626e-16
116,"egger",0.555874677569868,0.234499434598341,0.0201720974047701,0.555874677569869,0.234499434598342,0.02017209740477,7.7715611723761e-16,1.94289029309402e-16,4.85722573273506e-17,8.28526642898679e-16
116,"weighted_median",0.335146299585092,0.139839586292594,0.0165457987865045,0.335146299585092,0.144472461690946,0.0203520426276246,5.55111512312578e-17,0.00463287539835192,0.00380624384112004,0.0320675327611052
116,"simple_mode",0.155499769559076,0.568775588682734,0.785246338074776,0.155499769559076,0.617292421482481,0.801751650065324,0,0.0485168327997468,0.0165053119905475,0.0785961905756586
116,"weighted_mode",0.285939768107475,0.527112387276878,0.588987969128202,0.285939768107475,0.553805620118433,0.607039098266101,0,0.0266932328415552,0.0180511291378991,0.0481996423868844
117,"ivw",0.0868493741781898,0.152459660938891,0.568911868043212,0.0868493741781897,0.152459660938891,0.568911868043212,5.55111512312578e-17,2.77555756156289e-17,3.33066907387547e-16,1.82051930620217e-16
117,"egger",0.691853984847053,0.228813100567482,0.00335543423402875,0.691853984847053,0.228813100567482,0.00335543423402876,6.66133814775094e-16,1.11022302462516e-16,1.38777878078145e-17,4.85209553942356e-16
117,"weighted_median",0.272510903627414,0.110365126479853,0.0135424654890364,0.272510903627414,0.114398001332357,0.0172128227295079,0,0.00403287485250357,0.00367035724047151,0.0352530184577875
117,"simple_mode",0.0180025039675988,0.613177268933778,0.976650187854999,0.0180025039675988,0.650807742316329,0.977999942342343,0,0.0376304733825511,0.00134975448734409,0.0578211827176766
117,"weighted_mode",0.214133615736999,0.593055004516795,0.718988101721617,0.214133615736999,0.641547677534369,0.739410689437249,0,0.0484926730175735,0.0204225877156313,0.075587013585558
118,"ivw",0.0508326376897974,0.149089686968761,0.733138653168896,0.0508326376897974,0.149089686968761,0.733138653168896,1.38777878078145e-17,2.77555756156289e-17,1.11022302462516e-16,1.86166972242986e-16
118,"egger",0.314835932694712,0.245993113804882,0.20429461491157,0.314835932694712,0.245993113804882,0.20429461491157,2.77555756156289e-16,8.32667268468867e-17,3.05311331771918e-16,3.38492104754333e-16
118,"weighted_median",0.0961328064442799,0.101981105375146,0.345858363219668,0.0961328064442808,0.104977732816449,0.359800794152651,9.85322934354826e-16,0.0029966274413035,0.0139424309329838,0.0285453625345769
118,"simple_mode",0.360497189093959,1.54444664314932,0.816027955189802,0.360497189093959,1.58308877467321,0.820439609599499,0,0.0386421315238876,0.00441165440969693,0.0244093269702227
118,"weighted_mode",0.067761335622702,1.5236758640119,0.964637403442603,0.067761335622702,1.57534788876233,0.965796574133902,0,0.051672024750427,0.00115917069129934,0.0328003897545595
119,"ivw",-0.105275697771266,0.164510464776393,0.522216069680709,-0.105275697771266,0.164510464776393,0.522216069680709,4.16333634234434e-17,0,2.22044604925031e-16,0
119,"egger",-0.442103764787365,0.254860922764291,0.0866477143288682,-0.442103764787364,0.254860922764291,0.0866477143288685,5.55111512312578e-16,0,3.46944695195361e-16,0
119,"weighted_median",0.0505657140241227,0.128896246590629,0.694838188641886,0.0505657140241227,0.13631159254907,0.710669698114891,0,0.00741534595844134,0.0158315094730055,0.0543999656945678
119,"simple_mode",0.427881828184433,1.0793924583707,0.692845075702529,0.427881828184433,1.07274953340938,0.691042552987926,0,0.00664292496131424,0.00180252271460324,0.00619242866524665
119,"weighted_mode",0.159328991425483,1.07162630503149,0.882175974589947,0.159328991425483,0.968670182523757,0.869761336185066,0,0.102956122507736,0.0124146384048808,0.106286044894555
120,"ivw",0.0278642012849375,0.151532418240062,0.85410541941492,0.0278642012849374,0.151532418240062,0.85410541941492,2.77555756156289e-17,5.55111512312578e-17,1.11022302462516e-16,3.66331850807763e-16
120,"egger",-0.0366190196653865,0.250744570370817,0.884256288205404,-0.0366190196653865,0.250744570370816,0.884256288205404,4.16333634234434e-17,2.77555756156289e-16,0,1.10692628656255e-15
120,"weighted_median",-0.175479244853786,0.129269207066621,0.174631491196097,-0.175479244853786,0.126861098626187,0.166591533095122,0,0.0024081084404341,0.00803995810097513,0.0189822448844614
120,"simple_mode",0.0445832600995661,0.711693322330886,0.950204380676538,0.0445832600995661,0.752573161286097,0.952905989278574,0,0.0408798389552111,0.00270160860203617,0.0543200861499634
120,"weighted_mode",-0.16999138329028,0.684999493566043,0.804636518170515,-0.16999138329028,0.691094368962135,0.806324430388584,0,0.00609487539609121,0.00168791221806941,0.00881916518180335
121,"ivw",-0.116939846192624,0.153537406159357,0.446276386958748,-0.116939846192624,0.153537406159357,0.446276386958749,9.71445146547012e-17,2.77555756156289e-17,1.11022302462516e-16,1.80774029664285e-16
121,"egger",0.000489764586097109,0.24432016646669,0.998405550768953,0.000489764586097139,0.24432016646669,0.998405550768953,3.08997619158369e-17,1.11022302462516e-16,1.11022302462516e-16,4.54413174598308e-16
121,"weighted_median",0.0761167862639681,0.139030369471855,0.584046835499831,0.0761167862639681,0.138314821428666,0.582103013860158,6.93889390390723e-17,0.000715548043189823,0.0019438216396731,0.00517332875680904
121,"simple_mode",-0.188228545749335,0.5722378228254,0.743054441597982,-0.188228545749335,0.562663994595732,0.738843592126442,0,0.00957382822966835,0.00421084947154038,0.0170151783686586
121,"weighted_mode",-0.0351946829000399,0.533386765489171,0.947553613605602,-0.0351946829000399,0.493986825425683,0.943377432996897,0,0.0393999400634874,0.00417618060870462,0.0797590908007218
122,"ivw",-0.508694685026668,0.152236264220728,0.000833325213646644,-0.508694685026668,0.152236264220728,0.000833325213646644,1.11022302462516e-16,2.77555756156289e-17,0,1.82319079870392e-16
122,"egger",-0.556189013759992,0.24296295142672,0.0247048744087041,-0.556189013759992,0.24296295142672,0.024704874408704,5.55111512312578e-16,1.11022302462516e-16,1.04083408558608e-16,4.56951571466241e-16
122,"weighted_median",-0.442086194073955,0.119322765032883,0.000211423237702606,-0.442086194073955,0.117132686723295,0.000160499918512053,0,0.00219007830958835,5.0923319190553e-05,0.018697413769412
122,"simple_mode",-0.577362192773652,0.805260825090184,0.475444062492456,-0.577362192773652,0.782613957431573,0.462807019787757,0,0.0226468676586106,0.0126370427046989,0.0289374696727034
122,"weighted_mode",-0.357623197203169,0.788778883879787,0.651481391694367,-0.357623197203169,0.742690733587934,0.631442713270935,0,0.0460881502918524,0.0200386784234328,0.0620556420156219
123,"ivw",-0.179849303954446,0.214807570102483,0.402447699492383,-0.179849303954446,0.214807570102483,0.402447699492383,2.77555756156289e-17,2.77555756156289e-17,0,1.29211347637269e-16
123,"egger",-0.179186460808759,0.375789384404945,0.634785370681622,-0.179186460808759,0.375789384404945,0.634785370681623,1.11022302462516e-16,0,1.11022302462516e-16,0
123,"weighted_median",-0.0787868052348558,0.151759093197944,0.603651217689398,-0.0787868052348556,0.148749864177207,0.596347909034236,2.08166817117217e-16,0.00300922902073708,0.00730330865516149,0.0202301295357968
123,"simple_mode",-0.15618356363183,0.773849824295002,0.840558219860678,-0.15618356363183,0.859342818370279,0.856234800522124,0,0.0854929940752772,0.0156765806614458,0.0994864822835343
123,"weighted_mode",0.0695151408711672,0.748244517292973,0.926208987048842,0.0695151408711672,0.757353217568029,0.927093937441035,0,0.00910870027505584,0.000884950392192496,0.0120270173332137
124,"ivw",0.0242402626844478,0.193087887437649,0.900096021976809,0.0242402626844478,0.193087887437649,0.900096021976809,1.38777878078145e-17,2.77555756156289e-17,0,1.43745814322981e-16
124,"egger",0.15011014500781,0.304487863230077,0.623368595343665,0.15011014500781,0.304487863230077,0.623368595343665,1.38777878078145e-16,1.66533453693773e-16,4.44089209850063e-16,5.46929693443767e-16
124,"weighted_median",0.0844987689585055,0.127480091929525,0.50743371156196,0.0844987689585055,0.130724625741297,0.518028409164509,0,0.00324453381177203,0.0105946976025492,0.0248196068137379
124,"simple_mode",0.0720235684232932,0.92948280012292,0.938426595072671,0.0720235684232932,0.988390839689969,0.942089587658865,0,0.0589080395670489,0.00366299258619374,0.059599944881649
124,"weighted_mode",0.0720235684232932,0.923550353225387,0.938031885313185,0.0720235684232932,0.933102894559787,0.938664996338697,0,0.00955254133440009,0.000633111025511668,0.0102373933143855
125,"ivw",0.0989779906281088,0.168474776783071,0.556871699520225,0.0989779906281089,0.168474776783071,0.556871699520225,4.16333634234434e-17,2.77555756156289e-17,2.22044604925031e-16,1.64746178303991e-16
125,"egger",0.0369446903791605,0.269398449292588,0.891266487545697,0.0369446903791608,0.269398449292587,0.891266487545696,3.40005801291454e-16,1.11022302462516e-16,1.11022302462516e-15,4.1211188391785e-16
125,"weighted_median",-0.0572196375155678,0.118248639489289,0.62846211696149,-0.0572196375155678,0.113674167653912,0.614707426347389,0,0.00457447183537731,0.0137546906141012,0.0402419646414704
125,"simple_mode",0.486603059593581,0.88198383149351,0.58266307150299,0.486603059593581,0.898547700305642,0.589619218008758,0,0.0165638688121323,0.00695614650576781,0.0184340450779609
125,"weighted_mode",0.0461258458228727,0.820791426411793,0.955323426971029,0.0461258458228727,0.782320571050562,0.95312895829248,0,0.0384708553612316,0.00219446867854867,0.0491753084155386
126,"ivw",-0.0439457395487347,0.104302006070691,0.67351289926975,-0.0439457395487347,0.104302006070691,0.67351289926975,2.08166817117217e-17,5.55111512312578e-17,0,5.3221556633949e-16
126,"egger",-0.0086939341225826,0.161494384865948,0.957201406879238,-0.00869393412258266,0.161494384865948,0.957201406879237,5.72458747072346e-17,2.77555756156289e-17,3.33066907387547e-16,1.71867124907582e-16
126,"weighted_median",0.0140000680140858,0.0900429236593367,0.876441219344634,0.0140000680140858,0.0868167472561645,0.87188863213321,0,0.0032261764031721,0.00455258721142371,0.0371607610874067
126,"simple_mode",-0.475862186356651,11.5379387667567,0.967203460761623,-0.475862186356651,10.3282314229698,0.963364730706977,0,1.20970734378684,0.00383873005464619,0.117126281765576
126,"weighted_mode",-0.475862186356651,11.7277121330503,0.967733864655166,-0.475862186356651,11.0204088454361,0.96566424804045,0,0.707303287614197,0.00206961661471627,0.0641812202736118
127,"ivw",0.0598855500967602,0.110995800988792,0.589521292035273,0.0598855500967602,0.110995800988792,0.589521292035272,2.77555756156289e-17,1.38777878078145e-17,3.33066907387547e-16,1.25029845130951e-16
127,"egger",0.0940865990837843,0.16418189170371,0.568209221572599,0.0940865990837844,0.16418189170371,0.568209221572599,6.93889390390723e-17,2.77555756156289e-17,3.33066907387547e-16,1.69053817857806e-16
127,"weighted_median",0.104992288744414,0.099906399070082,0.293301513762696,0.104992288744414,0.0998039338112404,0.292806213610422,2.77555756156289e-17,0.000102465258841528,0.000495300152273337,0.00102666553239595
127,"simple_mode",-0.0613387326032893,9.99529225893337,0.995118691884106,-0.0613387326032893,11.2308364313011,0.995655696173405,0,1.23554417236768,0.000537004289298926,0.110013548850569
127,"weighted_mode",-0.0613387326032893,9.9833385412467,0.99511284724245,-0.0613387326032893,9.83852279609729,0.995040912921894,0,0.144815745149403,7.19343205556333e-05,0.0147192569606941
128,"ivw",0.0351893442585937,0.0873665056979837,0.687111228366336,0.0351893442585937,0.0873665056979838,0.687111228366336,3.46944695195361e-17,4.16333634234434e-17,4.44089209850063e-16,4.76536895814115e-16
128,"egger",-0.00490345814575059,0.126495088417194,0.96917510377859,-0.0049034581457507,0.126495088417194,0.96917510377859,1.15359111152458e-16,2.77555756156289e-17,7.7715611723761e-16,2.1942018431647e-16
128,"weighted_median",0.0315840997551512,0.0792480343200919,0.690226709690047,0.0315840997551512,0.0820664497255322,0.70034108945685,0,0.00281841540544034,0.0101143797668033,0.0343430892266744
128,"simple_mode",-0.0349354530098396,2.29625567415685,0.987898788364102,-0.0349354530098396,2.27334212011119,0.987776827055051,0,0.0229135540456618,0.00012196130905151,0.0100792370153864
128,"weighted_mode",-0.0349354530098396,2.33636648267888,0.988106526510136,-0.0349354530098396,2.05742380917165,0.986494173346822,0,0.278942673507233,0.00161235316331365,0.135578616454108
129,"ivw",0.0183402543157599,0.156824538084402,0.90690157269483,0.01834025431576,0.156824538084402,0.90690157269483,1.28369537222284e-16,2.77555756156289e-17,6.66133814775094e-16,1.76984902711405e-16
129,"egger",0.0409981613909537,0.234032437926889,0.861379620653984,0.0409981613909539,0.234032437926889,0.861379620653983,2.15105711021124e-16,2.77555756156289e-17,6.66133814775094e-16,1.18597130643487e-16
129,"weighted_median",-0.113391938405983,0.125320739458062,0.365564022947121,-0.113391938405983,0.123577642491088,0.358840635212684,2.77555756156289e-17,0.00174309696697399,0.00672338773443731,0.0141052777172027
129,"simple_mode",-0.029475452702016,5.31525829081227,0.995589035754338,-0.029475452702016,5.16647411143491,0.99546201013221,0,0.148784179377362,0.000127025622128407,0.0287980112100164
129,"weighted_mode",-0.029475452702016,5.3151817975646,0.995588972274763,-0.029475452702016,5.26455137201978,0.995546550832958,0,0.0506304255448233,4.24214418056623e-05,0.00961723458791108
130,"ivw",0.0624773224719497,0.110675506715182,0.572407759326103,0.0624773224719497,0.110675506715182,0.572407759326103,6.93889390390723e-18,5.55111512312578e-17,1.11022302462516e-16,5.01566723106251e-16
130,"egger",0.0213982964995002,0.161275625520021,0.894778416479017,0.0213982964995003,0.161275625520021,0.894778416479016,1.17961196366423e-16,0,5.55111512312578e-16,0
130,"weighted_median",0.163847536938481,0.0929710061098873,0.0780100277581005,0.163847536938481,0.0895893025923636,0.0674185014917092,1.94289029309402e-16,0.00338170351752366,0.0105915262663913,0.0377467333673821
130,"simple_mode",0.0671098657561324,4.1379726698203,0.987100313390128,0.0671098657561324,3.92207375554496,0.986390290952792,0,0.215898914275337,0.000710022437336533,0.0550471326476466
130,"weighted_mode",0.0671098657561324,4.12445111466171,0.987058026971373,0.0671098657561324,3.84351077144497,0.986112131081272,0,0.280940343216738,0.000945895890100634,0.0730947198857773
131,"ivw",0.0532774300110872,0.12037353763605,0.658054470238032,0.0532774300110871,0.12037353763605,0.658054470238032,6.2450045135165e-17,2.77555756156289e-17,2.22044604925031e-16,2.30578714896194e-16
131,"egger",-0.23133111069198,0.16545203505718,0.165924483207982,-0.231331110691979,0.16545203505718,0.165924483207983,2.77555756156289e-16,1.11022302462516e-16,1.66533453693773e-16,6.7102409725058e-16
131,"weighted_median",0.106650446400671,0.0901638385982469,0.236867941466306,0.106650446400671,0.091926232378011,0.245977874417208,0,0.0017623937797641,0.00910993295090196,0.0191718265197353
131,"simple_mode",0.398593226518367,9.20997930762408,0.965586114368224,0.398593226518367,9.33341093509135,0.966040946032242,0,0.123431627467269,0.000454831664017719,0.0132247072721503
131,"weighted_mode",0.398593226518367,9.20356759628375,0.965562154927781,0.398593226518367,8.65369648643184,0.963375432964557,0,0.549871109851914,0.00218672196322478,0.0635417605313589
132,"ivw",0.220762631215265,0.131140893118431,0.0922976069475902,0.220762631215265,0.131140893118431,0.0922976069475896,4.71844785465692e-16,2.77555756156289e-17,5.82867087928207e-16,2.11646992449284e-16
132,"egger",0.121106347450431,0.201292597139006,0.549112802133368,0.121106347450431,0.201292597139006,0.549112802133367,2.77555756156289e-16,0,8.88178419700125e-16,0
132,"weighted_median",0.0867801680927742,0.108234081159341,0.422678912069695,0.0867801680927742,0.109680098197965,0.428820512249371,0,0.00144601703862354,0.00614160017967608,0.0131839509845586
132,"simple_mode",0.144668613300225,1.59391955021841,0.927905137834123,0.144668613300225,1.59849157229521,0.928110774198436,0,0.00457202207679908,0.000205636364313477,0.00286021031079588
132,"weighted_mode",-0.0664787773569449,1.5780186583746,0.966500329262251,-0.0664787773569449,1.6398391528594,0.967762523451364,0,0.0618204944848046,0.00126219418911278,0.0376991209028079
133,"ivw",0.0686138574901266,0.11645008592161,0.555718668176974,0.0686138574901267,0.11645008592161,0.555718668176974,5.55111512312578e-17,4.16333634234434e-17,2.22044604925031e-16,3.57521105235333e-16
133,"egger",-0.178196734360842,0.167681225266065,0.291110348109772,-0.178196734360842,0.167681225266065,0.291110348109772,2.77555756156289e-17,2.77555756156289e-17,1.11022302462516e-16,1.65525839709176e-16
133,"weighted_median",0.0410321922125794,0.0962478143038842,0.669876018487224,0.0410321922125794,0.0860915117719278,0.633638895052335,1.38777878078145e-17,0.0101563025319564,0.0362371234348886,0.117971009254227
133,"simple_mode",-0.150643000901328,9.63407970534355,0.987562860994154,-0.150643000901328,8.60768792463476,0.98607998564702,0,1.02639178070879,0.0014828753471342,0.119241286358827
133,"weighted_mode",-0.150643000901328,9.65163624435856,0.987585482562662,-0.150643000901328,9.71345097445468,0.987664479982306,0,0.0618147300961205,7.89974196433452e-05,0.00636382787731019
134,"ivw",0.0701691204055684,0.14856910901143,0.636713005568683,0.0701691204055684,0.14856910901143,0.636713005568683,1.38777878078145e-17,0,0,0
134,"egger",-0.300885675658655,0.203770134902845,0.14371029064538,-0.300885675658655,0.203770134902845,0.14371029064538,1.66533453693773e-16,8.32667268468867e-17,2.77555756156289e-17,4.08630670468895e-16
134,"weighted_median",-0.101574451938559,0.117814690004313,0.388602565700508,-0.101574451938559,0.116275600034534,0.382354456233049,9.71445146547012e-17,0.00153908996977839,0.00624810946745913,0.0132365687153734
134,"simple_mode",0.0859409643983367,3.63767685105472,0.981209649141252,0.0859409643983367,3.56788485295253,0.980842159182927,0,0.0697919981021831,0.000367489958324363,0.0195611688657575
134,"weighted_mode",0.0859409643983367,3.64988156600932,0.981272469782933,0.0859409643983367,3.30661234480148,0.979328731694814,0,0.343269221207849,0.00194373808811954,0.103812961851281
135,"ivw",0.114445706556197,0.132561136324675,0.387949002324338,0.114445706556197,0.132561136324675,0.387949002324337,1.80411241501588e-16,2.77555756156289e-17,7.21644966006352e-16,2.09379433408361e-16
135,"egger",0.286557195418391,0.198877156323144,0.153522528274454,0.286557195418391,0.198877156323144,0.153522528274454,5.55111512312578e-17,0,5.55111512312578e-17,0
135,"weighted_median",0.149653225890456,0.117458013596672,0.202628066631659,0.149653225890456,0.114062244061727,0.189509598953569,1.11022302462516e-16,0.00339576953494493,0.0131184676780896,0.0297711969712541
135,"simple_mode",0.238038379651096,7.89429795983437,0.976019041796884,0.238038379651096,6.79862949726908,0.972155753417446,0,1.09566846256529,0.00386328837943872,0.161160196037365
135,"weighted_mode",0.238038379651096,7.9114200348994,0.976070926061749,0.238038379651096,7.46939560483689,0.974655321285497,0,0.442024430062509,0.00141560477625113,0.0591780718879411
136,"ivw",-0.151621892628821,0.107558896594365,0.158638951839368,-0.15162189262882,0.107558896594365,0.158638951839368,8.32667268468867e-17,1.38777878078145e-17,1.66533453693773e-16,1.29025010921704e-16
136,"egger",-0.000985759290736377,0.150889284086578,0.994803723173015,-0.000985759290736225,0.150889284086578,0.994803723173016,1.51571463713474e-16,0,8.88178419700125e-16,0
136,"weighted_median",-0.0975569865698216,0.087834420035928,0.26670095224568,-0.0975569865698216,0.0888729789967218,0.272330017222765,0,0.0010385589607938,0.00562906497708476,0.0116858799211863
136,"simple_mode",-0.107300291526683,4.151302540128,0.979442644570855,-0.107300291526683,4.20399961342649,0.979700273717656,0,0.0526970732984893,0.000257629146801497,0.0125349852864373
136,"weighted_mode",-0.107300291526683,4.10956087820672,0.979233887038483,-0.107300291526683,4.28807228821631,0.980098188676699,0,0.178511410009586,0.000864301638215714,0.0416297576186246
137,"ivw",0.0143532432961898,0.111477883230075,0.897552163760055,0.0143532432961898,0.111477883230075,0.897552163760055,8.67361737988404e-18,5.55111512312578e-17,0,4.97956631601e-16
137,"egger",-0.0358062213182572,0.158895294506705,0.82228574053212,-0.0358062213182571,0.158895294506705,0.82228574053212,7.63278329429795e-17,0,3.33066907387547e-16,0
137,"weighted_median",0.178941506143202,0.0781580170909497,0.0220512639163388,0.178941506143202,0.0778161894262279,0.0214742466716912,0,0.000341827664721836,0.000577017244647631,0.00439275769274078
137,"simple_mode",0.06239775552292,4.36248105417496,0.988623200510775,0.06239775552292,4.28318070434476,0.988412581295831,0,0.0793003498302012,0.00021061921494403,0.0185143600758569
137,"weighted_mode",0.06239775552292,4.37557962801745,0.988657255337681,0.06239775552292,4.24680307532958,0.988313331993384,0,0.128776552687867,0.000343923344296782,0.0303231749632924
138,"ivw",0.0523345303475705,0.146065680667276,0.720122931969657,0.0523345303475703,0.146065680667276,0.720122931969658,1.80411241501588e-16,5.55111512312578e-17,9.99200722162641e-16,3.80042395843189e-16
138,"egger",-0.0916137345241353,0.240570060421313,0.704346688036321,-0.0916137345241348,0.240570060421313,0.704346688036322,4.57966997657877e-16,2.22044604925031e-16,1.22124532708767e-15,9.22993511894882e-16
138,"weighted_median",0.0550781357910494,0.108417155468383,0.611438977938817,0.0550781357910495,0.108149600967952,0.610557873340676,2.77555756156289e-17,0.000267554500431103,0.000881104598141613,0.0024739296126519
138,"simple_mode",0.0894973558492338,1.71477957558825,0.958504402805062,0.0894973558492338,1.58533894123699,0.955119851736835,0,0.129440634351262,0.00338455106822677,0.081648555387319
138,"weighted_mode",0.0894973558492338,1.73239114194449,0.95892586719026,0.0894973558492338,1.61156180180027,0.955849362370795,0,0.120829340144224,0.0030765048194652,0.0749765476007474
139,"ivw",-0.039535101277182,0.141791492916964,0.780378650032952,-0.0395351012771821,0.141791492916964,0.780378650032952,4.16333634234434e-17,5.55111512312578e-17,1.11022302462516e-16,3.91498460798113e-16
139,"egger",-0.350379702708205,0.193860354138308,0.0744618738788772,-0.350379702708205,0.193860354138308,0.0744618738788772,0,5.55111512312578e-17,4.16333634234434e-17,2.86346073584771e-16
139,"weighted_median",-0.0754715626426882,0.116090909037041,0.515622829513291,-0.0754715626426882,0.116212507481515,0.516062291484026,0,0.00012159844447357,0.000439461970734856,0.00104634558799888
139,"simple_mode",-0.290880925248349,1.88720664778336,0.877888212440003,-0.290880925248349,1.7408624282159,0.867715569672535,0,0.146344219567463,0.0101726427674683,0.0840642070249297
139,"weighted_mode",0.0458060424440986,1.8506768846243,0.980314476733847,0.0458060424440986,1.91441140638756,0.980969717748897,0,0.0637345217632592,0.000655241015049324,0.0332919672075734
140,"ivw",-0.125042412430164,0.119418889117405,0.295057731842039,-0.125042412430164,0.119418889117405,0.295057731842039,0,1.38777878078145e-17,0,1.16210994009253e-16
140,"egger",-0.268754820649455,0.170797488238382,0.119543097046758,-0.268754820649455,0.170797488238382,0.119543097046758,2.22044604925031e-16,8.32667268468867e-17,4.16333634234434e-17,4.87517279707717e-16
140,"weighted_median",0.00723134333141962,0.0751531278190329,0.923344690986385,0.00723134333141961,0.0791881651148023,0.92723952981529,6.93889390390723e-18,0.00403503729576941,0.0038948388289054,0.0509550548357783
140,"simple_mode",-0.0545179500278339,3.64560580597971,0.98810531066501,-0.0545179500278339,3.29437279305597,0.986837257424583,0,0.351233012923743,0.001268053240427,0.106616049544875
140,"weighted_mode",-0.0545179500278339,3.58191272816329,0.987893817330125,-0.0545179500278339,3.27691945168694,0.98676715730676,0,0.304993276476355,0.00112666002336537,0.0930731685575447
141,"ivw",0.243486612024627,0.14515671107901,0.0934632866257499,0.243486612024627,0.14515671107901,0.09346328662575,1.38777878078145e-16,5.55111512312578e-17,6.93889390390723e-17,3.8242221677951e-16
141,"egger",0.183255573756416,0.215562934282936,0.397792390057569,0.183255573756416,0.215562934282936,0.39779239005757,1.38777878078145e-16,0,2.22044604925031e-16,0
141,"weighted_median",-0.0442574786863884,0.135660979362758,0.744245898412039,-0.0442574786863885,0.13163090099125,0.736701895059163,1.38777878078145e-17,0.00403007837150882,0.00754400335287642,0.0306165067712841
141,"simple_mode",-0.221532394287006,4.12738364779607,0.957327211169734,-0.221532394287006,3.74808510980321,0.953013666750073,0,0.379298537992861,0.00431354441966081,0.101197952255886
141,"weighted_mode",0.112206261630413,4.12956723104992,0.978389832314654,0.112206261630413,3.79322519500659,0.976474219896053,0,0.336342036043332,0.00191561241860128,0.0886691453188948
142,"ivw",-0.477574770528667,0.128071982438445,0.000192274818320828,-0.477574770528667,0.128071982438445,0.000192274818320827,2.77555756156289e-16,2.77555756156289e-17,1.0842021724855e-18,2.16718560040789e-16
142,"egger",-0.500353528662364,0.180041793138725,0.0067912681378993,-0.500353528662364,0.180041793138725,0.00679126813789928,0,8.32667268468867e-17,1.82145964977565e-17,4.62485545135225e-16
142,"weighted_median",-0.36135579135743,0.10627628421024,0.000673477751468991,-0.36135579135743,0.101498831326905,0.000370577287718522,0,0.00477745288333573,0.000302900463750469,0.0470690432675883
142,"simple_mode",-0.892160690426109,18.703520728382,0.962072632416583,-0.892160690426109,17.8453245633698,0.960250177011069,0,0.858196165012128,0.0018224554055134,0.0480908129165497
142,"weighted_mode",-0.892160690426109,18.9104315871311,0.962487306148647,-0.892160690426109,18.2073893959647,0.961039979318223,0,0.703042191166386,0.00144732683042448,0.038613014522675
143,"ivw",-0.0458842118782151,0.145982231485854,0.753282811884188,-0.0458842118782152,0.145982231485854,0.753282811884188,3.46944695195361e-17,2.77555756156289e-17,2.22044604925031e-16,1.90129821507205e-16
143,"egger",-0.217055341576172,0.228945038455689,0.34595023338385,-0.217055341576172,0.228945038455689,0.34595023338385,1.11022302462516e-16,2.77555756156289e-17,1.11022302462516e-16,1.21232483581429e-16
143,"weighted_median",-0.0186178833434443,0.110168763570007,0.86580119438387,-0.0186178833434443,0.113215317023856,0.869379516077739,1.38777878078145e-17,0.00304655345384904,0.00357832169386896,0.0269093752853873
143,"simple_mode",-0.198798317836073,7.31367246003347,0.978381640130005,-0.198798317836073,6.73530628481571,0.976525778253201,0,0.578366175217764,0.00185586187680409,0.0858708053888583
143,"weighted_mode",-0.198798317836073,7.4169097979619,0.978682476618466,-0.198798317836073,7.7637922086482,0.979634717420245,0,0.346882410686304,0.000952240801779247,0.0446795073031329
144,"ivw",0.00684626823207731,0.122178104041159,0.955313806497095,0.00684626823207729,0.122178104041159,0.955313806497095,1.47451495458029e-17,4.16333634234434e-17,1.11022302462516e-16,3.40759612781502e-16
144,"egger",-0.347780597462498,0.171535742934775,0.0459459818451696,-0.347780597462498,0.171535742934775,0.0459459818451696,1.66533453693773e-16,8.32667268468867e-17,0,4.85419105209741e-16
144,"weighted_median",0.0512306040230755,0.11149090350358,0.645871714244498,0.0512306040230756,0.111812668180341,0.646821355997006,5.55111512312578e-17,0.000321764676761288,0.000949641752508779,0.00287771217696297
144,"simple_mode",0.404659600357072,3.94123754996394,0.918476083457593,0.404659600357072,3.83772051788227,0.916285221100903,0,0.103517032081678,0.00219086235669008,0.0269735723587294
144,"weighted_mode",0.0783304574681308,3.8830210777026,0.9839553304144,0.0783304574681308,3.64517936971014,0.982908601338348,0,0.237841707992467,0.00104672907605252,0.0652482865366869
145,"ivw",-0.0535809797952426,0.166598754862418,0.747742917780934,-0.0535809797952426,0.166598754862418,0.747742917780935,4.85722573273506e-17,2.77555756156289e-17,2.22044604925031e-16,1.66601338878854e-16
145,"egger",-0.229264757015394,0.247475620618529,0.357017521911285,-0.229264757015394,0.247475620618529,0.357017521911285,1.11022302462516e-16,5.55111512312578e-17,0,2.24309574787673e-16
145,"weighted_median",-0.118944445714026,0.148103901172598,0.421908342253038,-0.118944445714025,0.144455234787034,0.410280541854817,2.08166817117217e-16,0.00364866638556444,0.0116278003982219,0.0252581112130935
145,"simple_mode",0.102853057240794,15.8138743066597,0.994826606613686,0.102853057240794,14.7798104218308,0.994464657810169,0,1.03406388482883,0.000361948803517143,0.0699646243974447
145,"weighted_mode",0.102853057240794,15.8760311175883,0.994846860861675,0.102853057240794,13.8948382039128,0.994112114216641,0,1.98119291367543,0.000734746645033924,0.142584813482572
146,"ivw",0.0731460872100861,0.131826178097084,0.578985161726384,0.073146087210086,0.131826178097084,0.578985161726384,5.55111512312578e-17,8.32667268468867e-17,1.11022302462516e-16,6.31640301257652e-16
146,"egger",0.0516373311276017,0.194206892154092,0.79100930716969,0.0516373311276018,0.194206892154092,0.791009307169689,8.32667268468867e-17,2.77555756156289e-17,3.33066907387547e-16,1.42917562336596e-16
146,"weighted_median",0.33800959308715,0.125335055510817,0.00699992152056348,0.33800959308715,0.135149631589807,0.0123842235339711,0,0.00981457607898928,0.00538430201340761,0.0726200727559329
146,"simple_mode",-0.172844332167774,0.853741597213407,0.840068618609547,-0.172844332167774,0.833667242029052,0.836272405147006,0,0.0200743551843542,0.00379621346254044,0.0240795777647392
146,"weighted_mode",0.151286850068725,0.826247122654718,0.855176145995603,0.151286850068725,0.781100040588306,0.846907934867569,0,0.0451470820664117,0.00826821112803378,0.0577993595191827
147,"ivw",0.033376530892173,0.152961026986202,0.82727107038742,0.033376530892173,0.152961026986202,0.82727107038742,3.46944695195361e-17,2.77555756156289e-17,1.11022302462516e-16,1.81455212236073e-16
147,"egger",-0.0035318417828056,0.229155070158629,0.987741501241853,-0.00353184178280559,0.229155070158629,0.987741501241853,8.67361737988404e-18,5.55111512312578e-17,1.11022302462516e-16,2.42242736295693e-16
147,"weighted_median",0.0353531907933225,0.125101015730516,0.777485663536055,0.0353531907933225,0.123183121320434,0.7741145891907,0,0.00191789441008194,0.00337107434535522,0.0155694578082086
147,"simple_mode",-0.0322167609061337,3.36959082690236,0.992395026782845,-0.0322167609061337,3.57449913618088,0.992830969870142,0,0.20490830927852,0.000435943087296442,0.0573250409279582
147,"weighted_mode",-0.0322167609061337,3.3880489282709,0.99243645743357,-0.0322167609061337,3.55251182253568,0.992786600319572,0,0.164462894264785,0.000350142886001992,0.0462948196882835
148,"ivw",-0.0545948233871049,0.158436880163243,0.730407091098004,-0.0545948233871049,0.158436880163243,0.730407091098004,6.93889390390723e-18,0,0,0
148,"egger",-0.161889033670025,0.240759892486454,0.5032610855041,-0.161889033670025,0.240759892486453,0.5032610855041,2.77555756156289e-17,8.32667268468867e-17,2.22044604925031e-16,3.45849659538172e-16
148,"weighted_median",-0.112443601228506,0.114543102939342,0.326262133881685,-0.112443601228506,0.110865808853921,0.310472277000273,4.16333634234434e-17,0.00367729408542133,0.0157898568814117,0.0331688743665472
148,"simple_mode",0.349906739106485,6.32233574957225,0.956000267603794,0.349906739106485,6.6728223948078,0.958309128470409,0,0.350486645235556,0.00230886086661553,0.0525244978059469
148,"weighted_mode",-0.1152729446165,6.32049051298962,0.985493858444076,-0.1152729446165,6.23473888228023,0.98529436608232,0,0.0857516307093888,0.000199492361755871,0.0137538447605406
149,"ivw",0.000976296504507339,0.144884213789874,0.994623527351485,0.000976296504507262,0.144884213789874,0.994623527351486,7.71951946809679e-17,8.32667268468867e-17,4.44089209850063e-16,5.74712211004912e-16
149,"egger",-0.261608458805544,0.203222955295366,0.201702452844527,-0.261608458805544,0.203222955295366,0.201702452844527,5.55111512312578e-17,5.55111512312578e-17,0,2.7315394144612e-16
149,"weighted_median",-0.0607380184576997,0.111799537932521,0.586939707967037,-0.0607380184576998,0.116484227641009,0.602069364114178,1.17961196366423e-16,0.00468468970848829,0.0151296561471406,0.0402173736595993
149,"simple_mode",-0.0249708355178362,3.30977725600499,0.993998914473821,-0.0249708355178362,3.05248834689668,0.993493104439051,0,0.257288909108309,0.000505810034769238,0.0842882526873139
149,"weighted_mode",-0.0249708355178362,3.3369949731197,0.994047860531738,-0.0249708355178362,3.01335562055692,0.993408605052727,0,0.323639352562775,0.000639255479011003,0.107401645645448
150,"ivw",0.247930229599254,0.124238500630903,0.0459775867348547,0.247930229599254,0.124238500630903,0.0459775867348548,2.77555756156289e-17,2.77555756156289e-17,2.08166817117217e-17,2.23405590655728e-16
150,"egger",0.166339779828732,0.173170793886976,0.339671063403528,0.166339779828732,0.173170793886976,0.339671063403529,8.32667268468867e-17,5.55111512312578e-17,4.44089209850063e-16,3.20557237079415e-16
150,"weighted_median",0.057111069549418,0.0752230367282389,0.447719090709825,0.057111069549418,0.0706816066918983,0.419087883519398,0,0.00454143003634054,0.0286312071904277,0.0642519355302246
150,"simple_mode",0.553244376548637,2.72949802171025,0.839884914096395,0.553244376548637,2.42956507253592,0.820442916869874,0,0.299932949174333,0.019441997226521,0.123451292811545
150,"weighted_mode",0.254538862559585,2.64981981644494,0.923711032224601,0.254538862559585,2.371068760157,0.914775225998472,0,0.27875105628794,0.00893580622612855,0.117563463772971
151,"ivw",-0.0309132321784146,0.116561633183045,0.790848210931602,-0.0309132321784146,0.116561633183045,0.790848210931602,6.2450045135165e-17,1.38777878078145e-17,4.44089209850063e-16,1.19059654783844e-16
151,"egger",0.135652718308309,0.170541681222597,0.428721437095885,0.13565271830831,0.170541681222597,0.428721437095884,4.16333634234434e-16,1.11022302462516e-16,9.99200722162641e-16,6.50998053183289e-16
151,"weighted_median",-0.11863946213427,0.115250373070293,0.303288781688692,-0.11863946213427,0.112071355006705,0.289779036569075,5.55111512312578e-17,0.00317901806358825,0.0135097451196169,0.0283660179124099
151,"simple_mode",0.0748772968238348,1.00610066131306,0.940857088468961,0.0748772968238348,0.906362532632642,0.934363104014266,0,0.0997381286804234,0.0064939844546944,0.110042201756423
151,"weighted_mode",-0.172423023658727,1.00503865429334,0.864212435196733,-0.172423023658727,1.01521107791818,0.865559771374308,0,0.0101724236248435,0.00134733617757432,0.0100200084948869
152,"ivw",-0.0823908041470982,0.111244530781713,0.458919081534517,-0.0823908041470982,0.111244530781713,0.458919081534517,0,2.77555756156289e-17,5.55111512312578e-17,2.49500585966709e-16
152,"egger",-0.246385570198102,0.158677622187423,0.124431860744535,-0.246385570198102,0.158677622187423,0.124431860744535,2.77555756156289e-16,2.77555756156289e-17,2.91433543964104e-16,1.7491802078333e-16
152,"weighted_median",-0.016634235905555,0.0922554471371011,0.856912130658388,-0.016634235905555,0.0942201023200939,0.859864565500473,6.93889390390723e-18,0.00196465518299282,0.00295243484208507,0.0208517623587194
152,"simple_mode",-0.00835655541021074,1.3934856647436,0.995229962018132,-0.00835655541021074,1.29814818862589,0.994879649746711,0,0.0953374761177135,0.000350312271420905,0.0734411348049793
152,"weighted_mode",-0.00835655541021074,1.40703535675703,0.995275896736251,-0.00835655541021074,1.39461040977314,0.995233808978863,0,0.0124249469838864,4.20877573878986e-05,0.00890926017532563
153,"ivw",0.141035121296347,0.11355895847671,0.214253149292198,0.141035121296347,0.11355895847671,0.214253149292199,8.32667268468867e-17,2.77555756156289e-17,3.60822483003176e-16,2.44415552836559e-16
153,"egger",-0.253682355263775,0.163359651626292,0.124392668093231,-0.253682355263775,0.163359651626292,0.124392668093232,5.55111512312578e-17,5.55111512312578e-17,6.93889390390723e-17,3.39809436899678e-16
153,"weighted_median",-0.0771990850999712,0.113523147569904,0.496485805429129,-0.0771990850999712,0.115057130704407,0.502244058968736,1.38777878078145e-17,0.00153398313450302,0.00575825353960696,0.0133323604118373
153,"simple_mode",0.292848919130109,0.706637313807633,0.67965757453615,0.292848919130109,0.698083584250067,0.675958303772096,0,0.00855372955756584,0.00369927076405396,0.012253159579386
153,"weighted_mode",-0.0390567721478425,0.645493984037137,0.951901046144401,-0.0390567721478425,0.684233429058444,0.954621196138621,0,0.0387394450213068,0.00272014999422066,0.0566172937130755
154,"ivw",0.0239321532053685,0.130801124196843,0.854824728011177,0.0239321532053684,0.130801124196843,0.854824728011177,4.5102810375397e-17,2.77555756156289e-17,2.22044604925031e-16,2.12196766549648e-16
154,"egger",-0.0466152417693617,0.175077823133539,0.790728318884496,-0.0466152417693618,0.175077823133539,0.790728318884496,4.85722573273506e-17,1.38777878078145e-16,0,7.92663945634583e-16
154,"weighted_median",-0.101063870727411,0.0893615941565025,0.258074366579633,-0.101063870727411,0.0863210986125339,0.241683237096404,1.38777878078145e-17,0.00304049554396864,0.0163911294832287,0.0352230867405475
154,"simple_mode",0.101265415893414,0.696045428787346,0.884687977196531,0.101265415893414,0.620047566455292,0.870674240391499,0,0.0759978623320539,0.0140137368050327,0.122567793897686
154,"weighted_mode",-0.0845117334519472,0.634690660119279,0.894401673796245,-0.0845117334519472,0.611380180025727,0.890400873627679,0,0.023310480093552,0.00400080016856541,0.038127634580125
155,"ivw",-0.0950475145627995,0.12797339307273,0.457655401264511,-0.0950475145627996,0.12797339307273,0.457655401264511,1.2490009027033e-16,8.32667268468867e-17,3.33066907387547e-16,6.50656553269353e-16
155,"egger",-0.0183716864368501,0.185646983598473,0.921417318890452,-0.0183716864368502,0.185646983598474,0.921417318890452,1.35308431126191e-16,5.55111512312578e-17,5.55111512312578e-16,2.99014560620711e-16
155,"weighted_median",-0.0751765781270451,0.11424215607179,0.510508661545687,-0.0751765781270451,0.114302611958379,0.510732326708497,2.77555756156289e-17,6.04558865891364e-05,0.000223665162809805,0.000528910805740381
155,"simple_mode",-0.0412411486835197,0.772177993433413,0.957537649060983,-0.0412411486835197,0.811578828426193,0.959597285796117,0,0.0394008349927798,0.00205963673513421,0.0485483770802469
155,"weighted_mode",-0.0412411486835197,0.763281710691168,0.957043221869047,-0.0412411486835197,0.704253985471754,0.953446761578099,0,0.0590277252194141,0.00359646029094818,0.0838159619073701
156,"ivw",-0.0675950848612811,0.144052681547905,0.638899066597145,-0.0675950848612812,0.144052681547905,0.638899066597145,4.16333634234434e-17,0,2.22044604925031e-16,0
156,"egger",-0.362770939916853,0.208542448141727,0.0857833507545196,-0.362770939916853,0.208542448141726,0.0857833507545198,2.77555756156289e-16,8.32667268468867e-17,1.80411241501588e-16,3.99279511623927e-16
156,"weighted_median",-0.0291724545085274,0.110993459045378,0.792681308305326,-0.0291724545085274,0.108589360775928,0.788199579372219,1.38777878078145e-17,0.00240409826944972,0.00448172893310705,0.0221393537292344
156,"simple_mode",0.172780939238823,0.512443055447153,0.73686011818434,0.172780939238823,0.468135679071702,0.713028870793249,0,0.0443073763754511,0.0238312473910909,0.0946464419531347
156,"weighted_mode",-0.0877720485675705,0.47184462219162,0.852894954427599,-0.0877720485675705,0.448771144881609,0.845426299934917,0,0.023073477310011,0.00746865449268219,0.0514147969921241
157,"ivw",-0.050669053821022,0.132592806184501,0.702357306076221,-0.050669053821022,0.132592806184501,0.702357306076221,2.77555756156289e-17,0,2.22044604925031e-16,0
157,"egger",-0.207941706999721,0.191084623458141,0.27976648459166,-0.207941706999721,0.191084623458141,0.27976648459166,3.88578058618805e-16,8.32667268468867e-17,5.55111512312578e-16,4.35758384635942e-16
157,"weighted_median",-0.223329428033606,0.12720139427546,0.0791370411790306,-0.223329428033606,0.130997362088974,0.0882244325117168,5.55111512312578e-17,0.00379596781351332,0.00908739133268614,0.0289774370489621
157,"simple_mode",-0.261410182195521,0.795508649670529,0.743300351752235,-0.261410182195521,0.75502557357939,0.730069915495593,0,0.0404830760911385,0.0132304362566419,0.0536181521630032
157,"weighted_mode",-0.0488674721464888,0.787274083611124,0.95065861320537,-0.0488674721464888,0.778757683439609,0.950119734448512,0,0.00851640017151534,0.000538878756857653,0.0109358794816639
158,"ivw",0.0818427059368535,0.120232354185796,0.496058481015898,0.0818427059368536,0.120232354185796,0.496058481015897,1.38777878078145e-17,4.16333634234434e-17,2.22044604925031e-16,3.46274209678261e-16
158,"egger",0.0784856376699912,0.172654881682489,0.650641764336185,0.0784856376699911,0.172654881682489,0.650641764336186,9.71445146547012e-17,1.11022302462516e-16,5.55111512312578e-16,6.43030196311999e-16
158,"weighted_median",0.129477048633425,0.0860544868479136,0.132428537486934,0.129477048633425,0.0869231240219363,0.136340450341597,0,0.000868637174022732,0.00391191285466297,0.00999316561383043
158,"simple_mode",-0.0302607049661585,1.05483315659003,0.977184255336319,-0.0302607049661585,1.04975696800623,0.9770739587322,0,0.00507618858379777,0.000110296604118876,0.00483558455767033
158,"weighted_mode",-0.0302607049661585,0.998861510406815,0.975906150405672,-0.0302607049661585,1.05099338334479,0.97710092196151,0,0.0521318729379749,0.00119477155583858,0.0496024749195519
159,"ivw",-0.00757037787341671,0.166807767957319,0.963801357600755,-0.00757037787341661,0.166807767957319,0.963801357600755,9.80118763926896e-17,0,4.44089209850063e-16,0
159,"egger",0.189900373038678,0.230031462540124,0.411519651716871,0.189900373038678,0.230031462540124,0.411519651716871,0,5.55111512312578e-17,0,2.41319820420544e-16
159,"weighted_median",-0.0594253011957249,0.116773953090843,0.610828103929005,-0.0594253011957249,0.117836286543416,0.61404782339111,0,0.00106233345257292,0.00321971946210542,0.00901533376292804
159,"simple_mode",0.0339009820962492,1.39352329656174,0.980651185472937,0.0339009820962492,1.36410196921367,0.980233950958839,0,0.0294213273480701,0.000417234514097808,0.0215682756949834
159,"weighted_mode",0.0339009820962492,1.39060751400398,0.980610623607916,0.0339009820962492,1.30803256261684,0.97938685842731,0,0.082574951387135,0.0012237651806063,0.0631291251816667
160,"ivw",0.217793941047405,0.132155465796618,0.0993499796388706,0.217793941047405,0.132155465796618,0.0993499796388705,1.11022302462516e-16,5.55111512312578e-17,5.55111512312578e-17,4.20044308395744e-16
160,"egger",0.0230006287800067,0.177225048320932,0.897064635134262,0.0230006287800066,0.177225048320932,0.897064635134263,1.52655665885959e-16,1.11022302462516e-16,7.7715611723761e-16,6.26448143275259e-16
160,"weighted_median",0.168921199145359,0.0911795125721245,0.0639365125327236,0.168921199145359,0.0966011776960297,0.0803523439419247,2.77555756156289e-17,0.00542166512390518,0.0164158314092011,0.0561242135263121
160,"simple_mode",0.298586840408248,0.712023864873266,0.676070815362541,0.298586840408248,0.686269841819659,0.664656616298579,0,0.0257540230536066,0.0114141990639625,0.0375275459946182
160,"weighted_mode",0.121868973632818,0.687117642242702,0.859666353504746,0.121868973632818,0.662582193631301,0.854527775228599,0,0.0245354486114012,0.00513857827614739,0.0370300452490792
161,"ivw",-0.0324207106532397,0.130399815646465,0.803650533284461,-0.0324207106532397,0.130399815646465,0.803650533284461,6.93889390390723e-18,0,0,0
161,"egger",-0.0410634117485007,0.181154768631101,0.821254011393993,-0.0410634117485007,0.181154768631101,0.821254011393993,3.46944695195361e-17,0,1.11022302462516e-16,0
161,"weighted_median",0.0160292182553921,0.10463593003066,0.878248140972971,0.0160292182553921,0.0995045359112743,0.87202225846517,3.46944695195361e-18,0.0051313941193858,0.00622588250780065,0.0515694492958727
161,"simple_mode",-0.000964445881434017,0.685377041306574,0.998880696541174,-0.000964445881434017,0.692109535422708,0.998891584556153,0,0.00673249411613408,1.08880149787272e-05,0.00972749799209483
161,"weighted_mode",-0.000964445881434017,0.659798334550876,0.998837304017751,-0.000964445881434017,0.596326239080003,0.998713548456539,0,0.0634720954708722,0.000123755561211691,0.106438542045031
162,"ivw",-0.0423440645735141,0.131604000808852,0.747639347910066,-0.0423440645735141,0.131604000808852,0.747639347910066,6.93889390390723e-18,5.55111512312578e-17,0,4.2180443520015e-16
162,"egger",-0.0315021573118565,0.191590733488929,0.869811929129558,-0.0315021573118563,0.191590733488929,0.869811929129559,1.45716771982052e-16,0,6.66133814775094e-16,0
162,"weighted_median",-0.0975148938632772,0.0931283586823507,0.295052521006894,-0.0975148938632772,0.0924068599835141,0.291298360713415,0,0.000721498698836545,0.00375416029347936,0.00780784780442993
162,"simple_mode",-0.254182227132693,2.22226556151976,0.909219797560335,-0.254182227132693,2.17871636445179,0.907413477171083,0,0.0435491970679629,0.00180632038925133,0.0199884655839177
162,"weighted_mode",-0.254182227132693,2.24657030024501,0.910197654058377,-0.254182227132693,1.9846232557657,0.898406432527676,0,0.261947044479311,0.0117912215307018,0.131988297385061
163,"ivw",-0.142850778630959,0.142270514971719,0.315340732359376,-0.142850778630959,0.142270514971719,0.315340732359376,1.66533453693773e-16,2.77555756156289e-17,5.55111512312578e-16,1.95090146550368e-16
163,"egger",0.0205914832240052,0.201195505784832,0.918738432029999,0.0205914832240052,0.201195505784832,0.918738432029999,1.38777878078145e-17,0,0,0
163,"weighted_median",0.0645771806116128,0.101205830925607,0.523423122726276,0.0645771806116127,0.100775262535015,0.521650102912284,8.32667268468867e-17,0.000430568390591995,0.00177301981399225,0.00427256034626944
163,"simple_mode",0.186578641335113,0.55060840609868,0.735592800685639,0.186578641335113,0.544730170803851,0.732850043429389,0,0.00587823529482945,0.00274275725624995,0.0107910954999152
163,"weighted_mode",-0.038060425698901,0.498578906391952,0.939338578212311,-0.038060425698901,0.499208314309598,0.939414910878834,0,0.000629407917646707,7.63326665224051e-05,0.00126081216919869
164,"ivw",-0.0516558716292152,0.150596222699424,0.73159163010406,-0.0516558716292152,0.150596222699424,0.73159163010406,0,5.55111512312578e-17,0,3.6860918711124e-16
164,"egger",-0.311782469368894,0.211972617185911,0.14525097495403,-0.311782469368895,0.211972617185912,0.14525097495403,3.33066907387547e-16,1.38777878078145e-16,2.77555756156289e-17,6.54697195895019e-16
164,"weighted_median",-0.0347301996746761,0.112050137973382,0.756597218718056,-0.0347301996746762,0.112328372660733,0.757181130115396,7.63278329429795e-17,0.000278234687351164,0.000583911397339709,0.00247697603695835
164,"simple_mode",-0.0720993323786711,0.607621162425513,0.905839803999625,-0.0720993323786711,0.569605173768438,0.89958830139331,0,0.0380159886570741,0.00625150260631446,0.0667409469011051
164,"weighted_mode",-0.0720993323786711,0.56627924589086,0.899001762604295,-0.0720993323786711,0.553791349221991,0.896737122158354,0,0.0124878966688692,0.0022646404459411,0.0225498225756201
165,"ivw",0.0257200994736481,0.144723234394327,0.85894349481601,0.0257200994736481,0.144723234394327,0.85894349481601,3.46944695195361e-18,2.77555756156289e-17,1.11022302462516e-16,1.91783826085612e-16
165,"egger",-0.0314041669613111,0.208127297061098,0.88044292156846,-0.031404166961311,0.208127297061097,0.88044292156846,1.04083408558608e-16,2.22044604925031e-16,2.22044604925031e-16,1.06686920966378e-15
165,"weighted_median",-0.0512903198050681,0.0973408419955641,0.598252830534251,-0.0512903198050681,0.0901229770705922,0.569278237192157,0,0.00721786492497185,0.0289745933420934,0.0800890645159024
165,"simple_mode",0.0352621135450308,0.51076908014128,0.945130084022598,0.0352621135450308,0.541074039545777,0.948198754908526,0,0.0303049594044965,0.00306867088592855,0.0560088956216363
165,"weighted_mode",0.0352621135450308,0.483512612057565,0.94204236819772,0.0352621135450308,0.499090566737379,0.943848287128445,0,0.0155779546798135,0.00180591893072446,0.0312126810603707
166,"ivw",-0.342575885155849,0.140695852267125,0.014897206465061,-0.34257588515585,0.140695852267125,0.014897206465061,1.11022302462516e-16,0,2.25514051876985e-17,0
166,"egger",-0.51360656946447,0.198729166687199,0.0115708048821033,-0.51360656946447,0.198729166687199,0.0115708048821033,1.11022302462516e-16,5.55111512312578e-17,1.73472347597681e-17,2.79330669758369e-16
166,"weighted_median",-0.459890701504743,0.110389062904575,3.09869266853418e-05,-0.459890701504743,0.117971040809766,9.68561455165999e-05,0,0.00758197790519101,6.58692188312581e-05,0.0642698229425414
166,"simple_mode",0.0549943641321047,0.678819252743654,0.935630075497581,0.0549943641321047,0.653880482674691,0.933180776019638,0,0.0249387700689629,0.00244929947794381,0.0381396458982094
166,"weighted_mode",-0.383092672726224,0.638286396576518,0.550055595010645,-0.383092672726224,0.62079015029774,0.538896349420246,0,0.017496246278778,0.011159245590399,0.0281838335714356
167,"ivw",-0.0284823253667996,0.147119539505173,0.846489191239226,-0.0284823253667996,0.147119539505173,0.846489191239226,1.04083408558608e-17,0,1.11022302462516e-16,0
167,"egger",-0.112476452232793,0.19978767746664,0.575022992621966,-0.112476452232793,0.19978767746664,0.575022992621967,1.66533453693773e-16,2.77555756156289e-17,5.55111512312578e-16,1.38925363003248e-16
167,"weighted_median",-0.05739134434889,0.109999269527939,0.601849309878891,-0.05739134434889,0.10383412371644,0.580454183297255,1.38777878078145e-17,0.00616514581149936,0.021395126581636,0.05937494910956
167,"simple_mode",-0.236572535611646,0.833312647589478,0.77721596627522,-0.236572535611646,0.757818037739111,0.755709044797537,0,0.0754946098503665,0.0215069214776831,0.0996210252207753
167,"weighted_mode",-0.00688325019881203,0.7955832396274,0.993118198745591,-0.00688325019881203,0.788784695720264,0.993058885943074,0,0.00679854390713552,5.93128025165868e-05,0.00861901092151333
168,"ivw",-0.0930493842561707,0.143352288250901,0.516276384133597,-0.0930493842561707,0.143352288250901,0.516276384133597,2.77555756156289e-17,0,0,0
168,"egger",0.0881177295406466,0.201673771805656,0.663337768807632,0.0881177295406468,0.201673771805656,0.663337768807631,1.94289029309402e-16,0,6.66133814775094e-16,0
168,"weighted_median",-0.160796771846884,0.106721427105357,0.131888538425569,-0.160796771846884,0.107809984487891,0.13583470017591,0,0.00108855738253419,0.00394616175034121,0.0100969997139407
168,"simple_mode",-0.0419678767100945,0.898692868886822,0.962868233704324,-0.0419678767100945,0.847753955140875,0.960638892894024,0,0.0509389137459468,0.00222934081029957,0.0600869078074452
168,"weighted_mode",-0.0419678767100945,0.886975614681182,0.962378078290489,-0.0419678767100945,0.896433265320259,0.962774706259282,0,0.00945765063907711,0.00039662796879214,0.0105503120030896
169,"ivw",0.20263562778429,0.103712529280621,0.0507224923950538,0.20263562778429,0.103712529280621,0.0507224923950537,5.55111512312578e-17,0,5.55111512312578e-17,0
169,"egger",0.052854031509459,0.147359558528279,0.720783858557511,0.0528540315094592,0.147359558528279,0.72078385855751,2.98372437868011e-16,5.55111512312578e-17,1.55431223447522e-15,3.76705466449976e-16
169,"weighted_median",0.0270778033118692,0.0849483962012025,0.749911614435878,0.0270778033118692,0.0868760712885592,0.755281372005089,6.93889390390723e-18,0.0019276750873567,0.00536975756921132,0.0221887921353386
169,"simple_mode",0.269154960663826,0.695282742553724,0.699685702097262,0.269154960663826,0.704355009504514,0.703365923227643,0,0.00907226695079,0.00368022113038191,0.0128802476426937
169,"weighted_mode",0.0832409200807181,0.675005047942335,0.902160012733211,0.0832409200807181,0.726547168038282,0.909069038148967,0,0.0515421200959466,0.006909025415756,0.0709411891799306
170,"ivw",0.20413118930295,0.135648435853048,0.132361431136498,0.20413118930295,0.135648435853048,0.132361431136498,2.77555756156289e-17,2.77555756156289e-17,0,2.04614048375002e-16
170,"egger",0.0363096756655775,0.187904138184256,0.847264605381973,0.0363096756655777,0.187904138184256,0.847264605381973,2.22044604925031e-16,0,8.88178419700125e-16,0
170,"weighted_median",-0.131871698489068,0.107086397748501,0.218154068747217,-0.131871698489068,0.106250752117674,0.214555286551353,5.55111512312578e-17,0.000835645630826845,0.00359878219586343,0.00786484438153769
170,"simple_mode",0.0461604623955164,1.41777834577621,0.974106913498843,0.0461604623955164,1.37084613281291,0.973220772727384,0,0.0469322129632956,0.000886140771459654,0.0342359451144184
170,"weighted_mode",0.0461604623955164,1.4153729504972,0.974062924545072,0.0461604623955164,1.33379482037513,0.972477172614673,0,0.0815781301220686,0.00158575193039867,0.0611624283404585
171,"ivw",0.0112922342552809,0.126758358406094,0.929014572074071,0.0112922342552809,0.126758358406094,0.929014572074072,4.16333634234434e-17,5.55111512312578e-17,3.33066907387547e-16,4.3792892184212e-16
171,"egger",-0.166136986968066,0.176657323461704,0.349818984310154,-0.166136986968066,0.176657323461704,0.349818984310154,2.77555756156289e-17,5.55111512312578e-17,0,3.1423068199769e-16
171,"weighted_median",0.0778115704448523,0.0939636664284528,0.40761231300591,0.0778115704448523,0.0959738552831356,0.417504661343169,0,0.00201018885468275,0.00989234833725922,0.0209451714610445
171,"simple_mode",0.0422569628156786,1.89894677047698,0.982300993678394,0.0422569628156786,1.85731261095966,0.98190431519114,0,0.0416341595173197,0.000396678487253777,0.0224163446000659
171,"weighted_mode",0.0422569628156786,1.87002525289705,0.982027310423266,0.0422569628156786,1.8754528629416,0.982079314937979,0,0.00542761004454584,5.20045147128778e-05,0.00289402637186667
172,"ivw",-0.201067201818715,0.191674502657557,0.294176561173452,-0.201067201818715,0.191674502657557,0.294176561173452,8.32667268468867e-17,0,2.77555756156289e-16,0
172,"egger",-0.321750284304544,0.282049677066145,0.257374370976164,-0.321750284304544,0.282049677066145,0.257374370976165,3.88578058618805e-16,5.55111512312578e-17,5.55111512312578e-16,1.96813383403519e-16
172,"weighted_median",0.0734772935348431,0.13566555173374,0.588089872673167,0.0734772935348431,0.140039608452974,0.599799150104391,0,0.0043740567192346,0.0117092774312241,0.0312344255140032
172,"simple_mode",0.288414145417202,0.59130809686214,0.627040228440442,0.288414145417205,0.606981743955725,0.635950906195078,2.66453525910038e-15,0.0156736470935848,0.00891067775463572,0.0258222710150044
172,"weighted_mode",0.166207945968883,0.527942159101043,0.753706161841487,0.166207945968886,0.510444886553754,0.745556156701261,2.692290834716e-15,0.0174972725472891,0.00815000514022601,0.0342784755185248
173,"ivw",0.188683032115584,0.130015283930278,0.14671378838838,0.188683032115584,0.130015283930278,0.14671378838838,0,2.77555756156289e-17,2.77555756156289e-17,2.1347932932649e-16
173,"egger",0.405749279887927,0.168665344881067,0.0184512786846553,0.405749279887926,0.168665344881067,0.0184512786846553,2.77555756156289e-16,8.32667268468867e-17,0,4.93680114937669e-16
173,"weighted_median",0.209515552301048,0.0900543472121521,0.0199894586214994,0.209515552301048,0.0939031888086022,0.0256687601221157,0,0.00384884159645009,0.0056793015006163,0.0409873364822038
173,"simple_mode",-0.76035112436668,1.01831863902925,0.457422741839217,-0.76035112436668,0.860075726992004,0.379285041123913,0,0.158242912037249,0.0781377007153042,0.183987185164127
173,"weighted_mode",0.297879206603715,0.919611942812846,0.746834744939588,0.297879206603715,0.912533722710188,0.744940303601687,0,0.00707822010265824,0.00189444133790095,0.00775666687871678
174,"ivw",0.0386570964154644,0.137027686317306,0.777857957942538,0.0386570964154644,0.137027686317306,0.777857957942538,2.08166817117217e-17,0,1.11022302462516e-16,0
174,"egger",0.0145087545765687,0.183618222413487,0.937217310444298,0.0145087545765688,0.183618222413487,0.937217310444297,4.68375338513738e-17,5.55111512312578e-17,2.22044604925031e-16,3.02318312973606e-16
174,"weighted_median",0.102171353496638,0.0664851500623936,0.12435343959015,0.102171353496638,0.0706216236726986,0.147968861625558,1.38777878078145e-17,0.00413647361030504,0.0236154220354077,0.0585723379778954
174,"simple_mode",0.19612855303025,1.48237651786191,0.895069710451153,0.19612855303025,1.47518538639101,0.894561239526879,0,0.00719113147089967,0.000508470924274196,0.00487473068621736
174,"weighted_mode",0.19612855303025,1.46371863209909,0.89374020579809,0.19612855303025,1.46083602646907,0.893531798718146,0,0.00288260563001419,0.000208407079944628,0.00197325748939915
175,"ivw",0.00998564432007605,0.169469641121735,0.953013510640518,0.0099856443200761,0.169469641121735,0.953013510640518,4.68375338513738e-17,8.32667268468867e-17,2.22044604925031e-16,4.91337128560234e-16
175,"egger",0.0404809784205044,0.244383580274883,0.868854029393837,0.0404809784205041,0.244383580274883,0.868854029393838,2.42861286636753e-16,5.55111512312578e-17,6.66133814775094e-16,2.27147630658405e-16
175,"weighted_median",-0.0503467580921695,0.11519073627775,0.662058423865685,-0.0503467580921694,0.115939020796074,0.664105415604851,4.85722573273506e-17,0.000748284518323802,0.00204699173916678,0.00645412142681423
175,"simple_mode",0.1948939110833,2.64896562037261,0.941531071643069,0.1948939110833,2.42972965188444,0.936266355124621,0,0.219235968488168,0.00526471651844762,0.0902306017124718
175,"weighted_mode",0.1948939110833,2.71851630385792,0.943024317665552,0.1948939110833,2.45537700836967,0.93693065600199,0,0.263139295488249,0.00609366166356207,0.107168591459187
176,"ivw",0.239039193545025,0.117196546870271,0.0413858303760475,0.239039193545025,0.117196546870271,0.0413858303760474,1.38777878078145e-16,2.77555756156289e-17,1.04083408558608e-16,2.36829295374654e-16
176,"egger",0.31144525773114,0.168516680584322,0.0682750821041757,0.31144525773114,0.168516680584322,0.0682750821041755,3.33066907387547e-16,8.32667268468867e-17,1.66533453693773e-16,4.94115636257277e-16
176,"weighted_median",0.0466377661953788,0.11525358558885,0.685732230755098,0.0466377661953788,0.117828456346739,0.692244667592937,0,0.00257487075788895,0.00651243683783831,0.0218527072128635
176,"simple_mode",0.143739444400277,1.41536048194018,0.919359469016148,0.143739444400277,1.38996510062356,0.917891385930571,0,0.0253953813166146,0.00146808308557689,0.0182705172275345
176,"weighted_mode",0.143739444400277,1.40527974375564,0.918783028217138,0.143739444400277,1.46576388925228,0.92212331860406,0,0.0604841454966356,0.00334029038692263,0.0412645897065251
177,"ivw",-0.137828530813683,0.118722022522655,0.245668403925325,-0.137828530813683,0.118722022522655,0.245668403925325,8.32667268468867e-17,5.55111512312578e-17,5.55111512312578e-17,4.67572486146493e-16
177,"egger",0.0238485458370873,0.177214339753502,0.893286239185923,0.0238485458370876,0.177214339753502,0.893286239185922,2.39391839684799e-16,0,9.99200722162641e-16,0
177,"weighted_median",0.0502199279553784,0.112500868301571,0.655311283652864,0.0502199279553784,0.111398828150079,0.652125055437559,0,0.00110204015149193,0.00318622821530501,0.00989274456287126
177,"simple_mode",-0.102067031209509,10.7285836440934,0.992432783842831,-0.102067031209509,9.45282273278679,0.991411543771353,0,1.27576091130659,0.0010212400714783,0.134960841578216
177,"weighted_mode",-0.102067031209509,10.5093284123718,0.992274914624416,-0.102067031209509,9.87305844372074,0.991777088346696,0,0.636269968651112,0.000497826277720104,0.0644450726467419
178,"ivw",-0.124149379206123,0.106460651295287,0.243552700230855,-0.124149379206123,0.106460651295287,0.243552700230855,1.38777878078145e-17,5.55111512312578e-17,3.88578058618805e-16,5.21424118262138e-16
178,"egger",-0.16556631420063,0.159551800503538,0.302537809778808,-0.16556631420063,0.159551800503539,0.302537809778809,0,1.38777878078145e-16,3.33066907387547e-16,8.69798257620206e-16
178,"weighted_median",-0.076929807799574,0.10945353445581,0.482147006572083,-0.0769298077995741,0.103954423830835,0.45927936578513,2.77555756156289e-17,0.00549911062497484,0.0228676407869529,0.0528992458649335
178,"simple_mode",0.0519747016530903,2.12528906563193,0.980549540940652,0.0519747016530903,1.97105592651401,0.979027906246259,0,0.154233139117918,0.0015216346943927,0.0782489918440282
178,"weighted_mode",-0.0972301422855171,2.10179022212305,0.963216381956604,-0.0972301422855171,2.01420467623278,0.961618116595228,0,0.0875855458902737,0.00159826536137542,0.0434839353337652
179,"ivw",-0.00803193797099477,0.140140245185693,0.95429540958215,-0.00803193797099479,0.140140245185693,0.95429540958215,2.08166817117217e-17,5.55111512312578e-17,1.11022302462516e-16,3.96111417942096e-16
179,"egger",-0.209876092988642,0.204480563171331,0.307802905114251,-0.209876092988642,0.204480563171331,0.307802905114251,1.11022302462516e-16,8.32667268468867e-17,4.44089209850063e-16,4.07210962037106e-16
179,"weighted_median",-0.000146039808221049,0.102012464286632,0.998857758517492,-0.000146039808221049,0.100784107188391,0.998843836883457,0,0.00122835709824108,1.392163403513e-05,0.0121880039671827
179,"simple_mode",0.275831861506589,11.9279786372692,0.981607613912852,0.275831861506589,11.1620696640726,0.980345833205811,0,0.765908973196625,0.00126178070704097,0.0686171110060226
179,"weighted_mode",-0.180558429288843,11.8981878300045,0.987929653053194,-0.180558429288843,9.97875979712687,0.98560814119327,0,1.91942803287765,0.00232151185992369,0.192351361481844
180,"ivw",0.118611412703783,0.117017778020601,0.310764712084325,0.118611412703783,0.117017778020601,0.310764712084325,1.38777878078145e-17,4.16333634234434e-17,5.55111512312578e-17,3.55786651632659e-16
180,"egger",-0.0748274535406345,0.162332558586855,0.646084042706178,-0.0748274535406344,0.162332558586855,0.646084042706179,6.93889390390723e-17,2.77555756156289e-17,2.22044604925031e-16,1.70979721241678e-16
180,"weighted_median",-0.0467047089870455,0.112277400770735,0.677427533158833,-0.0467047089870455,0.113522727019974,0.680769830976738,0,0.00124532624923873,0.00334229781790463,0.0109698408585589
180,"simple_mode",-0.139461479820741,24.846951769962,0.995535441436239,-0.139461479820741,24.6989294984421,0.9955086853369,0,0.148022271519952,2.67560993387761e-05,0.00599306425524593
180,"weighted_mode",-0.139461479820741,24.8818395642408,0.995541701300906,-0.139461479820741,26.8123221105104,0.995862694990551,0,1.93048254626959,0.000320993689644888,0.0719998267331289
181,"ivw",0.0953026602562019,0.1380636512165,0.490017744219254,0.0953026602562019,0.1380636512165,0.490017744219254,0,0,0,0
181,"egger",0.307762344931139,0.196068502461337,0.120439559887941,0.307762344931139,0.196068502461337,0.120439559887941,1.11022302462516e-16,5.55111512312578e-17,3.60822483003176e-16,2.83121207814621e-16
181,"weighted_median",0.11425752107856,0.102820983167633,0.266470365848577,0.11425752107856,0.105423483547468,0.278455379867113,0,0.00260250037983553,0.0119850140185357,0.0246861542823495
181,"simple_mode",0.267414108669399,9.02683943665317,0.976439528550863,0.267414108669399,7.90080298659544,0.973082865293206,0,1.12603645005773,0.0033566632576566,0.142521773036003
181,"weighted_mode",0.267414108669399,9.08597465441112,0.976592824716311,0.267414108669399,8.16771431607747,0.973962162198971,0,0.918260338333646,0.00263066251733934,0.112425619065315
182,"ivw",0.111331695655704,0.128478874699653,0.386195757823443,0.111331695655704,0.128478874699653,0.386195757823443,2.77555756156289e-17,0,1.66533453693773e-16,0
182,"egger",-0.25001024646187,0.182564614023908,0.174695631479766,-0.25001024646187,0.182564614023908,0.174695631479766,5.55111512312578e-17,2.77555756156289e-17,0,1.52031519163917e-16
182,"weighted_median",0.0911958745729385,0.119815602923792,0.446576309374886,0.0911958745729385,0.116903736898598,0.435335694660214,1.38777878078145e-17,0.00291186602519389,0.0112406147146716,0.0249082373450527
182,"simple_mode",0.107692027033605,22.7216632645742,0.996229998989271,0.107692027033605,22.722583935654,0.996230151740587,0,0.000920671079821744,1.52751315818378e-07,4.0517886628955e-05
182,"weighted_mode",0.107692027033605,22.7754522064181,0.996238902559287,0.107692027033605,22.6920671826187,0.996225082010552,0,0.083385023799444,1.38205487352216e-05,0.00367463321558091
183,"ivw",-0.106255191126689,0.147146374573302,0.470229680723212,-0.106255191126689,0.147146374573302,0.470229680723212,2.77555756156289e-17,2.77555756156289e-17,0,1.88625616472815e-16
183,"egger",-0.00587166368628058,0.220694029703869,0.978840683216964,-0.00587166368628117,0.220694029703869,0.978840683216962,5.90673343570103e-16,2.77555756156289e-17,1.99840144432528e-15,1.2576495908327e-16
183,"weighted_median",-0.0601111281874455,0.112311299335604,0.592498510273781,-0.0601111281874455,0.111153028271271,0.588648106483807,4.16333634234434e-17,0.00115827106433378,0.00385040378997403,0.0104205083959296
183,"simple_mode",0.0420666384255695,14.1761659638244,0.997639641039922,0.0420666384255695,15.3936950103458,0.997826327734654,0,1.21752904652145,0.000186686694731875,0.0790927094309176
183,"weighted_mode",0.0420666384255695,14.0088219360207,0.997611445180024,0.0420666384255695,14.4524058303649,0.997684756252539,0,0.443583894344135,7.33110725148478e-05,0.0306927372197198
184,"ivw",0.221345699269878,0.162699120817232,0.173684298890203,0.221345699269878,0.162699120817232,0.173684298890203,5.55111512312578e-17,8.32667268468867e-17,1.66533453693773e-16,5.11783508285976e-16
184,"egger",0.151985786113941,0.23950528937463,0.527511586187113,0.15198578611394,0.23950528937463,0.527511586187114,1.38777878078145e-16,5.55111512312578e-17,2.22044604925031e-16,2.31774218332306e-16
184,"weighted_median",-0.05995541016821,0.116859615568415,0.607912847595773,-0.0599554101682101,0.120431708140809,0.618598642780891,2.08166817117217e-17,0.00357209257239459,0.010685795185118,0.029660731609138
184,"simple_mode",-0.406424127393004,21.7528425685737,0.985139358169196,-0.406424127393004,21.4741743171872,0.984946536238951,0,0.27866825138646,0.000192821930245612,0.0129769018016876
184,"weighted_mode",-0.406424127393004,21.7528425685737,0.985139358169196,-0.406424127393004,21.8159288195387,0.985182326416699,0,0.0630862509650711,4.29682475027171e-05,0.00289175177857062
185,"ivw",-0.0357447789904264,0.154809328294785,0.817395978091088,-0.0357447789904261,0.154809328294785,0.81739597809109,2.91433543964104e-16,8.32667268468867e-17,1.33226762955019e-15,5.3786634025265e-16
185,"egger",-0.248873262011793,0.236232037874916,0.295278013031017,-0.248873262011792,0.236232037874915,0.295278013031018,6.93889390390723e-16,2.22044604925031e-16,8.88178419700125e-16,9.39942807599212e-16
185,"weighted_median",-0.0722810767323849,0.137241356524014,0.598421904254642,-0.0722810767323849,0.133301400743258,0.58765460297799,0,0.00393995578075626,0.0107673012766514,0.029556747031824
185,"simple_mode",-0.117180658864947,9.03945660318087,0.989688995454274,-0.117180658864947,8.52822778235808,0.989070935464995,0,0.511228820822787,0.000618059989279329,0.0599454932336986
185,"weighted_mode",-0.117180658864947,8.9796023103439,0.989620270524445,-0.117180658864947,8.67404124189269,0.989254645189903,0,0.305561068451212,0.000365625334542541,0.035227071203611
186,"ivw",-0.0330643825769679,0.111588953886958,0.766997047458162,-0.0330643825769679,0.111588953886958,0.766997047458162,2.77555756156289e-17,1.38777878078145e-17,1.11022302462516e-16,1.24365246956907e-16
186,"egger",-0.107519960334056,0.149963697248997,0.475478708822076,-0.107519960334056,0.149963697248997,0.475478708822076,2.77555756156289e-17,0,2.22044604925031e-16,0
186,"weighted_median",-0.0624868205112577,0.0757002561601852,0.409115827877522,-0.0624868205112577,0.0762181784179634,0.412306508543588,0,0.000517922257778192,0.00319068066606576,0.00679525893334818
186,"simple_mode",0.301420345618302,10.5617611743266,0.977302594125196,0.301420345618302,10.1759138246437,0.976442210599394,0,0.385847349682967,0.000860383525802533,0.0379177100290035
186,"weighted_mode",0.301420345618302,10.3183633620889,0.976767341931486,0.301420345618302,10.383735751475,0.976913564951236,0,0.0653723893861233,0.000146223019750313,0.00629565225375049
187,"ivw",0.0864875456423286,0.140515289082437,0.538222759427079,0.0864875456423286,0.140515289082437,0.538222759427079,1.38777878078145e-17,5.55111512312578e-17,2.22044604925031e-16,3.95054172351954e-16
187,"egger",-0.0931663012953346,0.197975028027501,0.6392096646311,-0.0931663012953347,0.197975028027501,0.6392096646311,1.2490009027033e-16,2.77555756156289e-17,6.66133814775094e-16,1.40197356667495e-16
187,"weighted_median",0.133002683738971,0.111379003116441,0.232421238839204,0.133002683738971,0.112120285980708,0.23552360525308,0,0.000741282864266946,0.00310236641387604,0.0066114963744785
187,"simple_mode",-0.129866727439182,8.23210599716637,0.98745217689741,-0.129866727439182,8.40504154143506,0.987710330050215,0,0.172935544268697,0.000258153152805418,0.0205752158887212
187,"weighted_mode",-0.129866727439182,8.30421443640725,0.987561125064606,-0.129866727439182,8.0743248428761,0.987206999884355,0,0.229889593531148,0.000354125180250686,0.0284716800481439
188,"ivw",0.144847610151766,0.148109720571988,0.328086668274051,0.144847610151766,0.148109720571988,0.328086668274051,2.77555756156289e-17,5.55111512312578e-17,0,3.74797488084362e-16
188,"egger",0.265336271506407,0.225708256600262,0.243252769680795,0.265336271506406,0.225708256600262,0.243252769680795,4.9960036108132e-16,2.4980018054066e-16,3.05311331771918e-16,1.10673922302748e-15
188,"weighted_median",-0.0835667768510252,0.115014625539605,0.467486212846136,-0.0835667768510252,0.113902082141252,0.463148622361949,5.55111512312578e-17,0.00111254339835359,0.00433759048418741,0.00976754223837551
188,"simple_mode",-0.121292459631103,8.45046162700651,0.988583369286107,-0.121292459631103,8.12718216346368,0.988129277069372,0,0.323279463542827,0.000454092216734647,0.039777558450228
188,"weighted_mode",-0.121292459631103,8.54242668743612,0.988706268709945,-0.121292459631103,8.34564627820013,0.988439994725505,0,0.196780409235993,0.000266273984440568,0.0235788101575798
189,"ivw",0.292316316120243,0.156379641886557,0.0615847769233507,0.292316316120243,0.156379641886557,0.0615847769233508,5.55111512312578e-17,1.11022302462516e-16,1.17961196366423e-16,7.09953681458452e-16
189,"egger",0.14754080679547,0.234027824189838,0.530202704172441,0.147540806795469,0.234027824189838,0.530202704172442,5.55111512312578e-17,2.77555756156289e-16,7.7715611723761e-16,1.18599468724344e-15
189,"weighted_median",-0.0235328947596844,0.126019805752154,0.851864764565146,-0.0235328947596844,0.119708848614498,0.844152762522214,1.38777878078145e-17,0.00631095713765635,0.00771200204293265,0.0527192200969181
189,"simple_mode",0.162329622013844,9.16338701937242,0.9859097586166,0.162329622013844,9.60546587068604,0.986558179321113,0,0.442078851313616,0.000648420704512653,0.0460236762344606
189,"weighted_mode",0.162329622013844,9.20823828364756,0.985978381808927,0.162329622013844,8.86562363924611,0.985436572391327,0,0.342614644401458,0.000541809417600403,0.038645295395214
190,"ivw",-0.333636160644747,0.138100734126735,0.0156968094078159,-0.333636160644747,0.138100734126735,0.0156968094078159,1.66533453693773e-16,2.77555756156289e-17,2.08166817117217e-17,2.00980652211144e-16
190,"egger",-0.410449271533942,0.191701724545152,0.0353113008711039,-0.410449271533942,0.191701724545152,0.0353113008711039,1.11022302462516e-16,5.55111512312578e-17,0,2.89570432206431e-16
190,"weighted_median",-0.330605996186949,0.0994743033258286,0.000888853335579781,-0.330605996186949,0.0998519193972627,0.000929755491654493,0,0.00037761607143412,4.09021560747119e-05,0.00378176076848125
190,"simple_mode",-0.115567982519862,4.01126348338031,0.977086301094496,-0.115567982519862,4.0867744339764,0.977509560065604,0,0.075510950596092,0.000423258971107843,0.0184769068653051
190,"weighted_mode",-0.437185063869086,3.95469474253016,0.91224794276053,-0.437185063869086,4.01318775716922,0.913521795465186,0,0.0584930146390588,0.00127385270465596,0.0145752001098294
191,"ivw",-0.243149376389841,0.149708026625875,0.104342252698087,-0.24314937638984,0.149708026625875,0.104342252698087,1.94289029309402e-16,2.77555756156289e-17,2.35922392732846e-16,1.85398046057951e-16
191,"egger",-0.10258899242327,0.212886793167209,0.631196571248284,-0.102588992423269,0.212886793167209,0.631196571248285,3.19189119579733e-16,0,1.11022302462516e-15,0
191,"weighted_median",-0.0276290530439737,0.143808035357103,0.847644650639601,-0.0276290530439737,0.144317991198675,0.848176450219129,3.46944695195361e-18,0.000509955841571125,0.000531799579528092,0.00353355695527314
191,"simple_mode",0.260569886144057,8.60878775327326,0.97592785581803,0.260569886144057,7.96159907237985,0.973971741172752,0,0.647188680893414,0.00195611464527801,0.0812887806846018
191,"weighted_mode",-0.140971885355964,8.74878948173049,0.987183625265439,-0.140971885355964,7.93869936412428,0.985875934362378,0,0.810090117606207,0.00130769090306115,0.102043178668168
192,"ivw",0.0261311583217621,0.126276532639109,0.83605985487598,0.0261311583217621,0.126276532639109,0.83605985487598,2.42861286636753e-17,2.77555756156289e-17,1.11022302462516e-16,2.19799950438556e-16
192,"egger",-0.231914379168415,0.176406632608943,0.192381340826269,-0.231914379168415,0.176406632608943,0.19238134082627,4.71844785465692e-16,1.38777878078145e-16,6.93889390390723e-16,7.86693085320585e-16
192,"weighted_median",-0.197696634780573,0.0953028655517769,0.0380418165969374,-0.197696634780573,0.098744289359775,0.0452732228315995,4.9960036108132e-16,0.00344142380799808,0.00723140623466205,0.0348518768053437
192,"simple_mode",0.2772510665149,21.9383409070639,0.989947885609711,0.2772510665149,23.6896236016639,0.990690964019713,0,1.75128269459993,0.000743078410002318,0.0739261511304436
192,"weighted_mode",0.2772510665149,22.2862974393639,0.990104821267743,0.2772510665149,20.8535086017513,0.989424989233806,0,1.43278883761261,0.000679832033937067,0.0687073271445686
193,"ivw",-0.235533064096536,0.140173891322445,0.09290052250583,-0.235533064096536,0.140173891322445,0.0929005225058298,1.38777878078145e-16,0,1.80411241501588e-16,0
193,"egger",-0.44397770399977,0.208310551602823,0.0361319504273452,-0.44397770399977,0.208310551602823,0.0361319504273452,2.22044604925031e-16,5.55111512312578e-17,1.38777878078145e-17,2.66482666404238e-16
193,"weighted_median",-0.291063578598668,0.121546635764144,0.0166355178071953,-0.291063578598668,0.122997668248091,0.0179612778501039,0,0.00145103248394733,0.00132576004290864,0.0117972357087334
193,"simple_mode",0.253500852504624,14.3718338625952,0.98597043779474,0.253500852504624,14.4662266239957,0.986061971784968,0,0.0943927614004352,9.15339902277656e-05,0.0065250437348923
193,"weighted_mode",-0.472321393824192,14.2372465614341,0.973616606703253,-0.472321393824192,14.2173227253888,0.97357964736793,0,0.019923836045356,3.69593353231057e-05,0.00140137749069849
194,"ivw",-0.0396416171231869,0.120037631736728,0.741216172639572,-0.0396416171231869,0.120037631736728,0.741216172639572,6.93889390390723e-18,4.16333634234434e-17,0,3.46835928209211e-16
194,"egger",0.213320821368144,0.172153314650863,0.218919444985708,0.213320821368144,0.172153314650863,0.218919444985708,5.55111512312578e-17,2.77555756156289e-17,0,1.61225914655892e-16
194,"weighted_median",-0.00921083347227165,0.0794912224600314,0.907753722309914,-0.00921083347227166,0.080115989888039,0.908469908866351,1.04083408558608e-17,0.000624767428007503,0.00071618655643757,0.00779828632062847
194,"simple_mode",-0.309254723155181,4.95926203487713,0.950430550023392,-0.309254723155184,4.69047112624217,0.947593987623652,2.77555756156289e-15,0.268790908634956,0.00283656239973984,0.0573057378247419
194,"weighted_mode",0.0214309321805827,5.03520665147884,0.996614505475624,0.0214309321805799,4.67328136074271,0.996352315461238,2.83106871279415e-15,0.361925290736128,0.000262190014385988,0.077445645318177
195,"ivw",-0.293009427926527,0.151129033800029,0.0525253276280092,-0.293009427926527,0.151129033800029,0.0525253276280092,0,2.77555756156289e-17,4.16333634234434e-17,1.83654820769612e-16
195,"egger",-0.573832991267445,0.221200800350346,0.0112739180532274,-0.573832991267445,0.221200800350347,0.0112739180532274,2.22044604925031e-16,8.32667268468867e-17,0,3.76430495346335e-16
195,"weighted_median",-0.369097156851338,0.11358691456585,0.00115620682407304,-0.369097156851338,0.115395069480627,0.00138119511035879,5.55111512312578e-17,0.00180815491477659,0.000224988286285741,0.015669256259516
195,"simple_mode",-0.736492264975955,9.77051742499838,0.940098993349655,-0.736492264975955,9.1034702626887,0.93571916488513,0,0.667047162309677,0.004379828464525,0.0732739431295363
195,"weighted_mode",-0.236721200904466,9.82150186656698,0.980830253653338,-0.236721200904466,9.63220248892137,0.980453591238997,0,0.189299377645616,0.000376662414341311,0.0196527614388653
196,"ivw",-0.00114405122104961,0.127652348688741,0.992849261328379,-0.00114405122104961,0.127652348688741,0.992849261328379,2.60208521396521e-18,2.77555756156289e-17,0,2.17430982670803e-16
196,"egger",0.189323354166584,0.19383700839658,0.331654980573177,0.189323354166584,0.19383700839658,0.331654980573178,8.32667268468867e-17,2.77555756156289e-17,2.22044604925031e-16,1.43190280562123e-16
196,"weighted_median",0.280326738371387,0.122065867144136,0.0216461514411801,0.280326738371386,0.12745282047342,0.0278455882430712,5.55111512312578e-17,0.00538695332928438,0.00619943680189111,0.0422662543620038
196,"simple_mode",0.100013186812085,14.0944991061726,0.994355784197973,0.100013186812085,12.6202851021274,0.993696479372872,0,1.47421400404526,0.000659304825101237,0.116813050744531
196,"weighted_mode",0.100013186812085,14.1678343248637,0.994384999165644,0.100013186812085,13.6647289729387,0.994178270820147,0,0.503105351924969,0.000206728345497509,0.0368178068457344
197,"ivw",0.183096907026833,0.143075471447425,0.200642731310643,0.183096907026833,0.143075471447425,0.200642731310642,5.55111512312578e-17,0,2.22044604925031e-16,0
197,"egger",0.359723912537562,0.205951022787225,0.0845365804524447,0.359723912537562,0.205951022787225,0.0845365804524447,5.55111512312578e-17,0,2.77555756156289e-17,0
197,"weighted_median",-0.183883920640409,0.099477718645915,0.0645309775429419,-0.183883920640409,0.104292084962367,0.0778730422101929,2.77555756156289e-17,0.00481436631645242,0.013342064667251,0.0461623364629217
197,"simple_mode",0.0109556766074971,20.0530122735448,0.999565430499237,0.0109556766074971,16.9175108835084,0.999484887143579,0,3.13550139003636,8.05433556587687e-05,0.185340586545324
197,"weighted_mode",0.0109556766074971,20.0530122735448,0.999565430499237,0.0109556766074971,17.9437415862745,0.999514347251304,0,2.10927068727032,5.10832479330148e-05,0.117549100734027
198,"ivw",0.0585935080665289,0.176775163460925,0.740298706252899,0.0585935080665289,0.176775163460925,0.7402987062529,6.2450045135165e-17,1.11022302462516e-16,3.33066907387547e-16,6.28042425694356e-16
198,"egger",0.464810071199989,0.273733560576179,0.0933872525573992,0.464810071199989,0.273733560576178,0.093387252557399,1.66533453693773e-16,1.66533453693773e-16,1.52655665885959e-16,6.08377918086621e-16
198,"weighted_median",-0.0958562541255096,0.118327399283036,0.417886453906292,-0.0958562541255096,0.112660734720476,0.394858265025586,0,0.00566666456256013,0.0230281888807057,0.0502984875486545
198,"simple_mode",-0.159475659839422,14.1926501821167,0.991062391273574,-0.159475659839422,14.712667893657,0.991378277367663,0,0.520017711540373,0.000315886094089279,0.0353448956572019
198,"weighted_mode",-0.159475659839422,14.329933356897,0.991148011474548,-0.159475659839422,15.1711218302355,0.991638806091052,0,0.841188473338498,0.00049079461650392,0.0554466889628451
199,"ivw",0.203163474195776,0.158164510272584,0.198964497396392,0.203163474195776,0.158164510272584,0.198964497396392,5.55111512312578e-17,0,5.55111512312578e-17,0
199,"egger",0.366361244195515,0.222247294763089,0.103184527654524,0.366361244195515,0.222247294763089,0.103184527654524,2.22044604925031e-16,5.55111512312578e-17,1.2490009027033e-16,2.49771999656651e-16
199,"weighted_median",0.0977772196234172,0.0947002156324006,0.301841670749401,0.0977772196234172,0.0902206755804658,0.27847289489892,0,0.00447954005193479,0.0233687758504808,0.0496509256122738
199,"simple_mode",0.132242049399458,10.3219354920908,0.989809486152844,0.132242049399458,9.96259932438489,0.989441950919452,0,0.359336167705907,0.00036753523339228,0.0360685154552367
199,"weighted_mode",0.132242049399458,10.2488012389223,0.989736771902644,0.132242049399458,9.70641533668731,0.989163306766623,0,0.542385902235019,0.000573465136020967,0.0558791153501297
200,"ivw",0.00817288312853043,0.128879242246297,0.949436006062935,0.00817288312853054,0.128879242246297,0.949436006062935,1.05818132034585e-16,2.77555756156289e-17,6.66133814775094e-16,2.15361101849017e-16
200,"egger",0.157543512276414,0.173008567516016,0.365235950944846,0.157543512276414,0.173008567516016,0.365235950944847,1.66533453693773e-16,0,4.44089209850063e-16,0
200,"weighted_median",0.0419074011156948,0.0642823418625579,0.514448197560225,0.0419074011156948,0.0671690840516544,0.532687299953167,0,0.00288674218909654,0.0182391023929422,0.0429772451099166
200,"simple_mode",0.193467516618372,4.82013247737478,0.9680823632338,0.193467516618372,4.28579100538869,0.964105537800808,0,0.534341471986089,0.00397682543299127,0.124677444913726
200,"weighted_mode",-0.0978299056340832,4.81007725414845,0.983823336435232,-0.0978299056340832,4.33665450835674,0.982057655051321,0,0.473422745791713,0.00176568138391087,0.109167733993895
201,"ivw",-0.0301111791892354,0.111417605845707,0.786963984902159,-0.0301111791892354,0.111417605845707,0.786963984902159,2.08166817117217e-17,2.77555756156289e-17,1.11022302462516e-16,2.49113014096402e-16
201,"egger",-0.267713603599707,0.173704014464042,0.12721319475516,-0.267713603599707,0.173704014464042,0.12721319475516,0,2.77555756156289e-17,5.55111512312578e-17,1.59786610005922e-16
201,"weighted_median",0.121335614155531,0.119205026695414,0.308738170760648,0.121335614155531,0.129522674758175,0.34886632140326,2.77555756156289e-17,0.0103176480627609,0.0401281506426118,0.079659010146482
201,"simple_mode",0.322692311342509,0.182485101070815,0.0807723138684852,0.322692311342509,0.197968127745784,0.106979833392602,0,0.0154830266749689,0.0262075195241164,0.0782096939101787
201,"weighted_mode",0.163132685023266,0.106546149377644,0.129641351915293,0.163132685023266,0.113061191202201,0.152912959005641,0,0.00651504182455703,0.0232716070903482,0.0576240331035023
202,"ivw",0.0712865773083338,0.112753253993476,0.527233192309112,0.0712865773083337,0.112753253993476,0.527233192309112,5.55111512312578e-17,1.38777878078145e-17,2.22044604925031e-16,1.23081040380595e-16
202,"egger",0.262852757563216,0.180870591787619,0.15006196750956,0.262852757563215,0.180870591787619,0.15006196750956,4.44089209850063e-16,1.11022302462516e-16,5.27355936696949e-16,6.13821746062953e-16
202,"weighted_median",-0.0954538880655698,0.109937894336716,0.385255937792931,-0.0954538880655698,0.107513476865237,0.37463121269313,0,0.00242441747147884,0.0106247250998008,0.0225498936707045
202,"simple_mode",0.0080885660392376,0.427340161680953,0.984945329483001,0.0080885660392376,0.422713389906808,0.984780570175194,0,0.00462677177414439,0.000164759307806683,0.0109454109678532
202,"weighted_mode",-0.0912950997150036,0.399235647577337,0.819698096835953,-0.0912950997150036,0.399127003903372,0.819649878027837,0,0.000108643673965569,4.82188081163404e-05,0.000272203265885442
203,"ivw",0.0628936169094719,0.0926878266066601,0.49742103494067,0.0628936169094719,0.0926878266066601,0.49742103494067,4.16333634234434e-17,4.16333634234434e-17,1.66533453693773e-16,4.49178332772038e-16
203,"egger",0.172533337571911,0.13555833110662,0.206789427642366,0.172533337571911,0.135558331106621,0.206789427642366,3.05311331771918e-16,1.38777878078145e-16,2.77555756156289e-16,1.02375027005158e-15
203,"weighted_median",0.088501590699871,0.0874768317307721,0.311674516972372,0.088501590699871,0.0834423564548248,0.288857406731455,0,0.00403447527594723,0.0228171102409171,0.0483504475108091
203,"simple_mode",-0.0513134564694886,0.457170872056069,0.91090976879828,-0.0513134564694886,0.460356397307884,0.911523656850134,0,0.00318552525181492,0.000613888051853806,0.00691969367742806
203,"weighted_mode",0.074298796967351,0.423816692561092,0.861274493048098,0.074298796967351,0.403118051030556,0.854230715669596,0,0.0206986415305355,0.00704377737850204,0.0513463524583437
204,"ivw",-0.0415682623860728,0.148187920686576,0.779085898513017,-0.0415682623860728,0.148187920686576,0.779085898513017,1.38777878078145e-17,5.55111512312578e-17,0,3.74599704038404e-16
204,"egger",-0.0890991525376781,0.233704841612535,0.704030992962807,-0.0890991525376784,0.233704841612535,0.704030992962806,2.4980018054066e-16,1.66533453693773e-16,5.55111512312578e-16,7.12580246710821e-16
204,"weighted_median",-0.260402995975349,0.119439235025701,0.0292416621113067,-0.260402995975349,0.117676090531976,0.0269059616510863,0,0.00176314449372568,0.00233570046022043,0.0149830308413126
204,"simple_mode",-0.129696056669469,1.14929804781793,0.910430225309191,-0.129696056669469,1.1955098718308,0.913878495682884,0,0.0462118240128697,0.003448270373693,0.0386544896882373
204,"weighted_mode",-0.129696056669469,1.1279392252357,0.908741601786465,-0.129696056669469,1.16664356925242,0.911756352379018,0,0.0387043440167236,0.00301475059255285,0.0331758088218196
205,"ivw",0.258969968080583,0.101935357985834,0.0110684184389903,0.258969968080583,0.101935357985834,0.0110684184389903,2.22044604925031e-16,8.32667268468867e-17,0,8.16858139238184e-16
205,"egger",-0.0408827469145161,0.15107484121762,0.787385998049414,-0.0408827469145159,0.15107484121762,0.787385998049415,1.94289029309402e-16,5.55111512312578e-17,8.88178419700125e-16,3.67441400459889e-16
205,"weighted_median",0.253624659621968,0.0855851364313485,0.00304241657957894,0.253624659621968,0.0893186711259417,0.00451774886835956,5.55111512312578e-17,0.00373353469459321,0.00147533228878062,0.0418001594462688
205,"simple_mode",0.0973549235604426,0.553658991465164,0.860859175264698,0.0973549235604426,0.525188228016947,0.853401065076999,0,0.0284707634482178,0.00745811018769826,0.054210589517058
205,"weighted_mode",0.0973549235604426,0.534340269641517,0.855883735289898,0.0973549235604426,0.507631397538044,0.848392378323386,0,0.0267088721034725,0.00749135696651138,0.0526146968706182
206,"ivw",-0.0566280743483461,0.122520547932406,0.643943304583606,-0.0566280743483461,0.122520547932406,0.643943304583605,1.38777878078145e-17,4.16333634234434e-17,3.33066907387547e-16,3.39807192556894e-16
206,"egger",0.230409532621824,0.185799726584942,0.218564850394614,0.230409532621824,0.185799726584942,0.218564850394614,3.05311331771918e-16,2.77555756156289e-17,5.27355936696949e-16,1.49384372764079e-16
206,"weighted_median",0.194948775927262,0.102126406074915,0.0562753981225921,0.194948775927262,0.0985709876170296,0.0479569106933513,5.55111512312578e-17,0.00355541845788537,0.00831848742924081,0.0360696239719031
206,"simple_mode",0.149181796131116,0.455686107281235,0.744226286797049,0.149181796131116,0.46815780833468,0.750806799040465,0,0.012471701053445,0.00658051224341627,0.026639950955446
206,"weighted_mode",0.043379540331354,0.428651281869425,0.919641727255209,0.043379540331354,0.435966770795772,0.920985595875472,0,0.00731548892634698,0.00134386862026314,0.0167799231877099
207,"ivw",-0.0890004612305897,0.133457515885331,0.504847288595498,-0.0890004612305898,0.133457515885331,0.504847288595498,5.55111512312578e-17,2.77555756156289e-17,2.22044604925031e-16,2.07973117373749e-16
207,"egger",-0.0993541940018191,0.217403248942662,0.648906589173981,-0.0993541940018192,0.217403248942662,0.648906589173981,4.16333634234434e-17,1.38777878078145e-16,0,6.38343165307275e-16
207,"weighted_median",-0.0951120595590694,0.103945998890483,0.360184203094189,-0.0951120595590694,0.100263049603551,0.342811248873164,0,0.00368294928693191,0.017372954221025,0.0367328672077561
207,"simple_mode",-0.226294165635572,1.16314168683137,0.846229055460995,-0.226294165635572,1.2422167738458,0.855904750229968,0,0.0790750870144226,0.00967569476897234,0.0636564315337757
207,"weighted_mode",0.0501542115913285,1.17468620301656,0.966049071160071,0.0501542115913285,1.11902100051291,0.964361314676808,0,0.0556652025036504,0.00168775648326303,0.0497445557126596
208,"ivw",-0.0821072466052796,0.136486678283095,0.54745574190336,-0.0821072466052797,0.136486678283095,0.54745574190336,4.16333634234434e-17,5.55111512312578e-17,0,4.06714793923837e-16
208,"egger",0.26724783740089,0.191822739459947,0.167417826115975,0.26724783740089,0.191822739459947,0.167417826115975,1.11022302462516e-16,0,1.66533453693773e-16,0
208,"weighted_median",-0.0953337884664638,0.109175995336487,0.382547539143792,-0.0953337884664638,0.107675982870969,0.375953584498601,2.77555756156289e-17,0.00150001246551797,0.0065939546451913,0.0139307989165557
208,"simple_mode",-0.329153582296144,0.513849035918392,0.523613568800233,-0.329153582296144,0.505272899302303,0.516608302711779,0,0.00857613661608847,0.00700526608845398,0.0169732764767924
208,"weighted_mode",0.0241073000079296,0.493080382256669,0.961126342547104,0.0241073000079296,0.448418869518988,0.957258217100181,0,0.0446615127376819,0.00386812544692261,0.0995977550757167
209,"ivw",0.41578236259676,0.132459349165627,0.00169558357654129,0.41578236259676,0.132459349165627,0.00169558357654125,5.55111512312578e-16,5.55111512312578e-17,3.33934269125535e-17,4.19080658186286e-16
209,"egger",0.697110670630498,0.196377107322739,0.000648872795453132,0.697110670630498,0.196377107322739,0.000648872795453126,2.22044604925031e-16,1.94289029309402e-16,6.17995238316738e-18,9.89366998822806e-16
209,"weighted_median",0.07405385313501,0.112599867650106,0.510748501603436,0.07405385313501,0.112759325163744,0.511346433486442,1.38777878078145e-17,0.000159457513637537,0.000597931883005831,0.0014141403684882
209,"simple_mode",0.280421807389892,0.79929876894144,0.726623125536696,0.280421807389892,0.791116600367073,0.723912853491357,0,0.00818216857436749,0.00271027204533891,0.0103425570523625
209,"weighted_mode",0.133717537686575,0.758605171129576,0.860523649358569,0.133717537686575,0.713009866048393,0.851706621651246,0,0.0455953050811826,0.00881702770732262,0.0639476496081023
210,"ivw",0.273076922030057,0.126094108866893,0.0303372055501487,0.273076922030057,0.126094108866893,0.0303372055501488,5.55111512312578e-17,0,3.12250225675825e-17,0
210,"egger",0.0529626610904131,0.187672627989027,0.778513060714782,0.0529626610904134,0.187672627989027,0.77851306071478,3.05311331771918e-16,1.11022302462516e-16,1.4432899320127e-15,5.9157429430256e-16
210,"weighted_median",0.228879466797345,0.096087807315561,0.017219719977173,0.228879466797345,0.0955565537010502,0.0166101592509789,0,0.000531253614510813,0.000609560726194124,0.00555957277585424
210,"simple_mode",0.185280188837509,0.181954171348946,0.311577055427308,0.185280188837509,0.174580827695358,0.29171411280298,0,0.00737334365358802,0.0198629426243283,0.0422345554831167
210,"weighted_mode",0.241625128612251,0.0990671500119669,0.0169135715475682,0.241625128612251,0.0978323369835334,0.0156203236393498,0,0.00123481302843351,0.00129324790821836,0.0126217267879571
211,"ivw",0.0106689472048029,0.117418014020407,0.927601489528771,0.010668947204803,0.117418014020407,0.927601489528771,3.29597460435593e-17,0,2.22044604925031e-16,0
211,"egger",0.310283868250133,0.184465442170256,0.0964548740785511,0.310283868250132,0.184465442170255,0.0964548740785514,4.44089209850063e-16,1.11022302462516e-16,2.77555756156289e-16,6.01859628320224e-16
211,"weighted_median",-0.0390607820444354,0.104054032714038,0.707370878937636,-0.0390607820444353,0.101597883668906,0.700634184489388,9.71445146547012e-17,0.00245614904513228,0.00673669444824798,0.0241751988962344
211,"simple_mode",0.103822896970478,0.452316187278059,0.819030885224783,0.103822896970478,0.457277383627308,0.820960205096619,0,0.00496119634924919,0.00192931987183631,0.0108494242813738
211,"weighted_mode",-0.127110264013141,0.442787759195001,0.774793218755142,-0.127110264013141,0.444193748611316,0.775486556937457,0,0.00140598941631503,0.00069333818231565,0.00316526160197117
212,"ivw",-0.00843659220912888,0.153146247247514,0.956067983041735,-0.00843659220912892,0.153146247247514,0.956067983041734,3.64291929955129e-17,2.77555756156289e-17,2.22044604925031e-16,1.81235754153156e-16
212,"egger",-0.0753495569927422,0.244192035781128,0.75845316058984,-0.0753495569927422,0.244192035781128,0.75845316058984,0,1.66533453693773e-16,2.22044604925031e-16,6.81977416507715e-16
212,"weighted_median",-0.0100663634389554,0.110358157214885,0.927321438640574,-0.0100663634389553,0.113363657441968,0.929243166570134,1.2490009027033e-16,0.00300550022708342,0.00192172792955958,0.0265120259428994
212,"simple_mode",-0.0701682034255263,0.470152464789033,0.881730778799478,-0.0701682034255263,0.424931464881055,0.869254431290362,0,0.0452209999079782,0.0124763475091154,0.106419513840041
212,"weighted_mode",-0.0701682034255263,0.409033719853826,0.864222107741688,-0.0701682034255263,0.384635364376098,0.855702776285011,0,0.0243983554777286,0.00851933145667683,0.0634324290937319
213,"ivw",0.161804993600379,0.1344747371562,0.228884579504582,0.161804993600379,0.1344747371562,0.228884579504582,2.77555756156289e-17,2.77555756156289e-17,0,2.06399924644503e-16
213,"egger",0.201351467933593,0.208335604388504,0.336718471709513,0.201351467933593,0.208335604388504,0.336718471709513,2.77555756156289e-17,2.77555756156289e-17,0,1.33225310657272e-16
213,"weighted_median",0.025891338672794,0.117464209466866,0.825544881978401,0.025891338672794,0.120366073702325,0.829685492059291,2.77555756156289e-17,0.00290186423545921,0.00414061008089028,0.0241086557549077
213,"simple_mode",0.0775052977336019,0.91837332137961,0.932951328638108,0.0775052977336019,0.950707114863955,0.935226471864935,0,0.0323337934843454,0.00227514322682676,0.034010257185224
213,"weighted_mode",0.0775052977336019,0.912615776971269,0.932529354718726,0.0775052977336019,0.916238425605063,0.932795477237764,0,0.0036226486337938,0.000266122519037348,0.00395382744551615
214,"ivw",-0.147457039405525,0.117937407506631,0.211190291768144,-0.147457039405525,0.117937407506631,0.211190291768144,2.77555756156289e-17,5.55111512312578e-17,2.22044604925031e-16,4.70683156471254e-16
214,"egger",-0.273521198856665,0.171522422542532,0.114729991806389,-0.273521198856665,0.171522422542532,0.114729991806389,2.77555756156289e-16,1.11022302462516e-16,1.52655665885959e-16,6.47275736995761e-16
214,"weighted_median",0.316404408398186,0.0945921057559277,0.000823019717166067,0.316404408398186,0.0887929373884282,0.000366087608632656,0,0.00579916836749947,0.000456932108533412,0.0653111445354125
214,"simple_mode",0.207861693220296,0.408448605759736,0.612202017261631,0.207861693220296,0.381531207439642,0.587381678365917,0,0.0269173983200945,0.0248203388957142,0.0705509740624635
214,"weighted_mode",0.207861693220296,0.408768132646729,0.612479649675305,0.207861693220296,0.385274895671677,0.591011400720922,0,0.0234932369750513,0.0214682489543825,0.0609778556531536
215,"ivw",-0.350937810591028,0.143299571877214,0.0143261333193747,-0.350937810591029,0.143299571877214,0.0143261333193746,3.88578058618805e-16,2.77555756156289e-17,8.50014503228635e-17,1.93689173331314e-16
215,"egger",-0.299504453489288,0.223146431788005,0.183331805396943,-0.299504453489288,0.223146431788005,0.183331805396942,2.22044604925031e-16,0,3.05311331771918e-16,0
215,"weighted_median",-0.152326969247962,0.104740590563234,0.145855931761084,-0.152326969247962,0.104465911439723,0.144799200833152,8.32667268468867e-17,0.000274679123511368,0.00105673092793246,0.00262936607478754
215,"simple_mode",-0.21298923621018,0.35802099688068,0.553563874809494,-0.21298923621018,0.382618693399438,0.57929324601995,0,0.0245976965187581,0.025729371210456,0.0642877542135118
215,"weighted_mode",-0.21298923621018,0.337343416691281,0.529574968025393,-0.21298923621018,0.327352813361959,0.517119498598791,0,0.00999060332932211,0.0124554694266023,0.030519375186415
216,"ivw",-0.0732448561602388,0.146735305108524,0.617664456996155,-0.0732448561602387,0.146735305108524,0.617664456996155,4.16333634234434e-17,2.77555756156289e-17,1.11022302462516e-16,1.89154038934946e-16
216,"egger",-0.333623533034976,0.238847588481011,0.166335107535412,-0.333623533034976,0.238847588481011,0.166335107535412,1.11022302462516e-16,0,1.11022302462516e-16,0
216,"weighted_median",-0.0569194282034984,0.120563961556534,0.636848415279957,-0.0569194282034985,0.112714224954495,0.613566658849125,8.32667268468867e-17,0.00784973660203922,0.0232817564308319,0.0696428210832155
216,"simple_mode",0.0426925056256215,0.969326421629013,0.964978144583656,0.0426925056256215,1.00953834575935,0.966372275778717,0,0.0402119241303331,0.00139413119506104,0.0398319928106217
216,"weighted_mode",0.0426925056256215,0.97007120030128,0.965005015272381,0.0426925056256215,0.992367122771596,0.965790765501965,0,0.022295922470316,0.000785750229584159,0.0224674134790413
217,"ivw",-0.167970055765682,0.111113298324498,0.130610009234848,-0.167970055765682,0.111113298324498,0.130610009234848,2.77555756156289e-17,2.77555756156289e-17,1.38777878078145e-16,2.49795263340765e-16
217,"egger",-0.159312928492444,0.168797798244812,0.348108808513021,-0.159312928492444,0.168797798244812,0.34810880851302,0,1.11022302462516e-16,4.44089209850063e-16,6.5772364104831e-16
217,"weighted_median",-0.0572940616689347,0.0941235219698619,0.54271574347786,-0.0572940616689347,0.0928603443330372,0.537240200648494,0,0.00126317763682469,0.0054755428293658,0.0136029824775837
217,"simple_mode",0.220318089056649,0.45610855319683,0.630371302804176,0.220318089056649,0.40342885176111,0.58648872376531,0,0.0526797014357206,0.0438825790388663,0.130579905739897
217,"weighted_mode",-0.124826384081528,0.421537017935186,0.767894797192686,-0.124826384081528,0.410317081978067,0.761740988223035,0,0.0112199359571186,0.00615380896965134,0.0273445499832208
218,"ivw",-0.0935014579528486,0.124489590360822,0.452605398800512,-0.0935014579528485,0.124489590360822,0.452605398800512,4.16333634234434e-17,0,2.22044604925031e-16,0
218,"egger",-0.211197797445736,0.194639541291149,0.281149086663446,-0.211197797445736,0.194639541291149,0.281149086663446,2.77555756156289e-17,2.77555756156289e-17,1.11022302462516e-16,1.42599881974193e-16
218,"weighted_median",0.0149220065119495,0.0958970318458572,0.876344803805366,0.0149220065119496,0.0950532456020819,0.875256066586408,4.85722573273506e-17,0.000843786243775332,0.0010887372189583,0.00887698508799632
218,"simple_mode",-0.126324147752427,0.413322123500428,0.760669524031802,-0.126324147752427,0.389451135954888,0.746498205637864,0,0.02387098754554,0.0141713183939387,0.06129392198847
218,"weighted_mode",-0.126324147752427,0.366555053116001,0.731269271138244,-0.126324147752427,0.370880959490084,0.734282299687533,0,0.00432590637408353,0.00301302854928975,0.0116638675116434
219,"ivw",-0.0624183547518265,0.114287447201113,0.584961235987223,-0.0624183547518263,0.114287447201113,0.584961235987224,1.45716771982052e-16,0,6.66133814775094e-16,0
219,"egger",-0.0355160077583399,0.171280920621796,0.836259299549935,-0.0355160077583398,0.171280920621796,0.836259299549935,6.93889390390723e-17,1.66533453693773e-16,2.22044604925031e-16,9.72282569997944e-16
219,"weighted_median",0.0230272420378138,0.121788749486016,0.850033814899999,0.0230272420378138,0.12470168739856,0.853496801035185,0,0.0029129379125433,0.00346298613518581,0.0233592501698333
219,"simple_mode",0.0548274441225037,0.697446977403386,0.937535415743416,0.0548274441225037,0.744724349760363,0.941493365121801,0,0.0472773723569776,0.00395794937838445,0.0634830489592431
219,"weighted_mode",0.0548274441225037,0.682129101861762,0.936135734083259,0.0548274441225037,0.760621110196097,0.942713971585639,0,0.0784920083343346,0.00657823750237985,0.103194622502784
220,"ivw",-0.228929402293587,0.127741792789705,0.0731127671899087,-0.228929402293587,0.127741792789706,0.0731127671899089,8.32667268468867e-17,8.32667268468867e-17,1.2490009027033e-16,6.51836216076631e-16
220,"egger",-0.355220612879374,0.197544887459058,0.0759213648595803,-0.355220612879373,0.197544887459058,0.0759213648595804,1.66533453693773e-16,0,1.52655665885959e-16,0
220,"weighted_median",-0.146383982088811,0.105883467384164,0.166817974216286,-0.146383982088811,0.104856400646639,0.162701724926581,2.77555756156289e-17,0.00102706673752498,0.00411624928970486,0.00979498372241618
220,"simple_mode",-0.570553978981227,0.725257587444498,0.433758135959122,-0.570553978981227,0.736687295271834,0.440898346070701,0,0.0114297078273359,0.00714021011157839,0.0155150060286005
220,"weighted_mode",-0.142491215078667,0.683916360382318,0.835481848542895,-0.142491215078667,0.673932512363017,0.833080890316229,0,0.00998384801930063,0.00240095822666597,0.0148143142468289
221,"ivw",0.295142690221394,0.108014378048592,0.00628673275275823,0.295142690221394,0.108014378048592,0.00628673275275819,2.22044604925031e-16,1.38777878078145e-17,3.90312782094782e-17,1.28480930581031e-16
221,"egger",0.378201245341714,0.163429764443863,0.0232256419793986,0.378201245341714,0.163429764443863,0.0232256419793986,5.55111512312578e-17,5.55111512312578e-17,2.08166817117217e-17,3.39663655639212e-16
221,"weighted_median",0.325183599192294,0.0944678597167894,0.000576860501201328,0.325183599192294,0.0918179640318696,0.000397690050847564,0,0.00264989568491979,0.000179170450353764,0.0288603184884389
221,"simple_mode",0.181577454985969,0.593838043484863,0.76056475306979,0.181577454985969,0.5970271190425,0.76180421405381,0,0.00318907555763714,0.00123946098401917,0.00534159246024154
221,"weighted_mode",0.335876308426698,0.562213741502388,0.551895180017277,0.335876308426698,0.542966495976533,0.537918990176007,0,0.0192472455258555,0.0139761898412705,0.0354483115781188
222,"ivw",-0.153224301196645,0.159941186967349,0.338060727932321,-0.153224301196645,0.159941186967349,0.338060727932321,1.11022302462516e-16,2.77555756156289e-17,3.33066907387547e-16,1.73536136262982e-16
222,"egger",-0.0192789126573834,0.259996502430355,0.941075601497332,-0.0192789126573835,0.259996502430355,0.941075601497332,2.42861286636753e-17,3.33066907387547e-16,1.11022302462516e-16,1.28104379972098e-15
222,"weighted_median",0.0910399887932186,0.122620753962258,0.457813697769778,0.0910399887932186,0.125491984332274,0.468167071283883,0,0.00287123037001676,0.0103533735141051,0.0228797909706678
222,"simple_mode",0.218434176786853,0.482936362923414,0.65225882001515,0.218434176786853,0.483226975474262,0.652453941454272,0,0.00029061255084839,0.000195121439121815,0.000601399685030351
222,"weighted_mode",-0.0570070866087348,0.451145731305441,0.899759550912476,-0.0570070866087348,0.443366980896957,0.89801056390896,0,0.0077787504084838,0.00174898700351578,0.0175447219654178
223,"ivw",0.224630201928414,0.168801229250198,0.183275250945963,0.224630201928414,0.168801229250198,0.183275250945963,1.66533453693773e-16,0,2.77555756156289e-16,0
223,"egger",0.662350541012218,0.269176999537313,0.0160218707427876,0.662350541012218,0.269176999537313,0.0160218707427876,2.22044604925031e-16,0,2.08166817117217e-17,0
223,"weighted_median",0.27056971941881,0.127369631806356,0.0336461085590237,0.270569719418809,0.123651005665808,0.0286570458000195,6.66133814775094e-16,0.00371862614054745,0.00498906275900419,0.0300735616384535
223,"simple_mode",-0.257130779554068,0.357693143564632,0.474296771253295,-0.257130779554068,0.333158157502972,0.442480014183021,0,0.0245349860616602,0.0318167570702745,0.0736436599528297
223,"weighted_mode",0.154446782437329,0.271029784193049,0.570355444419458,0.154446782437329,0.287101570788422,0.592085459482969,0,0.0160717865953728,0.0217300150635114,0.0559794450139629
224,"ivw",-0.221631446529465,0.179247736932821,0.216290133708449,-0.221631446529466,0.179247736932821,0.216290133708449,8.32667268468867e-17,8.32667268468867e-17,1.38777878078145e-16,4.64534327025249e-16
224,"egger",-0.0833963822468136,0.287823963428976,0.772758773263969,-0.0833963822468136,0.287823963428976,0.77275877326397,5.55111512312578e-17,2.77555756156289e-16,2.22044604925031e-16,9.64324696420835e-16
224,"weighted_median",0.152366884857144,0.141010455790823,0.279903529996191,0.152366884857144,0.147394317384476,0.301259367516811,8.32667268468867e-17,0.00638386159365364,0.0213558375206195,0.0433114499048251
224,"simple_mode",0.18639861719836,0.574079994015015,0.746252007790252,0.18639861719836,0.54423415865946,0.732863998995975,0,0.029845835355555,0.0133880087942769,0.0548400626470603
224,"weighted_mode",0.416689584864451,0.537914565793385,0.440808422654918,0.416689584864451,0.538804475217337,0.441560746394451,0,0.00088990942395184,0.000752323739533045,0.00165163703139785
225,"ivw",-0.0311024186558646,0.146592253466707,0.831974728493615,-0.0311024186558646,0.146592253466707,0.831974728493615,6.93889390390723e-18,2.77555756156289e-17,0,1.89338624376441e-16
225,"egger",0.0339482746943499,0.228426752578516,0.882229233492624,0.0339482746943498,0.228426752578516,0.882229233492625,1.31838984174237e-16,5.55111512312578e-17,3.33066907387547e-16,2.43015104862454e-16
225,"weighted_median",-0.0543968333309498,0.11990427695922,0.650067203046976,-0.0543968333309499,0.119445521441683,0.648813408639021,6.2450045135165e-17,0.000458755517536449,0.00125379440795481,0.00384070923714312
225,"simple_mode",-0.244777559304142,0.638079048486771,0.702267884991047,-0.244777559304142,0.661585240620885,0.712358244975851,0,0.0235061921341135,0.0100903599848039,0.0355301035918719
225,"weighted_mode",-0.0828693661780042,0.610729133367835,0.892403609903633,-0.0828693661780042,0.639987033894662,0.89729409915609,0,0.0292579005268271,0.0048904892524575,0.0457163957662973
226,"ivw",0.0317686307414102,0.118339551868626,0.788350498254933,0.0317686307414103,0.118339551868626,0.788350498254932,6.2450045135165e-17,4.16333634234434e-17,3.33066907387547e-16,3.51812752085309e-16
226,"egger",0.0314832387463968,0.183496481693571,0.864205649075741,0.0314832387463967,0.183496481693571,0.864205649075742,7.63278329429795e-17,2.77555756156289e-17,3.33066907387547e-16,1.51259443011988e-16
226,"weighted_median",-0.0214491530122554,0.118135996201367,0.85592550760944,-0.0214491530122554,0.11703123276795,0.85458054756058,0,0.00110476343341671,0.00134496004886042,0.00943990255667253
226,"simple_mode",-0.0908383851254037,0.443629323105332,0.83827181230855,-0.0908383851254037,0.462992441505704,0.84494626640731,0,0.0193631184003719,0.00667445409875933,0.0418216728061496
226,"weighted_mode",-0.0908383851254037,0.384661564771204,0.813911276122148,-0.0908383851254037,0.38973010760291,0.816287093502217,0,0.00506854283170594,0.00237581738006876,0.0130052637269435
227,"ivw",-0.138609052349573,0.110391093367692,0.20925447420024,-0.138609052349573,0.110391093367692,0.209254474200239,5.55111512312578e-17,1.38777878078145e-17,1.38777878078145e-16,1.25714741873152e-16
227,"egger",0.107995439556317,0.171440797810814,0.530536485079026,0.107995439556316,0.171440797810814,0.530536485079026,2.63677968348475e-16,5.55111512312578e-17,6.66133814775094e-16,3.23791955824394e-16
227,"weighted_median",-0.272674640505618,0.100598951367744,0.00671794666746114,-0.272674640505618,0.0996161805271262,0.00619547170917683,5.55111512312578e-17,0.000982770840617916,0.000522474958284318,0.00986557440184429
227,"simple_mode",-0.129382144368917,0.696889627458279,0.853178211812023,-0.129382144368917,0.700203595956459,0.853865113132729,0,0.00331396849818,0.000686901320705591,0.00473286415168035
227,"weighted_mode",-0.129382144368917,0.691667956601705,0.852082770694614,-0.129382144368917,0.711684930667787,0.856196265739495,0,0.020016974066082,0.00411349504488101,0.0281261738214686
228,"ivw",0.0710803754432483,0.103626659763257,0.492758829123194,0.0710803754432484,0.103626659763257,0.492758829123194,9.71445146547012e-17,1.38777878078145e-17,4.44089209850063e-16,1.33921018389662e-16
228,"egger",0.0634957393215531,0.166394531182899,0.703771604084148,0.0634957393215531,0.166394531182899,0.703771604084148,0,1.11022302462516e-16,1.11022302462516e-16,6.67223265531973e-16
228,"weighted_median",-0.0438052966558586,0.150490674687871,0.770987741713543,-0.0438052966558585,0.154149779104276,0.776277350997583,8.32667268468867e-17,0.00365910441640488,0.00528960928404054,0.0237373315593897
228,"simple_mode",0.105666406348405,0.266739676590511,0.69304293760473,0.105666406348405,0.289801226633353,0.71634764863193,3.46944695195361e-16,0.0230615500428418,0.0233047110272,0.0795771305413367
228,"weighted_mode",-0.0417605471735464,0.215158235540743,0.84658958706945,-0.0417605471735467,0.231894617325575,0.857536270801329,3.67761376907083e-16,0.0167363817848321,0.0109466837318795,0.0721723599187064
229,"ivw",0.310812273293356,0.138350453912235,0.0246683100510314,0.310812273293356,0.138350453912235,0.0246683100510314,5.55111512312578e-17,0,2.08166817117217e-17,0
229,"egger",0.55770818007421,0.220613908065577,0.013440319685507,0.55770818007421,0.220613908065577,0.013440319685507,1.11022302462516e-16,0,1.73472347597681e-17,0
229,"weighted_median",0.131519405044665,0.117143656610184,0.261556870302982,0.131519405044665,0.108874801493198,0.227052050092801,0,0.00826885511698622,0.0345048202101808,0.0759482910974842
229,"simple_mode",0.294336290274383,0.787069323174575,0.709407554568669,0.294336290274383,0.764139150210625,0.701108679723132,0,0.0229301729639501,0.00829887484553682,0.0300078499545922
229,"weighted_mode",0.294336290274383,0.767572370758672,0.70238046272884,0.294336290274383,0.828145409107646,0.723201692271471,0,0.0605730383489739,0.0208212295426313,0.0731429984188928
230,"ivw",0.0890866062179006,0.128402921293388,0.487804421532741,0.0890866062179006,0.128402921293388,0.487804421532741,4.16333634234434e-17,8.32667268468867e-17,5.55111512312578e-17,6.48480003477726e-16
230,"egger",-0.0804583186941422,0.208377485753685,0.700434181331612,-0.0804583186941422,0.208377485753685,0.700434181331612,2.77555756156289e-17,1.38777878078145e-16,0,6.65992669871201e-16
230,"weighted_median",-0.102951855824794,0.118682747325273,0.385693158093081,-0.102951855824793,0.113372151442895,0.363831890427934,1.66533453693773e-16,0.0053105958823787,0.0218612676651467,0.0468421549277349
230,"simple_mode",0.0425004919300153,2.11694202283671,0.984031830295937,0.0425004919300153,2.07059108749742,0.983674427263163,0,0.0463509353392872,0.000357403032774095,0.0223853640726853
230,"weighted_mode",0.0425004919300153,2.07475774982283,0.983707208684383,0.0425004919300153,2.20646147423512,0.984679600069397,0,0.131703724412284,0.00097239138501426,0.0596900176822437
231,"ivw",-0.103639335942034,0.142365445804087,0.466625232896908,-0.103639335942034,0.142365445804087,0.466625232896908,1.38777878078145e-17,2.77555756156289e-17,3.88578058618805e-16,1.94960058312353e-16
231,"egger",0.196071746645962,0.225245631796683,0.386642868242176,0.196071746645961,0.225245631796683,0.386642868242176,4.16333634234434e-16,1.66533453693773e-16,5.55111512312578e-16,7.39341546228494e-16
231,"weighted_median",0.031697833638173,0.120810875588933,0.793031833358125,0.031697833638173,0.119215089934653,0.790325649307319,0,0.00159578565427955,0.00270618405080547,0.0133857689924511
231,"simple_mode",-0.208546041576671,0.566618742184207,0.71379338048904,-0.208546041576671,0.603301994111261,0.73048360871941,0,0.0366832519270535,0.0166902282303704,0.060804128421774
231,"weighted_mode",0.0446057644145607,0.551895177955916,0.935782170033908,0.0446057644145607,0.56289160436419,0.937034021501576,0,0.0109964264082747,0.00125185146766826,0.0195356020999738
232,"ivw",0.180760326444458,0.115365191000962,0.117148993219967,0.180760326444458,0.115365191000962,0.117148993219967,2.77555756156289e-17,2.77555756156289e-17,1.66533453693773e-16,2.40588823845466e-16
232,"egger",-0.134045297684095,0.184796526686812,0.470343479245969,-0.134045297684096,0.184796526686812,0.470343479245968,4.16333634234434e-16,0,1.33226762955019e-15,0
232,"weighted_median",0.00337020198401154,0.104678204014726,0.974315879175232,0.00337020198401204,0.10081082938942,0.973330927438738,5.06539254985228e-16,0.00386737462530667,0.000984951736494044,0.0383626902856586
232,"simple_mode",-0.0525924935975368,0.939680373752823,0.95550473444481,-0.0525924935975368,0.89317206205416,0.953190466379113,0,0.046508311698662,0.00231426806569712,0.0520709431861314
232,"weighted_mode",-0.0525924935975368,0.935375563611798,0.955300175015528,-0.0525924935975368,0.977300576429313,0.957215828322302,0,0.0419250128175155,0.00191565330677423,0.0428987906368516
233,"ivw",0.259988710888986,0.135389225367893,0.0548192877753958,0.259988710888986,0.135389225367893,0.0548192877753959,0,2.77555756156289e-17,2.77555756156289e-17,2.05005793778705e-16
233,"egger",0.397043762047665,0.209994126923466,0.0622798741142337,0.397043762047664,0.209994126923466,0.0622798741142341,6.10622663543836e-16,2.77555756156289e-17,3.60822483003176e-16,1.32173104182788e-16
233,"weighted_median",0.0475304577123288,0.101195740726497,0.638577712019922,0.0475304577123288,0.102187260036775,0.64183768057337,0,0.000991519310277064,0.00325996855344801,0.00970296404777114
233,"simple_mode",0.0933846118009545,0.417193035708308,0.823445187083994,0.0933846118009545,0.4321541857823,0.82946010881927,0,0.0149611500739922,0.00601492173527585,0.0346199355836599
233,"weighted_mode",-0.0137081741340387,0.370839628514206,0.970603675081899,-0.0137081741340387,0.369983536604455,0.970535687424573,0,0.000856091909751111,6.7987657326074e-05,0.00231386487519943
234,"ivw",0.135446057843807,0.15674673184882,0.387528729822873,0.135446057843807,0.15674673184882,0.387528729822873,0,0,0,0
234,"egger",-0.194020634934761,0.233202608194686,0.407895099994826,-0.194020634934761,0.233202608194686,0.407895099994827,3.33066907387547e-16,5.55111512312578e-17,1.11022302462516e-15,2.38038294944434e-16
234,"weighted_median",0.191820143326131,0.11208631647334,0.0870145040472294,0.191820143326131,0.10894564132874,0.0782898881361209,0,0.00314067514459968,0.0087246159111085,0.0288279100136074
234,"simple_mode",0.163191437023093,0.629173344332612,0.79600448036078,0.163191437023093,0.618333317291569,0.792510736151307,0,0.0108400270410429,0.00349374420947224,0.0175310414915446
234,"weighted_mode",0.163191437023093,0.627188506179188,0.795373487972321,0.163191437023093,0.657581082075515,0.8046314961417,0,0.0303925758963269,0.0092580081693785,0.0462187503940947
235,"ivw",-0.0179699833043707,0.163102547621952,0.912269810108674,-0.017969983304371,0.163102547621952,0.912269810108673,2.28983498828939e-16,8.32667268468867e-17,9.99200722162641e-16,5.10517634831105e-16
235,"egger",-0.0218594725561934,0.247434360845081,0.929823625883885,-0.0218594725561933,0.247434360845081,0.929823625883885,7.97972798949331e-17,5.55111512312578e-17,2.22044604925031e-16,2.24346978494282e-16
235,"weighted_median",0.0584858708832004,0.121045970622372,0.628974511074907,0.0584858708832004,0.117211918035398,0.617796671169655,6.93889390390723e-18,0.00383405258697433,0.0111778399052525,0.0327104329596967
235,"simple_mode",-0.118112654010872,0.749275486207997,0.875136080643064,-0.118112654010872,0.77114127752841,0.878648266913603,0,0.0218657913204129,0.00351218627053895,0.0283551042559868
235,"weighted_mode",0.0612762341476143,0.760034565219158,0.935940679828577,0.0612762341476143,0.721154892033067,0.932495235752238,0,0.0388796731860906,0.00344544407633907,0.0539130686286849
236,"ivw",0.0949188033370881,0.141705026975712,0.502963804427252,0.0949188033370881,0.141705026975712,0.502963804427252,1.38777878078145e-17,0,1.11022302462516e-16,0
236,"egger",0.297817768594569,0.241152248290798,0.220453483430398,0.29781776859457,0.241152248290798,0.220453483430398,7.21644966006352e-16,3.60822483003176e-16,3.33066907387547e-16,1.49624349580217e-15
236,"weighted_median",0.321895732022627,0.126751532924064,0.0110985474214546,0.321895732022627,0.128614344203995,0.0123215823531741,5.55111512312578e-17,0.00186281127993168,0.00122303493171958,0.0144836976890935
236,"simple_mode",0.201999472118763,1.01121327908026,0.842169312699039,0.201999472118763,1.05966055754034,0.849295131061914,0,0.0484472784600762,0.00712581836287529,0.0457196204155519
236,"weighted_mode",0.419519813416234,1.01918453581129,0.681702929782128,0.419519813416234,1.06781444678785,0.695442332140097,0,0.0486299109765642,0.0137394023579691,0.0455415368492628
237,"ivw",0.118003171898954,0.147311132348267,0.423104314282042,0.118003171898954,0.147311132348267,0.423104314282042,6.93889390390723e-17,0,2.77555756156289e-16,0
237,"egger",-0.426950157703133,0.229827421217232,0.0668911348678227,-0.426950157703134,0.229827421217232,0.0668911348678224,7.7715611723761e-16,1.38777878078145e-16,2.77555756156289e-16,6.03835161805919e-16
237,"weighted_median",-0.0629809195146073,0.105081509504239,0.548937501985439,-0.0629809195146073,0.105573293573714,0.550800453199246,2.77555756156289e-17,0.000491784069475129,0.00186295121380653,0.00465822418556785
237,"simple_mode",0.0955853448568237,1.55635128530659,0.95117895816825,0.0955853448568237,1.54873554036963,0.950939193469476,0,0.00761574493695671,0.000239764698773182,0.00491739534506911
237,"weighted_mode",0.0955853448568237,1.56610612130834,0.951482667501514,0.0955853448568237,1.51425864601617,0.949823653190585,0,0.0518474752921714,0.00165901431092919,0.0342395108184298
238,"ivw",-0.0300995080983756,0.115772806832561,0.794873245915344,-0.0300995080983755,0.115772806832561,0.794873245915345,6.93889390390723e-17,1.38777878078145e-17,4.44089209850063e-16,1.19870876309369e-16
238,"egger",-0.272118624573977,0.184493504690483,0.144150888904556,-0.272118624573978,0.184493504690483,0.144150888904556,4.9960036108132e-16,8.32667268468867e-17,4.71844785465692e-16,4.51326061514088e-16
238,"weighted_median",0.00301277641805996,0.113888118031156,0.978895362489426,0.00301277641805989,0.111152644516346,0.978376101697066,7.28583859910259e-17,0.00273547351480956,0.000519260792359977,0.0246100623760442
238,"simple_mode",0.0187986553929369,0.491934549336391,0.969611298075882,0.0187986553929369,0.503619033644863,0.970316012137072,0,0.0116844843084719,0.000704714061190548,0.02320103794312
238,"weighted_mode",-0.114402657112317,0.454721247507919,0.801996323810298,-0.114402657112317,0.47505002994559,0.810301334833994,0,0.0203287824376719,0.00830501102369618,0.0427929294941846
239,"ivw",-0.101945875357873,0.145772138204768,0.484332767541239,-0.101945875357873,0.145772138204768,0.484332767541239,1.38777878078145e-17,2.77555756156289e-17,0,1.90403845051929e-16
239,"egger",0.00803803954635024,0.229880733566026,0.972193847809045,0.00803803954635027,0.229880733566026,0.972193847809045,3.29597460435593e-17,2.77555756156289e-17,2.22044604925031e-16,1.20739024906831e-16
239,"weighted_median",-0.196589331808512,0.108373963773796,0.0696792010369514,-0.196589331808512,0.108972342116112,0.0712266652844437,0,0.000598378342316699,0.00154746424749234,0.00549110288626369
239,"simple_mode",-0.191858284433785,0.525266365531788,0.715870102975368,-0.191858284433785,0.521382328837047,0.713847992085469,0,0.00388403669474124,0.00202211088989868,0.00744949815120252
239,"weighted_mode",-0.191858284433785,0.502370574099126,0.703531268919241,-0.191858284433785,0.522620607880376,0.714495707699665,0,0.0202500337812492,0.0109644387804232,0.038747101579822
240,"ivw",-0.210922199376979,0.155232915890607,0.174226894427471,-0.210922199376979,0.155232915890607,0.174226894427471,2.77555756156289e-17,5.55111512312578e-17,1.66533453693773e-16,3.57599101406924e-16
240,"egger",-0.210591684194133,0.238553170548512,0.379996287225148,-0.210591684194132,0.238553170548512,0.379996287225149,3.33066907387547e-16,1.38777878078145e-16,6.66133814775094e-16,5.81748202126379e-16
240,"weighted_median",-0.0172345683999111,0.120087768703782,0.885882332693706,-0.0172345683999111,0.124666771803149,0.890046724883119,2.08166817117217e-17,0.00457900309936626,0.00416439218941289,0.0367299404094349
240,"simple_mode",0.032869718530208,0.795141051734569,0.967127987961198,0.032869718530208,0.812010701258758,0.967810527631103,0,0.0168696495241899,0.000682539669905391,0.0207751566550034
240,"weighted_mode",-0.156095220861102,0.786926768133827,0.84325999826069,-0.156095220861102,0.728619245480119,0.83090276095427,0,0.0583075226537075,0.0123572373064206,0.0800246809501801
241,"ivw",0.00465408806198704,0.163113935823567,0.977237253264865,0.00465408806198704,0.163113935823567,0.977237253264865,4.33680868994202e-18,2.77555756156289e-17,0,1.70160663927887e-16
241,"egger",-0.254855133446718,0.261324393540764,0.332378859154152,-0.254855133446718,0.261324393540764,0.332378859154152,5.55111512312578e-17,5.55111512312578e-17,2.22044604925031e-16,2.1242238613518e-16
241,"weighted_median",0.100924532890806,0.155284910528868,0.515736561064583,0.100924532890806,0.155868473119531,0.517309654118055,3.05311331771918e-16,0.000583562590663222,0.00157309305347175,0.00374394243418106
241,"simple_mode",-0.36079327050567,1.10175784681022,0.744156854308756,-0.36079327050567,1.21343433415583,0.766974001819245,0,0.111676487345613,0.022817147510489,0.0920333999147177
241,"weighted_mode",0.0595088986290808,1.08145133356277,0.956252545955736,0.0595088986290808,1.11103643329164,0.957416327052022,0,0.0295850997288729,0.00116378109628623,0.0266283794503677
242,"ivw",-0.00915931009192651,0.154269024406763,0.952655558517707,-0.00915931009192655,0.154269024406763,0.952655558517706,3.98986399474666e-17,2.77555756156289e-17,1.11022302462516e-16,1.79916711876296e-16
242,"egger",0.156342697876902,0.252971972589803,0.538315138064227,0.156342697876901,0.252971972589802,0.538315138064227,3.33066907387547e-16,2.22044604925031e-16,6.66133814775094e-16,8.77743896495126e-16
242,"weighted_median",-0.00386165258108534,0.127215346375791,0.975783740378015,-0.00386165258108538,0.125589578848757,0.975470357036459,4.16333634234434e-17,0.00162576752703392,0.00031338334155584,0.0129450830390296
242,"simple_mode",0.351306699140706,0.837331863625205,0.67592131870852,0.351306699140706,0.922098980054238,0.70421115282039,0,0.0847671164290337,0.0282898341118702,0.0919284353009995
242,"weighted_mode",0.131621075655613,0.814368525465859,0.872004834984887,0.131621075655613,0.829033293421714,0.874249579159585,0,0.0146647679558549,0.00224474417469755,0.017688997621951
243,"ivw",0.119236505446026,0.150015246690393,0.426712836036217,0.119236505446026,0.150015246690393,0.426712836036217,1.2490009027033e-16,2.77555756156289e-17,4.44089209850063e-16,1.85018364652706e-16
243,"egger",-0.30366192959418,0.2345963595274,0.199250614372497,-0.30366192959418,0.2345963595274,0.199250614372497,4.44089209850063e-16,1.66533453693773e-16,3.33066907387547e-16,7.09872284588129e-16
243,"weighted_median",0.00299055555228181,0.106171861239635,0.977528861281714,0.00299055555228183,0.106485650267296,0.977595061191332,2.29850860566927e-17,0.000313789027661202,6.61999096179811e-05,0.00294677289262489
243,"simple_mode",-0.059055693977696,0.902754016589239,0.948002969137011,-0.059055693977696,0.904766284871362,0.948118448101485,0,0.00201226828212331,0.000115478964473503,0.00222407522889672
243,"weighted_mode",-0.059055693977696,0.884946633299407,0.946958212144408,-0.059055693977696,0.962272839526397,0.951214886835926,0,0.07732620622699,0.00425667469151825,0.0803578808948279
244,"ivw",-0.0541108980868076,0.151664385426964,0.72125612163208,-0.0541108980868076,0.151664385426964,0.72125612163208,6.2450045135165e-17,2.77555756156289e-17,2.22044604925031e-16,1.83006547895154e-16
244,"egger",0.193235583806408,0.26082214979495,0.460940730633112,0.193235583806407,0.26082214979495,0.460940730633112,2.22044604925031e-16,5.55111512312578e-17,4.44089209850063e-16,2.12831430439857e-16
244,"weighted_median",0.0383016886168557,0.143061703085289,0.788908345848049,0.0383016886168558,0.142136371633606,0.787566939517201,1.66533453693773e-16,0.000925331451683414,0.00134140633084723,0.00651016654673513
244,"simple_mode",0.343183751926563,0.439743389235424,0.437419457878547,0.343183751926563,0.405714353543077,0.400114247865983,0,0.0340290356923476,0.0373052100125643,0.0838743697263217
244,"weighted_mode",0.124672511678558,0.397713708313095,0.75472713284412,0.124672511678558,0.396818814668397,0.754192147455067,0,0.000894893644697914,0.000534985389052389,0.00225516939121381
245,"ivw",-0.400296717803404,0.150251166982492,0.00771753935703553,-0.400296717803404,0.150251166982492,0.00771753935703551,0,5.55111512312578e-17,1.90819582357449e-17,3.69455707706592e-16
245,"egger",-0.210720678580652,0.219398168359587,0.339723378475917,-0.210720678580652,0.219398168359587,0.339723378475917,0,0,0,0
245,"weighted_median",-0.531833067812257,0.121927093083314,1.28941282383827e-05,-0.531833067812257,0.120867404938913,1.08182856467937e-05,0,0.00105968814440116,2.07584259158903e-06,0.00876736076973548
245,"simple_mode",-0.417779747664933,0.93009960654852,0.654503213821001,-0.417779747664933,1.00232487543498,0.677919404010727,0,0.0722252688864642,0.0234161901897254,0.0720577436084485
245,"weighted_mode",-0.417779747664933,0.884493532078242,0.637955802287306,-0.417779747664933,0.882275581190741,0.637112273068019,0,0.00221795088750121,0.000843529219286987,0.0025138980776367
246,"ivw",0.0875205716459811,0.140040575352332,0.531993497805873,0.0875205716459812,0.140040575352332,0.531993497805873,8.32667268468867e-17,2.77555756156289e-17,4.44089209850063e-16,1.9819666939955e-16
246,"egger",-0.259320285876042,0.229488136074449,0.26185527156762,-0.259320285876041,0.229488136074449,0.26185527156762,8.32667268468867e-16,2.4980018054066e-16,8.32667268468867e-16,1.08851021588158e-15
246,"weighted_median",-0.0991862070668971,0.158928479526942,0.532566281470849,-0.0991862070668971,0.158211362094636,0.530710268013894,2.77555756156289e-17,0.000717117432305903,0.00185601345695441,0.00453265443651861
246,"simple_mode",0.265978124234119,1.07327971832613,0.80490230250909,0.265978124234119,1.09875419771145,0.809335861354228,0,0.025474479385317,0.0044335588451383,0.0231848755967228
246,"weighted_mode",0.105251705882224,1.06230814606611,0.921320878959438,0.105251705882224,0.996376153706944,0.916133506232337,0,0.0659319923591679,0.0051873727271009,0.0661717887505364
247,"ivw",-0.0934850212336294,0.189314198014896,0.62144120170658,-0.0934850212336294,0.189314198014896,0.62144120170658,0,2.77555756156289e-17,1.11022302462516e-16,1.46611167607434e-16
247,"egger",-0.0504316449545357,0.328786934361074,0.878479337794337,-0.0504316449545356,0.328786934361075,0.878479337794337,6.93889390390723e-17,1.11022302462516e-16,2.22044604925031e-16,3.37672488957821e-16
247,"weighted_median",-0.15894079478324,0.136372307990642,0.24382001290568,-0.15894079478324,0.135017836788364,0.239122198695818,2.4980018054066e-16,0.00135447120227813,0.00469781420986196,0.0100317945724551
247,"simple_mode",-0.386485762165566,1.41985513408474,0.786160252012362,-0.386485762165566,1.45511471884587,0.791218265197995,0,0.0352595847611321,0.00505801318563359,0.0242314810677596
247,"weighted_mode",-0.0976668809878175,1.36737567500079,0.943234371665582,-0.0976668809878175,1.38235791900693,0.943848566485096,0,0.0149822440061416,0.000614194819513303,0.0108381800401626
248,"ivw",0.045339521469583,0.160106751654594,0.777036505554439,0.045339521469583,0.160106751654594,0.777036505554439,8.32667268468867e-17,5.55111512312578e-17,3.33066907387547e-16,3.4671336878419e-16
248,"egger",0.092242519613838,0.262217240976846,0.725928914213067,0.0922425196138381,0.262217240976846,0.725928914213067,1.66533453693773e-16,5.55111512312578e-17,3.33066907387547e-16,2.11699089748868e-16
248,"weighted_median",-0.165407442373763,0.127644160374633,0.195027823702019,-0.165407442373763,0.122118746402407,0.175583178288748,0,0.00552541397222595,0.0194446454132714,0.0452462388863584
248,"simple_mode",0.0469358336566075,0.406706072590375,0.908409891261789,0.0469358336566075,0.444486266536123,0.916164210744796,0,0.0377801939457484,0.0077543194830072,0.0849974381439703
248,"weighted_mode",-0.040331475801968,0.370021274223414,0.913473869957923,-0.040331475801968,0.406153995775248,0.92114467610073,0,0.0361327215518341,0.00767080614280702,0.0889631074116741
249,"ivw",-0.176472100290818,0.172895355640853,0.30740259544044,-0.176472100290818,0.172895355640853,0.30740259544044,1.11022302462516e-16,5.55111512312578e-17,3.88578058618805e-16,3.21067914320199e-16
249,"egger",0.0497907635613691,0.281258341024465,0.859933373715744,0.0497907635613693,0.281258341024465,0.859933373715743,2.0122792321331e-16,0,5.55111512312578e-16,0
249,"weighted_median",-0.109023656107806,0.11466560958506,0.34170770806615,-0.109023656107806,0.113805671775486,0.338072406597517,0,0.000859937809573719,0.00363530146863317,0.00755619466198652
249,"simple_mode",-0.113851853122295,1.23845553984386,0.926980229291995,-0.113851853122295,1.28465737322831,0.929599253728616,0,0.0462018333844445,0.00261902443662154,0.0359643235210184
249,"weighted_mode",-0.113851853122295,1.23176185986142,0.926584562387117,-0.113851853122295,1.27984241847454,0.929335100956168,0,0.0480805586131217,0.00275053856905039,0.0375675613802748
250,"ivw",-0.143951037422395,0.148066110836913,0.330947148857922,-0.143951037422395,0.148066110836913,0.330947148857922,2.77555756156289e-17,0,5.55111512312578e-17,0
250,"egger",0.0589059853605152,0.231692180149171,0.799960616080716,0.0589059853605153,0.231692180149171,0.799960616080715,1.52655665885959e-16,5.55111512312578e-17,4.44089209850063e-16,2.39590094044253e-16
250,"weighted_median",-0.0957606580622237,0.110955292263854,0.388106542645891,-0.0957606580622237,0.109586621584705,0.382207954925702,0,0.00136867067914902,0.00589858772018836,0.012489395688607
250,"simple_mode",-0.343871862026261,0.771658102513216,0.657055348283291,-0.343871862026261,0.770911119324741,0.656744724375733,0,0.000746983188474881,0.000310623907558316,0.000968961492122699
250,"weighted_mode",-0.167188544429741,0.766022855781045,0.82777914019996,-0.167188544429741,0.802797456425088,0.835550734233335,0,0.036774600644043,0.00777159403337468,0.0458080682116294
251,"ivw",0.356525850816382,0.126635960149602,0.00487225797607168,0.356525850816381,0.126635960149602,0.00487225797607171,5.55111512312578e-17,5.55111512312578e-17,2.60208521396521e-17,4.38352196056156e-16
251,"egger",0.47276282370472,0.183335205683689,0.0117505714621064,0.47276282370472,0.183335205683689,0.0117505714621064,5.55111512312578e-17,2.77555756156289e-17,2.60208521396521e-17,1.51392502668124e-16
251,"weighted_median",0.292485565094921,0.122883060397563,0.0173035095887727,0.292485565094922,0.122485642226538,0.0169441613117584,1.66533453693773e-16,0.000397418171024677,0.000359348277014303,0.00324461025635682
251,"simple_mode",54.614439596263,1493.36319099818,0.970916697229991,54.6144395962585,1576.44834844653,0.97244886609646,4.48352466264623e-12,83.085157448355,0.00153216886646823,0.0527040150286109
251,"weighted_mode",54.614439596263,1493.36319099818,0.970916697229991,54.6144395962585,1405.18651963474,0.969092597415805,4.48352466264623e-12,88.176671363434,0.00182409981418608,0.0627508662596295
252,"ivw",-0.181039328224152,0.118371161385617,0.126160134412208,-0.181039328224152,0.118371161385617,0.126160134412207,1.11022302462516e-16,0,2.77555756156289e-16,0
252,"egger",-0.334499819728635,0.169409300124898,0.0517746835790194,-0.334499819728635,0.169409300124898,0.0517746835790193,1.11022302462516e-16,0,7.63278329429795e-17,0
252,"weighted_median",-0.242012684078261,0.119398427532447,0.0426692041516313,-0.242012684078261,0.120125727375519,0.0439401235803078,0,0.000727299843072168,0.00127091942867644,0.00605448856762043
252,"simple_mode",-17.882481181617,6655.68065374389,0.997862852720037,-17.882481181617,6678.62192477093,0.997870193868661,0,22.9412710270444,7.34114862421809e-06,0.00343503065234993
252,"weighted_mode",-17.882481181617,6655.68065374389,0.997862852720037,-17.882481181617,6457.98109331738,0.997797427938713,0,197.699560426503,6.54247813244302e-05,0.0306132144968773
253,"ivw",-0.048611960932757,0.117487391089199,0.679047524400267,-0.0486119609327571,0.117487391089199,0.679047524400267,2.77555756156289e-17,4.16333634234434e-17,0,3.54364524035047e-16
253,"egger",-0.225888142822254,0.17740306759864,0.206597458517009,-0.225888142822254,0.17740306759864,0.206597458517008,5.27355936696949e-16,5.55111512312578e-17,9.15933995315754e-16,3.129097595812e-16
253,"weighted_median",-0.0509055499860098,0.112160333682377,0.649926637078129,-0.0509055499860098,0.112203081827655,0.650051107081803,1.38777878078145e-17,4.27481452775769e-05,0.000124470003673771,0.000380989047548966
253,"simple_mode",25.6202111928827,2679.31223011684,0.992394069383594,25.6202111928827,2149.82677515128,0.990520869297288,0,529.485454965552,0.00187320008630598,0.246292148318923
253,"weighted_mode",25.6202111928827,2685.79065226882,0.992412415159911,25.6202111928827,3589.11654566727,0.994322056180037,0,903.325893398449,0.00190964102012559,0.251684748016592
254,"ivw",-0.0211139623623598,0.157848170054809,0.893591400715147,-0.0211139623623598,0.157848170054809,0.893591400715147,3.12250225675825e-17,2.77555756156289e-17,2.22044604925031e-16,1.75837170655773e-16
254,"egger",-0.100686388155747,0.239524166639902,0.675349425997442,-0.100686388155748,0.239524166639903,0.675349425997442,1.38777878078145e-16,2.77555756156289e-17,4.44089209850063e-16,1.15877975926146e-16
254,"weighted_median",0.314994602320895,0.11820273910088,0.0077018730789699,0.314994602320895,0.117935313088953,0.00756459352595412,0,0.000267426011926947,0.000137279553015776,0.00226756520097793
254,"simple_mode",4.0469437058984,11497.0179868523,0.999720010578099,4.0469437058984,11355.3080635223,0.999716516416814,0,141.70992333,3.49416128564428e-06,0.0124796194464532
254,"weighted_mode",4.0469437058984,11497.0179868523,0.999720010578099,4.0469437058984,11908.2777526283,0.99972968018624,0,411.259765776031,9.66960814097195e-06,0.0345356208781124
255,"ivw",0.129620677125027,0.148307403487327,0.382118229944624,0.129620677125027,0.148307403487327,0.382118229944625,5.55111512312578e-17,8.32667268468867e-17,3.88578058618805e-16,5.61446865692056e-16
255,"egger",-0.0930680197015821,0.225324462700834,0.680682276864133,-0.0930680197015816,0.225324462700834,0.680682276864134,4.30211422042248e-16,0,1.4432899320127e-15,0
255,"weighted_median",-0.159132797999317,0.132539016757635,0.229887502004616,-0.159132797999317,0.134488782361497,0.236713186603946,0,0.00194976560386223,0.00682568459932983,0.0144976076786938
255,"simple_mode",-11.1060037070506,3813.6108952458,0.99768356299882,-11.1060037070506,4389.77354698879,0.997987597220726,0,576.162651742992,0.000304034221905947,0.131251110239665
255,"weighted_mode",-11.1060037070506,3813.6108952458,0.99768356299882,-11.1060037070506,3389.36939085306,0.997393619577973,0,424.241504392733,0.00028994342084665,0.125168270397921
256,"ivw",-0.0232053150239269,0.154730920952252,0.880786658489379,-0.0232053150239269,0.154730920952252,0.880786658489379,3.81639164714898e-17,0,1.11022302462516e-16,0
256,"egger",-0.140257900571085,0.237615411251003,0.556671545547463,-0.140257900571085,0.237615411251003,0.556671545547463,8.32667268468867e-17,5.55111512312578e-17,2.22044604925031e-16,2.33617638430948e-16
256,"weighted_median",-0.0731139066810251,0.127623214070237,0.566720005826774,-0.0731139066810252,0.127687700866805,0.56691593542008,9.71445146547012e-17,6.44867965685081e-05,0.000195929593305388,0.000505035301996518
256,"simple_mode",0.48308862642945,2301.3088813148,0.999833024952173,0.48308862642945,2181.62404498178,0.999823864629158,0,119.68483633302,9.16032301478964e-06,0.0548604314333271
256,"weighted_mode",0.48308862642945,2301.3088813148,0.999833024952173,0.48308862642945,2283.54368432277,0.999831725942834,0,17.7651969920312,1.29900933931726e-06,0.00777966154709224
257,"ivw",-0.0173495956579393,0.137787910345447,0.899799031224969,-0.0173495956579393,0.137787910345447,0.899799031224969,3.81639164714898e-17,8.32667268468867e-17,1.11022302462516e-16,6.0431083277284e-16
257,"egger",-0.0621032672716198,0.21542973156032,0.773880885543922,-0.06210326727162,0.21542973156032,0.773880885543921,2.22044604925031e-16,8.32667268468867e-17,7.7715611723761e-16,3.86514555088568e-16
257,"weighted_median",0.133908709041936,0.125206565589162,0.284843396011971,0.133908709041936,0.115046343202977,0.244442450780659,1.11022302462516e-16,0.0101602223861853,0.0404009452313121,0.0883141706491233
257,"simple_mode",-28.3710342136112,10508.8041329843,0.997852560109175,-28.3710342136112,16588.9031118232,0.998639630259877,0,6080.0989788389,0.00078707015070234,0.366516034113523
257,"weighted_mode",-28.3710342136112,10508.8041329843,0.997852560109175,-28.3710342136112,13086.2373090658,0.998275513845389,0,2577.43317608156,0.000422953736214704,0.196957545183441
258,"ivw",0.041873372631649,0.158298885477249,0.791378518615821,0.0418733726316492,0.158298885477249,0.79137851861582,1.73472347597681e-16,0,7.7715611723761e-16,0
258,"egger",0.120163606234049,0.232551207610243,0.606777937851069,0.120163606234049,0.232551207610243,0.606777937851069,4.16333634234434e-17,0,2.22044604925031e-16,0
258,"weighted_median",-0.0643069252850484,0.113854659257564,0.572198970476777,-0.0643069252850484,0.117631881946668,0.584599017104147,0,0.0037772226891036,0.01240004662737,0.032110535227313
258,"simple_mode",16.4711201461692,12161.6586742497,0.998922716840867,16.4711201461692,12167.0475552946,0.998923193977755,0,5.38888104488979,4.77136887888641e-07,0.000442907864081188
258,"weighted_mode",16.4711201461692,12161.6586742497,0.998922716840867,16.4711201461692,13676.2124430279,0.999042019054631,0,1514.55376877813,0.000119302213764438,0.110743656190442
259,"ivw",0.0922774499498174,0.178768525918606,0.605725915142854,0.0922774499498177,0.178768525918606,0.605725915142853,3.19189119579733e-16,2.77555756156289e-17,1.22124532708767e-15,1.55259856135225e-16
259,"egger",-0.0873772749930742,0.269427896928048,0.746552270502511,-0.0873772749930732,0.269427896928048,0.746552270502514,9.99200722162641e-16,2.77555756156289e-16,2.44249065417534e-15,1.03016710341027e-15
259,"weighted_median",-0.181192043718876,0.12923435741139,0.160902597050892,-0.181192043718876,0.130708126938324,0.16567547648107,8.32667268468867e-17,0.00147376952693373,0.00477287943017748,0.0112752707995666
259,"simple_mode",12.474468859713,11482.6059610256,0.999135865796405,12.474468859713,11216.735016191,0.999115383179845,0,265.870944834645,2.04826165601801e-05,0.0237030601552831
259,"weighted_mode",-8.06103657517194,11482.6059610256,0.999441594002337,-8.06103657517194,14179.5594950971,0.999547802862058,0,2696.95353407147,0.000106208859720458,0.190200092958036
260,"ivw",-0.0452143655389538,0.13428745314549,0.736344298128337,-0.0452143655389537,0.13428745314549,0.736344298128338,8.32667268468867e-17,5.55111512312578e-17,5.55111512312578e-16,4.13375560642405e-16
260,"egger",-0.073394610369499,0.197008359236446,0.710471777519471,-0.073394610369499,0.197008359236446,0.710471777519471,4.16333634234434e-17,5.55111512312578e-17,2.22044604925031e-16,2.81770537282808e-16
260,"weighted_median",0.173283177101575,0.124952210394537,0.165504095484302,0.173283177101577,0.125244796781667,0.166494480657133,2.27595720048157e-15,0.000292586387129937,0.000990385172831121,0.00233611610740196
260,"simple_mode",-6.49464652145707,5244.92076031963,0.999015045529112,-6.49464652145707,5586.60688442851,0.999075286946499,0,341.686124108877,6.02414173861421e-05,0.0611616552188871
260,"weighted_mode",-6.49464652145707,5244.92076031963,0.999015045529112,-6.49464652145707,5434.08253698465,0.99904933202457,0,189.161776665018,3.42864954574473e-05,0.0348102509259977
261,"ivw",0.302735158973594,0.138720416563347,0.0290844249794829,0.302735158973594,0.138720416563347,0.0290844249794829,0,2.77555756156289e-17,4.16333634234434e-17,2.00082845072443e-16
261,"egger",0.536175603961108,0.219237857190699,0.0166549549684178,0.536175603961108,0.219237857190699,0.0166549549684179,4.44089209850063e-16,8.32667268468867e-17,1.21430643318376e-16,3.79800860644515e-16
261,"weighted_median",0.0902946088782525,0.124319554351401,0.467648388695682,0.0902946088782524,0.127197835777524,0.477781434282521,6.93889390390723e-17,0.0028782814261233,0.0101330455868388,0.022628383639778
261,"simple_mode",1.04671634058762,4077.52128978354,0.999795810952866,1.04671634058762,4007.84702027133,0.999792261235947,0,69.6742695122098,3.54971691907124e-06,0.0173844633190348
261,"weighted_mode",1.04671634058762,4077.52128978354,0.999795810952866,1.04671634058762,4170.26791091718,0.999800352110459,0,92.7466211336409,4.54115759263019e-06,0.0222399670991984
262,"ivw",0.0601175836523628,0.168241642209063,0.720845674064519,0.0601175836523627,0.168241642209063,0.720845674064519,5.55111512312578e-17,2.77555756156289e-17,1.11022302462516e-16,1.64974469169404e-16
262,"egger",0.252987707745975,0.246121146651959,0.307095183340476,0.252987707745975,0.246121146651959,0.307095183340476,5.55111512312578e-17,5.55111512312578e-17,0,2.25544013533126e-16
262,"weighted_median",0.315954090563089,0.119865372037085,0.00839124842205746,0.315954090563089,0.118987196631424,0.00792233210227042,1.11022302462516e-16,0.000878175405660889,0.000468916319787042,0.00738041932680485
262,"simple_mode",-25.5084322276914,2791.22782581917,0.992730876591007,-25.5084322276914,2766.40370801927,0.992665649516191,0,24.8241177999021,6.52270748155992e-05,0.00897342558063443
262,"weighted_mode",-25.5084322276914,2791.22782581917,0.992730876591007,-25.5084322276914,2817.76158714939,0.992799325187677,0,26.5337613302186,6.8448596670323e-05,0.00941660978388936
263,"ivw",0.377102307656082,0.148081208018511,0.0108780769239226,0.377102307656082,0.148081208018511,0.0108780769239225,1.11022302462516e-16,5.55111512312578e-17,5.20417042793042e-17,3.74869654117886e-16
263,"egger",0.455217818384804,0.2149425131758,0.0372919022803527,0.455217818384804,0.2149425131758,0.0372919022803526,5.55111512312578e-17,1.11022302462516e-16,9.71445146547012e-17,5.16520909810481e-16
263,"weighted_median",0.000568444008170181,0.129859441152826,0.99650736792548,0.000568444008170181,0.130741140325418,0.996530921577622,0,0.000881699172592176,2.35536521423496e-05,0.00674385407988339
263,"simple_mode",-8.3967569970067,5983.16768167717,0.998883702514132,-8.3967569970067,6931.46669364298,0.999036423905425,0,948.299011965804,0.000152721391293298,0.136810729082131
263,"weighted_mode",-8.3967569970067,5995.54836022589,0.998886007642929,-8.3967569970067,6635.12721451612,0.998993388485347,0,639.578854290226,0.000107380842417792,0.0963928548183638
264,"ivw",0.132082373993853,0.176975886813737,0.455468228494666,0.132082373993853,0.176975886813737,0.455468228494666,5.55111512312578e-17,5.55111512312578e-17,0,3.13665054774847e-16
264,"egger",0.0155153297986055,0.269858666591157,0.954294825917543,0.0155153297986056,0.269858666591158,0.954294825917542,1.40512601554121e-16,1.11022302462516e-16,4.44089209850063e-16,4.11409067809251e-16
264,"weighted_median",-0.0568153152387432,0.146569585222239,0.698287102888245,-0.0568153152387432,0.143702706877067,0.692572022944499,0,0.0028668783451716,0.00571507994374565,0.0199500650159925
264,"simple_mode",7.03697505303371,8134.18946624876,0.999311868635675,7.03697505303371,9207.89069139375,0.999392109307341,0,1073.70122514499,8.02406716663429e-05,0.116606643272659
264,"weighted_mode",7.03697505303371,8134.18946624876,0.999311868635675,7.03697505303371,10365.6602961478,0.999460006308645,0,2231.47082989907,0.000148137672969728,0.215275319289437
265,"ivw",-0.188524843889706,0.163884636519443,0.249999362369041,-0.188524843889706,0.163884636519443,0.249999362369041,0,0,0,0
265,"egger",0.0757805437857668,0.242693021377882,0.755664058606896,0.075780543785767,0.242693021377882,0.755664058606896,2.22044604925031e-16,2.77555756156289e-17,5.55111512312578e-16,1.14364951484997e-16
265,"weighted_median",0.0434519323108643,0.111073819625273,0.695650379332279,0.0434519323108643,0.114970488765989,0.70547525855984,0,0.00389666914071565,0.00982487922756148,0.033892777029477
265,"simple_mode",11.7181475841363,4196.65383895105,0.997778967443143,11.7181475841363,4402.39041504016,0.997882762534284,0,205.736576089108,0.000103795091141334,0.0467329238647798
265,"weighted_mode",11.7181475841363,4196.65383895105,0.997778967443143,11.7181475841363,4734.83506730255,0.998031418771156,0,538.181228351496,0.000252451328013104,0.113664197527814
266,"ivw",0.186291729319903,0.152370009004798,0.221470505464622,0.186291729319903,0.152370009004798,0.221470505464622,1.66533453693773e-16,2.77555756156289e-17,3.05311331771918e-16,1.82159046894556e-16
266,"egger",0.146061440809049,0.226904665300909,0.521602823910787,0.146061440809049,0.226904665300909,0.521602823910787,2.77555756156289e-17,8.32667268468867e-17,1.11022302462516e-16,3.66967892601339e-16
266,"weighted_median",0.261311286422857,0.146808655511132,0.0750850133773983,0.261311286422857,0.135464442090197,0.0537305161551722,1.66533453693773e-16,0.011344213420935,0.0213544972222261,0.0837431081241354
266,"simple_mode",27.7957762253732,10551.9168354185,0.997904698041226,27.7957762253732,15772.5760226644,0.998598233650476,0,5220.65918724589,0.000693535609249452,0.33099597553019
266,"weighted_mode",27.7957762253732,10587.0252792759,0.997911646416039,27.7957762253732,12031.2871988074,0.998162336446379,0,1444.26191953152,0.000250690030340728,0.120042178003587
267,"ivw",-0.124707122270651,0.151234607394193,0.409602232502661,-0.124707122270651,0.151234607394193,0.409602232502661,4.16333634234434e-17,2.77555756156289e-17,1.11022302462516e-16,1.83526615328752e-16
267,"egger",0.0360954547021824,0.229246175339851,0.875284721835853,0.0360954547021822,0.229246175339851,0.875284721835854,1.80411241501588e-16,1.11022302462516e-16,5.55111512312578e-16,4.84292932250357e-16
267,"weighted_median",-0.0916587094100402,0.123886977894407,0.459386466487288,-0.0916587094100402,0.123903494951856,0.459446319921157,0,1.65170574491225e-05,5.98534338684398e-05,0.000133305823661716
267,"simple_mode",4.15912294150446,12480.9308432036,0.999734933738015,4.15912294150446,12878.6855630496,0.999743120237521,0,397.754719846047,8.18649950651285e-06,0.0308847294934547
267,"weighted_mode",4.15912294150446,12480.9308432036,0.999734933738015,4.15912294150446,14574.6964274806,0.999773012514004,0,2093.765584277,3.80787759888257e-05,0.143657577685749
268,"ivw",0.0375244170499648,0.154540053930352,0.808149848612466,0.0375244170499648,0.154540053930352,0.808149848612466,3.46944695195361e-17,2.77555756156289e-17,2.22044604925031e-16,1.79601177233559e-16
268,"egger",0.180585925619495,0.238584119193313,0.451329208354267,0.180585925619495,0.238584119193313,0.451329208354267,1.11022302462516e-16,2.77555756156289e-17,4.44089209850063e-16,1.16334547787482e-16
268,"weighted_median",-0.0393409878022777,0.103717628079564,0.704458717700983,-0.0393409878022777,0.10212529524601,0.700072384237787,2.77555756156289e-17,0.00159233283355346,0.00438633346319617,0.0155919532934293
268,"simple_mode",3.13571013914028,13785.1920116725,0.999819064923974,3.13571013914028,14140.9359682505,0.999823616713112,0,355.74395657809,4.55178913849608e-06,0.0251570304382123
268,"weighted_mode",3.13571013914028,13776.7424250298,0.999818953952416,3.13571013914028,13220.0382448836,0.999811329988873,0,556.704180146238,7.62396354292427e-06,0.0421106331036293
269,"ivw",0.126586580999949,0.122325355567468,0.300745891734927,0.12658658099995,0.122325355567468,0.300745891734927,8.32667268468867e-17,2.77555756156289e-17,2.22044604925031e-16,2.26899611179306e-16
269,"egger",-0.0548774401434505,0.173219499390517,0.752214032571738,-0.0548774401434502,0.173219499390517,0.75221403257174,3.12250225675825e-16,2.77555756156289e-17,1.33226762955019e-15,1.602335517265e-16
269,"weighted_median",0.0975948283693904,0.0877854595088241,0.26624887032158,0.0975948283693903,0.0907813728714892,0.282350797458834,5.55111512312578e-17,0.00299591336266514,0.0161019271372537,0.033001410618742
269,"simple_mode",38.0285466866259,4631.08190678665,0.99346836352089,38.0285466866213,5580.18928558893,0.994579278751618,4.52615722679184e-12,949.107378802282,0.00111091523072826,0.170085158446756
269,"weighted_mode",38.0285466866259,4631.08190678665,0.99346836352089,38.0285466866213,4219.52537271732,0.992831309106434,4.52615722679184e-12,411.556534069323,0.000637054414455607,0.0975362150279678
270,"ivw",-0.132604526020629,0.187924742942315,0.480420945102289,-0.132604526020628,0.187924742942315,0.480420945102289,1.38777878078145e-16,2.77555756156289e-17,3.88578058618805e-16,1.47695163399259e-16
270,"egger",-0.141716496348319,0.270653035526094,0.601997694052741,-0.141716496348319,0.270653035526094,0.601997694052741,2.77555756156289e-17,5.55111512312578e-17,2.22044604925031e-16,2.05100789368039e-16
270,"weighted_median",0.0582328818454609,0.142817663566179,0.683462471522086,0.0582328818454609,0.148194791247985,0.694357713812356,0,0.00537712768180598,0.0108952422902707,0.0362841881048846
270,"simple_mode",28.0530279682612,9275.48183739872,0.997594295527856,28.0530279682612,9732.29871736644,0.997707214714364,0,456.816879967719,0.000112919186507576,0.0469382304462736
270,"weighted_mode",28.0530279682612,9267.68078845175,0.997592270537919,28.0530279682612,11099.2582986246,0.997989588319793,0,1831.57751017285,0.000397317781873796,0.165018009392557
271,"ivw",0.1289449647202,0.138964168024259,0.353459021794788,0.1289449647202,0.138964168024259,0.353459021794788,2.77555756156289e-17,5.55111512312578e-17,1.11022302462516e-16,3.99463775594061e-16
271,"egger",-0.174325841265097,0.195847374484669,0.376075451947876,-0.174325841265097,0.195847374484669,0.376075451947876,2.77555756156289e-16,0,6.66133814775094e-16,0
271,"weighted_median",-0.119252141157907,0.120450235673447,0.322148117024893,-0.119252141157907,0.122943345690678,0.332058266750218,1.38777878078145e-17,0.00249311001723149,0.00991014972532483,0.0202785275057023
271,"simple_mode",-100.467503160593,7538.00989455009,0.989398786767128,-100.467503160593,9308.96232477341,0.991415490571062,0,1770.95243022332,0.00201670380393471,0.190241658354378
271,"weighted_mode",-100.467503160593,7538.00989455009,0.989398786767128,-100.467503160593,8324.91340294234,0.99040080325647,0,786.903508392246,0.00100201648934217,0.0945239271935399
272,"ivw",-0.240290404908108,0.179763116252484,0.181318679266797,-0.240290404908108,0.179763116252484,0.181318679266797,2.22044604925031e-16,2.77555756156289e-17,3.33066907387547e-16,1.54400837025128e-16
272,"egger",-0.0951432136223936,0.284284879205727,0.738745693975168,-0.0951432136223937,0.284284879205727,0.738745693975168,9.71445146547012e-17,5.55111512312578e-17,2.22044604925031e-16,1.95265929677134e-16
272,"weighted_median",-0.263456064293418,0.115482722221519,0.0225279715713314,-0.263456064293418,0.113256808006805,0.0200087888253356,0,0.00222591421471409,0.00251918274599582,0.0196536901744604
272,"simple_mode",5.04228833437568,7021.86914965609,0.999428817902639,5.04228833437568,8335.14706912666,0.999518812803622,0,1313.27791947057,8.99949009830481e-05,0.157559057876129
272,"weighted_mode",5.04228833437568,7021.86914965609,0.999428817902639,5.04228833437568,7475.19628326283,0.999463456765903,0,453.327133606742,3.4638863263603e-05,0.0606441779491134
273,"ivw",-0.196606295764817,0.160446397371294,0.220435624683678,-0.196606295764817,0.160446397371294,0.220435624683678,8.32667268468867e-17,2.77555756156289e-17,8.32667268468867e-17,1.72989709151268e-16
273,"egger",-0.475768314694425,0.228916799039118,0.0408832613629011,-0.475768314694424,0.228916799039118,0.0408832613629012,5.55111512312578e-16,8.32667268468867e-17,1.31838984174237e-16,3.637423168435e-16
273,"weighted_median",-0.204353928097263,0.129420951364235,0.114339165872059,-0.204353928097263,0.121798990712701,0.0933868203935262,0,0.00762196065153339,0.0209523454785325,0.062578192207783
273,"simple_mode",5.42518940511826,7221.41090851217,0.999402424908868,5.42518940511826,7639.45739295951,0.999435125414866,0,418.046484447344,3.27005059974628e-05,0.0547220126959035
273,"weighted_mode",5.42518940511826,7221.41090851217,0.999402424908868,5.42518940511826,8724.22887559791,0.999505361966923,0,1502.81796708575,0.000102937058055197,0.172257971279181
274,"ivw",0.210884678117337,0.238024912105874,0.375629738842758,0.210884678117337,0.238024912105874,0.375629738842759,5.55111512312578e-17,1.66533453693773e-16,4.44089209850063e-16,6.99647159704438e-16
274,"egger",0.232507502816759,0.372630920840775,0.534427823567112,0.232507502816759,0.372630920840775,0.534427823567113,1.11022302462516e-16,2.77555756156289e-16,3.33066907387547e-16,7.44854333424704e-16
274,"weighted_median",-0.026340360783895,0.170197050551605,0.877007445051783,-0.026340360783895,0.174265008596801,0.879856464504638,0,0.00406795804519583,0.00284901945285487,0.0233435161651294
274,"simple_mode",-14.2153023144045,17045.7566319314,0.999336655021167,-14.2153023144045,19126.2186006642,0.99940881061849,0,2080.46196873277,7.2155597322987e-05,0.108775394246541
274,"weighted_mode",-14.2153023144045,17045.7566319314,0.999336655021167,-14.2153023144045,17346.3313019749,0.999348149362482,0,300.57467004345,1.14943413153101e-05,0.0173278524900092
275,"ivw",0.0644771204609322,0.157547229185861,0.682351933977566,0.0644771204609321,0.157547229185861,0.682351933977566,5.55111512312578e-17,0,3.33066907387547e-16,0
275,"egger",0.389765179534471,0.228169672070864,0.0914722299368302,0.38976517953447,0.228169672070864,0.0914722299368304,4.44089209850063e-16,1.11022302462516e-16,1.80411241501588e-16,4.8657782366464e-16
275,"weighted_median",0.0608630727805177,0.111505124520708,0.585181377316201,0.0608630727805174,0.107593070126197,0.571612440141505,2.91433543964104e-16,0.00391205439451116,0.0135689371746968,0.0363597245614674
275,"simple_mode",14.606470122558,6990.51266370583,0.998337982438299,14.606470122558,8093.37134524879,0.998564460162484,0,1102.85868154296,0.000226477724184715,0.136266907138814
275,"weighted_mode",14.606470122558,6998.33266885457,0.998339839590194,14.606470122558,7648.71254512973,0.998481004985687,0,650.379876275166,0.00014116539549347,0.0850312876105262
276,"ivw",0.0538197689555033,0.10173817170024,0.596803567116335,0.0538197689555033,0.10173817170024,0.596803567116335,6.93889390390723e-18,1.38777878078145e-17,0,1.36406892082785e-16
276,"egger",0.0998757933559073,0.163840729990249,0.543860450136252,0.0998757933559073,0.163840729990249,0.543860450136252,2.77555756156289e-17,2.77555756156289e-17,0,1.69405834661996e-16
276,"weighted_median",0.0239309238716637,0.106966549512388,0.822972509727728,0.0239309238716637,0.104678580550458,0.819169426013548,6.93889390390723e-18,0.00228796896193004,0.00380308371418026,0.0218570881444765
276,"simple_mode",-0.486999639028226,86.008535140878,0.99549614479926,-0.486999639028226,87.7961747297984,0.995587847944886,0,1.78763958892041,9.17031456263429e-05,0.0203612468814508
276,"weighted_mode",-0.486999639028226,85.6897142088175,0.995479387739157,-0.486999639028226,93.6900606221556,0.995865406476957,0,8.00034641333815,0.000386018737799865,0.0853916238308661
277,"ivw",-0.00672872804946218,0.110816285570919,0.951582467921258,-0.00672872804946225,0.110816285570919,0.951582467921257,7.11236625150491e-17,0,4.44089209850063e-16,0
277,"egger",0.0510583715804694,0.176322463152225,0.772891452339326,0.0510583715804691,0.176322463152225,0.772891452339327,2.63677968348475e-16,1.11022302462516e-16,9.99200722162641e-16,6.29654897496903e-16
277,"weighted_median",-0.0151957823158644,0.113440228085591,0.893438879467869,-0.0151957823158644,0.11101370401958,0.891124034907312,0,0.00242652406601082,0.00231484456055653,0.0218578786055354
277,"simple_mode",2.38337882607178,203.509463856151,0.990684673168492,2.38337882607178,209.874659233001,0.990967181094,0,6.36519537685007,0.000282507925508768,0.0303285561015896
277,"weighted_mode",2.38337882607178,203.509463856151,0.990684673168492,2.38337882607178,194.666179307651,0.990261517950972,0,8.84328454849972,0.000423155217519566,0.0454279453161906
278,"ivw",-0.0486213957264574,0.105966017505593,0.646349418669856,-0.0486213957264574,0.105966017505593,0.646349418669856,2.08166817117217e-17,1.38777878078145e-17,1.11022302462516e-16,1.30964512345497e-16
278,"egger",0.0108391788565317,0.164720906890068,0.947698596479743,0.0108391788565317,0.164720906890068,0.947698596479743,2.94902990916057e-17,8.32667268468867e-17,1.11022302462516e-16,5.05501872342518e-16
278,"weighted_median",0.0682438620000662,0.119571544724717,0.568178176108867,0.0682438620000662,0.119298299323236,0.567292247570795,6.93889390390723e-17,0.000273245401480299,0.000885928538072567,0.00229043836358426
278,"simple_mode",-0.318797462689374,135.564205787627,0.998129450965118,-0.318797462689374,133.670096822667,0.998102945284135,0,1.89410896495946,2.65056809829467e-05,0.0141700276275873
278,"weighted_mode",-0.318797462689374,136.017511854674,0.99813568493926,-0.318797462689374,135.166457165741,0.998123946589833,0,0.851054688933033,1.17383494273593e-05,0.0062963453121322
279,"ivw",-0.103544082334374,0.125877744025687,0.410748829753311,-0.103544082334374,0.125877744025687,0.410748829753312,1.52655665885959e-16,5.55111512312578e-17,5.55111512312578e-16,4.4099258102314e-16
279,"egger",-0.110455431317854,0.189188379979879,0.560971670185521,-0.110455431317854,0.189188379979879,0.560971670185521,2.77555756156289e-17,1.11022302462516e-16,3.33066907387547e-16,5.86834680197184e-16
279,"weighted_median",-0.0499684493941045,0.126474677778132,0.692778983821213,-0.0499684493941046,0.123052625588323,0.684688363161587,1.38777878078145e-17,0.00342205218980902,0.00809062065962607,0.0278096641453034
279,"simple_mode",-1.32304565157334,173.544319370324,0.99393599083631,-1.32304565157334,182.141541524206,0.994222211553829,0,8.59722215388243,0.000286220717519381,0.0472007762860614
279,"weighted_mode",0.511159019766274,173.544319370324,0.997657148991413,0.511159019766274,183.493495432108,0.997784180057703,0,9.94917606178436,0.000127031066289862,0.0542208650958176
280,"ivw",0.0299511764172413,0.128181608344857,0.815247357737635,0.0299511764172413,0.128181608344857,0.815247357737635,3.46944695195361e-18,0,1.11022302462516e-16,0
280,"egger",-0.159473649556905,0.19846403294475,0.424044215027138,-0.159473649556905,0.19846403294475,0.424044215027138,1.66533453693773e-16,5.55111512312578e-17,5.55111512312578e-16,2.79703835539367e-16
280,"weighted_median",0.0542108898855632,0.128366718898429,0.672796822259936,0.0542108898855632,0.130495998621057,0.67783311002216,1.38777878078145e-17,0.00212927972262761,0.00503628776222409,0.0163168200184494
280,"simple_mode",0.386269294041411,5.85020116696554,0.947519288178537,0.386269294041411,5.52747649225767,0.944460080389293,0,0.322724674707873,0.00305920778924396,0.0583855354536401
280,"weighted_mode",0.137077371010297,5.84825848072914,0.981357736921533,0.137077371010297,5.96962280187604,0.981736671900768,0,0.121364321146892,0.000378934979235801,0.0203303165333581
281,"ivw",0.152114368949492,0.145412971661992,0.295521661461699,0.152114368949492,0.145412971661992,0.295521661461698,1.38777878078145e-16,8.32667268468867e-17,7.21644966006352e-16,5.72622413909797e-16
281,"egger",0.147078882711722,0.222242558586297,0.510004781993711,0.147078882711722,0.222242558586297,0.510004781993711,0,2.77555756156289e-17,0,1.24888661254552e-16
281,"weighted_median",-0.0569829623430387,0.110559240180777,0.606268919753788,-0.0569829623430387,0.107945742270712,0.597579000836384,0,0.00261349791006461,0.00868991891740445,0.0242112181090973
281,"simple_mode",-0.0399363296000208,7.95886159464713,0.996008693943614,-0.0399363296000279,7.82549034638117,0.99594066998496,7.105427357601e-15,0.133371248265951,6.80239586536846e-05,0.0170431809845152
281,"weighted_mode",-0.0399363296000208,8.0205809226486,0.996039407262398,-0.0399363296000279,8.27804511366964,0.996162588841366,7.105427357601e-15,0.257464191021038,0.000123181578967846,0.0311020521736326
282,"ivw",-0.149107632645698,0.1253061597874,0.234067400401413,-0.149107632645698,0.125306159787401,0.234067400401413,0,2.77555756156289e-17,8.32667268468867e-17,2.21502084675806e-16
282,"egger",0.000624607216422529,0.180238016009158,0.997243597432359,0.000624607216422415,0.180238016009158,0.99724359743236,1.13949648328227e-16,2.77555756156289e-17,4.44089209850063e-16,1.53994014305055e-16
282,"weighted_median",-0.116645273553986,0.0965681136005481,0.227083143662776,-0.116645273553986,0.098117448338739,0.234505336902899,0,0.00154933473819084,0.00742219324012255,0.015790613845174
282,"simple_mode",-0.365386673961222,105.633024220426,0.997248612282219,-0.365386673961222,89.2676203966822,0.996744203897303,0,16.365403823744,0.000504408384915944,0.183329674870019
282,"weighted_mode",-0.365386673961222,105.330981947815,0.997240722561512,-0.365386673961222,88.1057263719189,0.996701268342697,0,17.225255575896,0.000539454218815072,0.195506651896647
283,"ivw",-0.231081855081279,0.140918094466698,0.101040317584488,-0.231081855081279,0.140918094466698,0.101040317584488,1.94289029309402e-16,0,2.35922392732846e-16,0
283,"egger",0.223522230137994,0.204568337804724,0.27782562196742,0.223522230137993,0.204568337804724,0.277825621967422,9.15933995315754e-16,1.38777878078145e-16,1.77635683940025e-15,6.78393731734863e-16
283,"weighted_median",-0.0632830591361596,0.116713944419798,0.587676259011074,-0.0632830591361596,0.11968488593275,0.596980766936679,2.77555756156289e-17,0.00297094151295245,0.00930450792560467,0.0248230299907859
283,"simple_mode",-0.471211141465954,75.7429691763854,0.995051539941669,-0.471211141465954,75.3118798651227,0.9950232150593,0,0.431089311262653,2.83248823692572e-05,0.00572405458520884
283,"weighted_mode",-0.471211141465954,75.9364196300532,0.995064146137659,-0.471211141465954,71.1389224650353,0.994731284680434,0,4.79749716501782,0.000332861457225442,0.0674384289047361
284,"ivw",-0.0152930205224168,0.167128423394273,0.92709164658963,-0.0152930205224168,0.167128423394273,0.92709164658963,5.20417042793042e-18,1.11022302462516e-16,0,6.6429336319773e-16
284,"egger",-0.150275431267608,0.253175316470629,0.554479181682157,-0.150275431267608,0.253175316470629,0.554479181682157,1.11022302462516e-16,5.55111512312578e-17,2.22044604925031e-16,2.19259728812061e-16
284,"weighted_median",-0.0274492144352975,0.121128064753596,0.820724552408194,-0.0274492144352978,0.11518070331393,0.811637292297328,2.4980018054066e-16,0.00594736143966533,0.0090872601108658,0.0516350505644641
284,"simple_mode",0.08343094597693,38.8336481575159,0.998291093433378,0.08343094597693,35.414884370224,0.998126125016007,0,3.41876378729194,0.000164968417371347,0.09653465903072
284,"weighted_mode",0.08343094597693,39.2614702999001,0.99830971492011,0.08343094597693,39.9073430502519,0.998337070974576,0,0.645872750351799,2.7356054465244e-05,0.0161843084752224
285,"ivw",0.059221642044712,0.132749360870032,0.655513302535554,0.059221642044712,0.132749360870032,0.655513302535554,3.46944695195361e-17,5.55111512312578e-17,2.22044604925031e-16,4.18165111059222e-16
285,"egger",0.106125124872052,0.216048083377439,0.624622358356345,0.106125124872052,0.216048083377439,0.624622358356346,3.33066907387547e-16,0,1.11022302462516e-15,0
285,"weighted_median",0.122086476906256,0.103569454010158,0.23848242175549,0.122086476906256,0.109313212675147,0.264058406179225,0,0.00574375866498888,0.0255759844237348,0.0525440477360955
285,"simple_mode",-0.0377213401363039,140.766758388791,0.999786849341269,-0.0377213401363039,137.567327632149,0.999781892054041,0,3.19943075664165,4.95728722782474e-06,0.0232571993053236
285,"weighted_mode",-0.0377213401363039,141.811477210112,0.999788419612618,-0.0377213401363039,135.417693234731,0.999778429786153,0,6.39378397538161,9.98982646516211e-06,0.0472152775804468
286,"ivw",0.0338515603840752,0.117616578666122,0.773490015668939,0.0338515603840752,0.117616578666122,0.773490015668939,6.93889390390723e-18,0,0,0
286,"egger",0.227749342176747,0.168941712471648,0.181432879184287,0.227749342176747,0.168941712471648,0.181432879184286,2.4980018054066e-16,5.55111512312578e-17,3.88578058618805e-16,3.2858167718984e-16
286,"weighted_median",0.0925576019015504,0.102441695458804,0.366252664927696,0.0925576019015504,0.100947640281216,0.359201738222529,0,0.00149405517758826,0.00705092670516677,0.0148002981885082
286,"simple_mode",-0.00686153137877354,63.2279496637127,0.999913679959687,-0.00686153137877354,58.9815684753851,0.999907465343779,0,4.24638118832763,6.21461590810668e-06,0.0719950536768073
286,"weighted_mode",-0.00686153137877354,63.2945727180915,0.999913770819053,-0.00686153137877354,60.2993751303601,0.999909487633148,0,2.9951975877314,4.283185905396e-06,0.0496721165228685
287,"ivw",0.000183351960438325,0.137572269433364,0.9989366050606,0.00018335196043833,0.137572269433364,0.9989366050606,5.58364118830035e-18,0,0,0
287,"egger",-0.478023928183558,0.190262919538074,0.0140005830261293,-0.478023928183559,0.190262919538074,0.0140005830261291,9.99200722162641e-16,1.11022302462516e-16,1.59594559789866e-16,5.83520439673998e-16
287,"weighted_median",-0.192611479478758,0.110552398791788,0.0814622360368923,-0.192611479478758,0.103988417576204,0.0639914046422173,0,0.00656398121558331,0.0174708313946751,0.0631222338850682
287,"simple_mode",0.349226252588516,22.5935524329483,0.987705679335286,0.349226252588516,20.8466313228716,0.986675524736698,0,1.74692111007677,0.00103015459858835,0.0837987242648724
287,"weighted_mode",-0.542032548219583,22.5935524329483,0.980919122076542,-0.542032548219583,22.1415741094159,0.980529700045307,0,0.451978323532455,0.000389422031234599,0.0204131070943257
288,"ivw",0.270576964873657,0.119118853006434,0.0231174933571414,0.270576964873657,0.119118853006434,0.0231174933571415,5.55111512312578e-17,1.38777878078145e-17,2.42861286636753e-17,1.16503705816114e-16
288,"egger",0.3619910421774,0.179767957440326,0.0474077087048784,0.3619910421774,0.179767957440326,0.0474077087048783,1.11022302462516e-16,8.32667268468867e-17,1.45716771982052e-16,4.63190036937074e-16
288,"weighted_median",0.229985256776837,0.118534926967751,0.0523515028712557,0.229985256776837,0.117439127809588,0.0501906141742329,0,0.00109579915816266,0.00216088869702279,0.009330784199448
288,"simple_mode",0.230039818828003,34.6628832851292,0.994721205138906,0.230039818828003,31.2525463265167,0.994145183073964,0,3.41033695861244,0.00057602206494245,0.109121891156718
288,"weighted_mode",0.230039818828003,34.7360329121607,0.994732321438671,0.230039818828003,31.7309761720611,0.994233458615281,0,3.00505674009965,0.000498862823390067,0.0947042008353207
289,"ivw",-0.1993217244744,0.140294677599855,0.155393469950411,-0.199321724474399,0.140294677599855,0.155393469950411,1.11022302462516e-16,5.55111512312578e-17,8.32667268468867e-17,3.9567538969358e-16
289,"egger",0.0164555900696769,0.201269365909612,0.935042537659327,0.0164555900696768,0.201269365909612,0.935042537659328,1.14491749414469e-16,5.55111512312578e-17,3.33066907387547e-16,2.75805267137312e-16
289,"weighted_median",0.00883487287742953,0.120237846642967,0.941425509426192,0.00883487287742953,0.125498983859638,0.943876912168745,0,0.00526113721667107,0.00245140274255262,0.0419217515143811
289,"simple_mode",-1.10448984395888,230.762273864211,0.996192894438323,-1.10448984395888,227.244406624469,0.996133958835972,0,3.51786723974229,5.8935602350707e-05,0.0154805448987605
289,"weighted_mode",1.77664255913213,230.762273864211,0.99387606477066,1.77664255913213,231.705083681306,0.993900982616138,0,0.942809817095366,2.49178454770904e-05,0.00406900790485949
290,"ivw",-0.0495037080368017,0.15617686218713,0.75126477218774,-0.0495037080368018,0.156176862187129,0.751264772187739,1.52655665885959e-16,5.55111512312578e-17,8.88178419700125e-16,3.55437741889992e-16
290,"egger",0.140872836769366,0.230471447722796,0.54277519693523,0.140872836769366,0.230471447722796,0.542775196935232,7.21644966006352e-16,2.77555756156289e-17,1.99840144432528e-15,1.20429562489721e-16
290,"weighted_median",0.0957315369620706,0.116396095883463,0.410813168800467,0.0957315369620706,0.115639026062455,0.407756584520304,0,0.000757069821008108,0.00305658428016264,0.00654683671063801
290,"simple_mode",-0.346204721859817,149.957640487306,0.998163615246482,-0.346204721859817,160.150590956009,0.998280493668233,0,10.1929504687029,0.000116878421750677,0.0636460371944726
290,"weighted_mode",-0.346204721859817,150.172198407258,0.998166238969048,-0.346204721859817,153.675708929033,0.998208045120325,0,3.50351052177527,4.1806151276802e-05,0.0227980761968905
291,"ivw",0.132769960165139,0.151225464537359,0.379965242173999,0.132769960165138,0.151225464537359,0.379965242173999,1.11022302462516e-16,2.77555756156289e-17,4.44089209850063e-16,1.83537711063022e-16
291,"egger",-0.297182299971658,0.23240141403764,0.204683760151584,-0.29718229997166,0.23240141403764,0.204683760151582,1.60982338570648e-15,3.33066907387547e-16,1.77635683940025e-15,1.4331535320762e-15
291,"weighted_median",0.0995525541543003,0.125541358530176,0.427785912624034,0.0995525541543002,0.12286516892137,0.417791590328518,1.38777878078145e-16,0.00267618960880626,0.00999432229551611,0.0217815157241101
291,"simple_mode",0.829289574763745,139.329631425409,0.995265656095044,0.829289574763745,140.828780403371,0.995316053487604,0,1.49914897796174,5.03973925592982e-05,0.0106451889568864
291,"weighted_mode",-0.357122413171532,137.493612341059,0.997933983567514,-0.357122413171532,142.896490065575,0.998012098923376,0,5.40287772451566,7.81153558614411e-05,0.037809730120287
292,"ivw",-0.193244257884832,0.142185488572737,0.174114991168633,-0.193244257884832,0.142185488572737,0.174114991168633,2.77555756156289e-17,5.55111512312578e-17,8.32667268468867e-17,3.90413619480306e-16
292,"egger",0.00582918290375455,0.212971648576029,0.97823223121256,0.00582918290375463,0.212971648576029,0.97823223121256,7.54604712049911e-17,5.55111512312578e-17,2.22044604925031e-16,2.6065042742739e-16
292,"weighted_median",-0.0935030574713882,0.12691348651683,0.461276568932855,-0.0935030574713882,0.130935695062211,0.475156479358459,1.38777878078145e-17,0.00402220854538102,0.0138799104256044,0.0307189612692701
292,"simple_mode",0.101002487748893,123.817759793475,0.999351143349416,0.101002487748893,135.692216086049,0.999407924929452,0,11.874456292574,5.67815800356364e-05,0.0875102244998628
292,"weighted_mode",0.101002487748893,123.996384491574,0.999352078068584,0.101002487748893,129.496206747573,0.999379595899417,0,5.49982225599891,2.75178308331014e-05,0.0424709139683119
293,"ivw",0.0863722414859382,0.14793708463231,0.559324989231729,0.0863722414859382,0.14793708463231,0.559324989231729,1.38777878078145e-17,0,1.11022302462516e-16,0
293,"egger",-0.00966381157734088,0.217077012025086,0.964602521887443,-0.00966381157734084,0.217077012025086,0.964602521887443,4.33680868994202e-17,8.32667268468867e-17,1.11022302462516e-16,3.83581504416802e-16
293,"weighted_median",0.112731892408572,0.102400799839057,0.270945062450786,0.112731892408572,0.106966655350968,0.291929840124135,5.55111512312578e-17,0.0045658555119114,0.0209847776733497,0.042684848815085
293,"simple_mode",0.43586395740024,59.1236426379341,0.994136114622504,0.43586395740024,62.5681276677494,0.994458926344058,0,3.44448502981529,0.000322811721553573,0.0550517517178438
293,"weighted_mode",0.43586395740024,60.1803064942809,0.994239072640483,0.43586395740024,57.0534290860418,0.993923344587898,0,3.12687740823919,0.000315728052585396,0.0548061257373956
294,"ivw",-0.305972196598244,0.122901401605282,0.0127896107321566,-0.305972196598244,0.122901401605282,0.0127896107321566,1.66533453693773e-16,8.32667268468867e-17,1.56125112837913e-17,6.77508358401895e-16
294,"egger",0.0244161869812933,0.184687276782307,0.895155778105496,0.0244161869812934,0.184687276782307,0.895155778105496,7.28583859910259e-17,0,3.33066907387547e-16,0
294,"weighted_median",-0.0719933917060023,0.0987774398234661,0.46609679995606,-0.0719933917060023,0.102696760956104,0.483285014151847,2.77555756156289e-17,0.00391932113263832,0.0171882141957871,0.0381640189636901
294,"simple_mode",-0.290413142033751,98.530625796783,0.99765553330131,-0.290413142033751,86.6234945964444,0.99733326769401,0,11.9071312003386,0.000322265607299865,0.137458448840129
294,"weighted_mode",-0.290413142033751,99.3451246176385,0.997674754776341,-0.290413142033751,88.4686748994189,0.997388887198275,0,10.8764497182196,0.000285867578065369,0.122941252715554
295,"ivw",0.0448658612442691,0.158958992567984,0.777753338202654,0.0448658612442691,0.158958992567984,0.777753338202654,0,0,0,0
295,"egger",0.339047271898011,0.25665885889825,0.19026631278802,0.339047271898011,0.25665885889825,0.19026631278802,1.66533453693773e-16,1.11022302462516e-16,0,4.32567583831304e-16
295,"weighted_median",0.188195848823414,0.119819117245972,0.116260182354691,0.188195848823414,0.123553241494326,0.127709584251849,8.32667268468867e-17,0.0037341242483542,0.0114494018971574,0.0302227946688527
295,"simple_mode",-0.202865612593144,208.095514184795,0.999224565125474,-0.202865612593144,188.578989823699,0.999144313407081,0,19.5165243610955,8.02517183936535e-05,0.103492570298215
295,"weighted_mode",-0.202865612593144,208.484981498082,0.999226013701954,-0.202865612593144,198.777521713042,0.999188215472967,0,9.70745978503982,3.77982289869738e-05,0.0488358024659027
296,"ivw",-0.172799361227334,0.150907350494753,0.252180487109015,-0.172799361227334,0.150907350494753,0.252180487109015,2.77555756156289e-17,2.77555756156289e-17,1.66533453693773e-16,1.83924610197128e-16
296,"egger",0.165759859946267,0.245648439551754,0.50175794151506,0.165759859946266,0.245648439551754,0.501757941515061,3.33066907387547e-16,2.77555756156289e-17,7.7715611723761e-16,1.12989016605503e-16
296,"weighted_median",-0.25334692891859,0.140257285236282,0.0708712752530789,-0.25334692891859,0.140310644236213,0.0709785815233157,4.44089209850063e-16,5.33589999306139e-05,0.000107306270236751,0.000380291888908899
296,"simple_mode",0.0214963161378832,17.4796247201782,0.999021791334264,0.0214963161378832,15.2996024464059,0.998882407624447,0,2.18002227377224,0.000139383709816698,0.142488818347326
296,"weighted_mode",-0.206225015265423,17.5258669943295,0.990640527604421,-0.206225015265423,15.8195082844984,0.989631030614555,0,1.70635870983105,0.0010094969898663,0.107864206595038
297,"ivw",-0.104339282485342,0.159589380652306,0.513241694394014,-0.104339282485342,0.159589380652306,0.513241694394014,5.55111512312578e-17,2.77555756156289e-17,0,1.7391868746016e-16
297,"egger",-0.162837074049774,0.236094112086103,0.492370844673438,-0.162837074049774,0.236094112086103,0.492370844673438,1.94289029309402e-16,0,5.55111512312578e-16,0
297,"weighted_median",0.187290599402458,0.111650086036701,0.0934489843006254,0.187290599402457,0.103408214389662,0.070113427533732,1.94289029309402e-16,0.00824187164703942,0.0233355567668934,0.0797022915025155
297,"simple_mode",-1.05620421566427,307.948455656945,0.997271847239676,-1.05620421566427,329.437271631675,0.997449800881305,0,21.4888159747293,0.000177953641629647,0.0652288548539059
297,"weighted_mode",-1.05620421566427,307.920053290732,0.997271595597454,-1.05620421566427,329.744912847598,0.997452180125411,0,21.8248595568652,0.000180584527956551,0.0661871001083565
298,"ivw",0.135984988779225,0.154097386264279,0.377527367388965,0.135984988779225,0.154097386264279,0.377527367388965,1.38777878078145e-16,5.55111512312578e-17,4.44089209850063e-16,3.60234216666437e-16
298,"egger",0.383315169466618,0.242772466683071,0.118303516267761,0.383315169466618,0.242772466683071,0.118303516267761,9.43689570931383e-16,2.77555756156289e-16,4.9960036108132e-16,1.14327526489495e-15
298,"weighted_median",0.115224401537749,0.106264403690013,0.278223844348403,0.115224401537749,0.111026830610997,0.299360003054461,2.77555756156289e-17,0.00476242692098393,0.0211361587060582,0.0428943787260753
298,"simple_mode",-1.50111660638417,388.856639754669,0.996929398208462,-1.50111660638417,349.39040082281,0.996582552997097,0,39.4662389318589,0.000346845211365077,0.112957421952396
298,"weighted_mode",-1.50111660638417,386.165921760795,0.99690800304891,-1.50111660638417,360.32926611716,0.996686299135895,0,25.8366556436352,0.000221703913015459,0.0717029064057053
299,"ivw",0.0566866506417001,0.168993104322771,0.737294966964886,0.0566866506417,0.168993104322771,0.737294966964887,7.63278329429795e-17,5.55111512312578e-17,4.44089209850063e-16,3.28481753463937e-16
299,"egger",-0.33370160611402,0.245142809389654,0.177255414530273,-0.33370160611402,0.245142809389654,0.177255414530273,5.55111512312578e-17,2.77555756156289e-17,5.55111512312578e-17,1.13222067107469e-16
299,"weighted_median",-0.20353053672157,0.109566480379795,0.0632260424744861,-0.20353053672157,0.104411859460654,0.051259038108556,2.77555756156289e-17,0.00515462091914107,0.0119670043659301,0.0493681555502179
299,"simple_mode",0.0382210541885637,61.5323762604767,0.99950591846169,0.0382210541885637,56.430669063004,0.999461250216427,0,5.10170719747273,4.46682452637237e-05,0.0904066402575655
299,"weighted_mode",0.0382210541885637,61.3428802746004,0.999504392180962,0.0382210541885637,54.0879849299585,0.999437915637351,0,7.25489534464192,6.64765436116932e-05,0.1341313667728
300,"ivw",-0.137155899669079,0.141725095853454,0.333164171275749,-0.137155899669079,0.141725095853454,0.333164171275749,0,5.55111512312578e-17,1.11022302462516e-16,3.91681874667118e-16
300,"egger",0.00637381403484944,0.210084705278451,0.975872049974209,0.00637381403484946,0.210084705278451,0.975872049974209,1.99493199737333e-17,0,1.11022302462516e-16,0
300,"weighted_median",-0.0575862997714292,0.0844857365586635,0.495485763133723,-0.0575862997714292,0.0848167356278667,0.497169714249459,0,0.000330999069203183,0.00168395111573588,0.00390252073193952
300,"simple_mode",-0.753297343630058,102.155339748767,0.994134553748555,-0.753297343630058,95.6598828920374,0.993736288770297,0,6.49545685672919,0.000398264978258234,0.0679015765057963
300,"weighted_mode",-0.753297343630058,102.067958360083,0.994129532374263,-0.753297343630058,96.6433916396389,0.993800031233526,0,5.4245667204441,0.000329501140737598,0.0561297221508023
301,"ivw",0.0553997204405688,0.111648386679432,0.619754631791054,0.0553997204405688,0.111648386679432,0.619754631791054,1.38777878078145e-17,0,0,0
301,"egger",0.079309902682227,0.1662975399299,0.634722381481574,0.0793099026822271,0.1662975399299,0.634722381481574,4.16333634234434e-17,0,1.11022302462516e-16,0
301,"weighted_median",-0.0540128135337947,0.11877688501326,0.649295010909956,-0.0540128135337948,0.118352744250873,0.648122892176486,4.16333634234434e-17,0.000424140762386171,0.00117211873347034,0.0035837002772586
301,"simple_mode",-0.0523103158737444,114.569024176826,0.999636821781784,-0.0523103158737444,117.373336723837,0.999645498924255,0,2.80431254701081,8.67714247099194e-06,0.0238922452516534
301,"weighted_mode",-0.0523103158737444,114.085085848165,0.999635281213653,-0.0523103158737444,120.151794143303,0.999653696605258,0,6.0667082951384,1.84153916052976e-05,0.0504920325026752
302,"ivw",-0.10257540022349,0.101200290212511,0.310779383837614,-0.10257540022349,0.101200290212511,0.310779383837614,4.16333634234434e-17,1.38777878078145e-17,1.66533453693773e-16,1.37131897336188e-16
302,"egger",0.135886106511027,0.143079133840507,0.345111366908252,0.135886106511027,0.143079133840507,0.345111366908254,4.44089209850063e-16,0,1.66533453693773e-15,0
302,"weighted_median",-0.00968124905589325,0.108705917594178,0.929034957225011,-0.00968124905589325,0.108146332859258,0.928668738037823,0,0.000559584734919558,0.000366219187187711,0.00517432926410738
302,"simple_mode",0.305718806391957,108.061309929301,0.9977496450686,0.305718806391957,116.020938680106,0.997904030531269,0,7.95962875080514,0.000154385462668882,0.0686051056072859
302,"weighted_mode",0.305718806391957,107.697417406001,0.997742041496192,0.305718806391957,123.033814403617,0.99802349965384,0,15.3363969976162,0.000281458157647574,0.124651885922228
303,"ivw",-0.0968627613482377,0.106786220111025,0.364368866871419,-0.0968627613482378,0.106786220111025,0.364368866871419,5.55111512312578e-17,1.38777878078145e-17,3.33066907387547e-16,1.2995860133813e-16
303,"egger",-0.135740766176297,0.154636404050407,0.382677671147435,-0.135740766176297,0.154636404050408,0.382677671147434,1.94289029309402e-16,1.11022302462516e-16,4.44089209850063e-16,7.17957088722299e-16
303,"weighted_median",-0.244431599111664,0.121980689951915,0.0450856095397059,-0.244431599111664,0.120603542947668,0.0426893704539954,0,0.00137714700424747,0.00239623908571048,0.0114187939308304
303,"simple_mode",0.00840907923493628,12.3611959764513,0.999458887459058,0.00840907923493628,12.8718986414903,0.999480356519981,0,0.510702665038981,2.14690609225965e-05,0.0396757836014044
303,"weighted_mode",0.00840907923493628,12.2747184144165,0.999455075226112,0.00840907923493628,14.3283475229658,0.99953317727067,0,2.05362910854922,7.81020445577152e-05,0.143326305092588
304,"ivw",-0.191514398955103,0.161476257106274,0.235613597975999,-0.191514398955102,0.161476257106274,0.235613597975999,1.11022302462516e-16,2.77555756156289e-17,1.66533453693773e-16,1.7188641917407e-16
304,"egger",0.213334546980661,0.233717437097599,0.364096511345025,0.213334546980662,0.233717437097599,0.364096511345024,5.55111512312578e-16,0,8.88178419700125e-16,0
304,"weighted_median",-0.0232543674478607,0.13448056719438,0.862714382231525,-0.0232543674478607,0.137697848439306,0.865891289098591,0,0.00321728124492632,0.00317690686706606,0.0233647895111768
304,"simple_mode",-0.1897665846633,32.2859247361182,0.995324762686763,-0.1897665846633,34.2491057745808,0.995592747472365,0,1.96318103846264,0.000267984785602415,0.0573206509794392
304,"weighted_mode",-0.1897665846633,32.137071123965,0.995303108012956,-0.1897665846633,33.3811841081712,0.99547815870405,0,1.24411298420623,0.00017505069109458,0.0372698877359981
305,"ivw",0.142744934233619,0.137965649310939,0.300836541953306,0.142744934233619,0.137965649310939,0.300836541953306,8.32667268468867e-17,8.32667268468867e-17,0,6.03532308677973e-16
305,"egger",0.105208892169622,0.1992212490462,0.598891276161262,0.105208892169622,0.1992212490462,0.598891276161262,2.77555756156289e-17,0,2.22044604925031e-16,0
305,"weighted_median",0.186082685468503,0.115355486125239,0.106717604045658,0.186082685468503,0.114061126259827,0.102799725777752,0,0.00129435986541131,0.00391787826790678,0.0113479491905314
305,"simple_mode",-0.00846932983727555,14.3933233705494,0.999531954990273,-0.00846932983727555,14.1580977257168,0.999524178791933,0,0.235225644832546,7.77619834047005e-06,0.0166142125439127
305,"weighted_mode",-0.00846932983727555,14.4363835851833,0.99953335105433,-0.00846932983727555,14.7955967000773,0.999544680533362,0,0.359213114893995,1.13294790314855e-05,0.0242783797217262
306,"ivw",-0.27541343369625,0.133739771077575,0.0394632728737359,-0.27541343369625,0.133739771077575,0.0394632728737357,1.66533453693773e-16,0,1.52655665885959e-16,0
306,"egger",-0.17235057744189,0.198844007711516,0.388664303939632,-0.17235057744189,0.198844007711516,0.388664303939631,2.4980018054066e-16,5.55111512312578e-17,8.88178419700125e-16,2.79169344201681e-16
306,"weighted_median",-0.0441133067544128,0.113739403595434,0.698130431031458,-0.0441133067544128,0.115897119182514,0.703481747136977,4.85722573273506e-17,0.00215771558708003,0.00535131610551853,0.018617508375528
306,"simple_mode",-0.0204916652002041,34.3758158930759,0.99952584111682,-0.0204916652002041,36.6847315294548,0.999555684397518,0,2.30891563637891,2.98432806978832e-05,0.0629394175755394
306,"weighted_mode",-0.0204916652002041,34.358640730244,0.999525604094782,-0.0204916652002041,38.7602734452206,0.999579476684965,0,4.40163271497665,5.38725901830794e-05,0.113560414407226
307,"ivw",-0.316796224833652,0.112860117555572,0.0050008164790152,-0.316796224833652,0.112860117555572,0.00500081647901517,1.66533453693773e-16,1.38777878078145e-17,2.68882138776405e-17,1.22964498960238e-16
307,"egger",-0.065562930711943,0.168392677771567,0.698055079058527,-0.0655629307119429,0.168392677771567,0.698055079058527,5.55111512312578e-17,2.77555756156289e-17,2.22044604925031e-16,1.64826499482838e-16
307,"weighted_median",-0.151159173643205,0.135480836992561,0.264540444965299,-0.151159173643205,0.13739481278397,0.27125323199967,0,0.00191397579140909,0.00671278703437178,0.0139304807265067
307,"simple_mode",-0.0320105360709784,15.2413452513375,0.998329413361768,-0.0320105360709784,16.5074364705046,0.998457544236717,0,1.26609121916713,0.00012813087494945,0.0766982336372685
307,"weighted_mode",-0.0320105360709784,15.3306777599163,0.998339147926496,-0.0320105360709784,15.8255048549363,0.998391078873494,0,0.494827095019975,5.19309469972917e-05,0.0312676972744808
308,"ivw",-0.00328225546911499,0.147810013873966,0.982283705393379,-0.00328225546911501,0.147810013873966,0.982283705393379,2.25514051876985e-17,5.55111512312578e-17,1.11022302462516e-16,3.75557445509687e-16
308,"egger",0.271102262641953,0.207863270667773,0.195893954774325,0.271102262641953,0.207863270667773,0.195893954774325,0,0,0,0
308,"weighted_median",0.129370941864836,0.117154225384006,0.269472162747229,0.129370941864836,0.11387906256254,0.255940663269154,0,0.00327516282146638,0.0135314994780759,0.028760008624656
308,"simple_mode",0.0903744406161806,92.6547971704671,0.999224150788212,0.0903744406161806,101.9664725024,0.999295002057047,0,9.31167533193324,7.08512688347707e-05,0.091320951911071
308,"weighted_mode",0.0903744406161806,92.7316178537082,0.999224793516645,0.0903744406161806,94.2501581890705,0.999237283489793,0,1.51854033536227,1.24899731480665e-05,0.0161118067549129
309,"ivw",0.0457182463143634,0.151575830756392,0.762942040322334,0.0457182463143634,0.151575830756392,0.762942040322334,3.46944695195361e-17,2.77555756156289e-17,1.11022302462516e-16,1.83113465234684e-16
309,"egger",-0.023355534884689,0.221684408149926,0.916357929205387,-0.0233555348846889,0.221684408149926,0.916357929205388,9.71445146547012e-17,5.55111512312578e-17,4.44089209850063e-16,2.50406204453113e-16
309,"weighted_median",-0.0777585850170455,0.102517118887511,0.448155505304051,-0.0777585850170455,0.0991598851507962,0.43293812998702,0,0.00335723373671482,0.0152173753170309,0.0338567731458073
309,"simple_mode",-0.597395922037704,56.214958227067,0.99154717716347,-0.597395922037704,57.2215283448337,0.991695863215535,0,1.00657011776673,0.000148686052065083,0.0175907590531459
309,"weighted_mode",-0.597395922037704,56.4312258697273,0.991579570626052,-0.597395922037704,58.5150371677885,0.991879424444476,0,2.08381129806117,0.0002998538184249,0.0356115521568578
310,"ivw",-0.0588366626501063,0.145361009528918,0.68565221212965,-0.0588366626501062,0.145361009528918,0.685652212129651,7.63278329429795e-17,2.77555756156289e-17,3.33066907387547e-16,1.90942369660051e-16
310,"egger",0.285137732407146,0.212300124051099,0.18304149112076,0.285137732407145,0.212300124051099,0.183041491120761,7.21644966006352e-16,1.11022302462516e-16,9.15933995315754e-16,5.22949776684038e-16
310,"weighted_median",0.200889326287994,0.12092685575751,0.0966639327662933,0.200889326287994,0.11948007424333,0.0926925086154732,0,0.00144678151418003,0.00397142415082015,0.012108977361644
310,"simple_mode",0.216414882666356,16.5187036395112,0.989579267077459,0.216414882666356,18.6791958011709,0.990784502332982,0,2.16049216165965,0.00120523525552341,0.115663018079409
310,"weighted_mode",0.216414882666356,16.5453749505537,0.989596064433286,0.216414882666356,17.1536791649501,0.989964988885153,0,0.608304214396398,0.000368924451866537,0.0354620258748536
311,"ivw",0.134353638349398,0.133355799844575,0.31370294981065,0.134353638349398,0.133355799844575,0.31370294981065,1.38777878078145e-16,5.55111512312578e-17,2.77555756156289e-16,4.16263494320873e-16
311,"egger",0.0838313936179656,0.208578131208021,0.688815828180261,0.0838313936179656,0.208578131208021,0.688815828180261,0,2.77555756156289e-17,1.11022302462516e-16,1.3307040126823e-16
311,"weighted_median",0.106315563603676,0.106241239839635,0.316972072723831,0.106315563603676,0.105059556863133,0.311559480129393,0,0.00118168297650274,0.00541259259443733,0.0112477437730124
311,"simple_mode",-0.0188896316746359,9.9842712633055,0.998495103832862,-0.0188896316746359,10.2709069953208,0.998537101731904,0,0.286635732015338,4.19978990418013e-05,0.0279075384623696
311,"weighted_mode",-0.0188896316746359,9.99540664444646,0.99849678036017,-0.0188896316746359,9.2774767348996,0.998380455101117,0,0.717929909546855,0.000116325259052585,0.0773841778385904
312,"ivw",-0.00654563307074838,0.139335629591716,0.962531197124224,-0.00654563307074841,0.139335629591716,0.962531197124224,2.60208521396521e-17,0,1.11022302462516e-16,0
312,"egger",0.176237558242776,0.211521849810932,0.407219127985743,0.176237558242776,0.211521849810932,0.407219127985744,1.11022302462516e-16,0,5.55111512312578e-16,0
312,"weighted_median",-0.0650817499044506,0.108114523451525,0.547193797815748,-0.0650817499044506,0.112549351962036,0.563094823517375,4.16333634234434e-17,0.00443482851051032,0.0159010257016272,0.0394034122205007
312,"simple_mode",-0.828087041751083,75.125467594346,0.991232423215932,-0.828087041751083,77.4589699252868,0.991496541878904,0,2.33350233094075,0.000264118662972268,0.0301256566307496
312,"weighted_mode",-0.828087041751083,74.8858073405984,0.991204365120708,-0.828087041751083,84.586653478556,0.992213060451817,0,9.70084613795763,0.00100869533110881,0.114685304820777
313,"ivw",-0.12681488929399,0.122396997482683,0.300157930631866,-0.12681488929399,0.122396997482683,0.300157930631867,5.55111512312578e-17,1.38777878078145e-17,1.66533453693773e-16,1.13383400681687e-16
313,"egger",-0.329287888853155,0.172970250261108,0.0605419344081198,-0.329287888853155,0.172970250261108,0.06054193440812,5.55111512312578e-17,1.11022302462516e-16,1.94289029309402e-16,6.41857789388182e-16
313,"weighted_median",-0.0558247128460529,0.122834425844265,0.649489693172436,-0.0558247128460529,0.118113533420291,0.636472864584278,4.16333634234434e-17,0.00472089242397351,0.0130168285881576,0.0399691067337291
313,"simple_mode",-0.222886087972263,153.632961813169,0.998846020524126,-0.222886087972263,162.233446983381,0.998907196422531,0,8.60048517021261,6.11758984055966e-05,0.0530130212365741
313,"weighted_mode",-0.222886087972263,153.53364497288,0.998845274045959,-0.222886087972263,158.081605340283,0.998878495142669,0,4.54796036740282,3.32210967100011e-05,0.0287697000395017
314,"ivw",-0.194106469005318,0.145102832664159,0.180988835237457,-0.194106469005318,0.145102832664159,0.180988835237458,1.11022302462516e-16,0,1.66533453693773e-16,0
314,"egger",0.0890202925151521,0.214464896926694,0.679193748576956,0.0890202925151524,0.214464896926694,0.679193748576956,2.4980018054066e-16,2.77555756156289e-17,7.7715611723761e-16,1.294178022295e-16
314,"weighted_median",-0.141270705836159,0.115411309766058,0.22092848936082,-0.141270705836159,0.11629413415666,0.2244535618393,0,0.000882824390601986,0.00352507247848036,0.00759130627700214
314,"simple_mode",-0.0709617485483209,52.0989614717396,0.998916585143714,-0.0709617485483209,52.8918879314592,0.998932827100926,0,0.792926459719631,1.62419572116157e-05,0.0149914569271408
314,"weighted_mode",-0.0709617485483209,52.0989614717396,0.998916585143714,-0.0709617485483209,54.5147861510881,0.998964596683359,0,2.41582467934847,4.80115396452874e-05,0.0443150354227383
315,"ivw",0.0364350695504106,0.147727069179997,0.80518859919089,0.0364350695504105,0.147727069179997,0.80518859919089,4.16333634234434e-17,2.77555756156289e-17,2.22044604925031e-16,1.87884155352803e-16
315,"egger",0.0779360906852154,0.215950108338746,0.719126521447246,0.0779360906852152,0.215950108338746,0.719126521447247,2.08166817117217e-16,2.77555756156289e-17,7.7715611723761e-16,1.28527722579748e-16
315,"weighted_median",0.201241451940204,0.10405509052558,0.05311441950621,0.201241451940204,0.10709079012035,0.0602217282646136,8.32667268468867e-17,0.00303569959477006,0.0071073087584036,0.0283469716803704
315,"simple_mode",-0.328866827956857,37.9408195979121,0.993105424429385,-0.328866827956857,40.8127458650142,0.993590573418969,0,2.8719262671021,0.000485148989583739,0.0703683667009526
315,"weighted_mode",0.616224537212958,37.8865786968229,0.987062990578653,0.616224537212958,42.0690962834666,0.988349092263288,0,4.18251758664368,0.00128610168463483,0.0994201909748993
316,"ivw",-0.171984061256482,0.146005004396414,0.238823458720337,-0.171984061256482,0.146005004396414,0.238823458720337,0,5.55111512312578e-17,2.22044604925031e-16,3.80200332589566e-16
316,"egger",-0.211709426670879,0.215607501566706,0.32909929571267,-0.211709426670879,0.215607501566706,0.32909929571267,3.33066907387547e-16,8.32667268468867e-17,5.55111512312578e-16,3.86195870931352e-16
316,"weighted_median",-0.0913480043775683,0.140298877120905,0.51498467175444,-0.0913480043775683,0.135823099786763,0.501232783502549,0,0.00447577733414131,0.013751888251891,0.0329529906265437
316,"simple_mode",-0.513338482349335,28.5155486604592,0.985681483499951,-0.513338482349335,28.144936939301,0.985492958713081,0,0.370611721158163,0.000188524786869815,0.0131679712751692
316,"weighted_mode",-0.00251961222938946,28.6119325270982,0.999929953539446,-0.00251961222938946,29.7280447144584,0.99993258336959,0,1.1161121873602,2.62983014409635e-06,0.0375440833085592
317,"ivw",-0.226282954597701,0.145391341731658,0.119619755354808,-0.226282954597701,0.145391341731658,0.119619755354808,0,5.55111512312578e-17,1.66533453693773e-16,3.81805068789531e-16
317,"egger",-0.198849303885782,0.208360085259867,0.34277929779562,-0.198849303885782,0.208360085259867,0.34277929779562,0,0,0,0
317,"weighted_median",-0.255296770007082,0.113333447707325,0.0242833533805331,-0.255296770007082,0.108505435563995,0.0186302603876739,0,0.0048280121433297,0.00565309299285922,0.0444955786614229
317,"simple_mode",0.24546693919044,14.0112534606944,0.986065441647683,0.24546693919044,14.1840360467352,0.986235167965666,0,0.17278258604083,0.000169726317982399,0.0121814824406485
317,"weighted_mode",-0.555555376204546,13.9014573848063,0.968220307833808,-0.555555376204546,13.6639155391447,0.967668135763156,0,0.237541845661649,0.000552172070651724,0.017384610215215
318,"ivw",-0.122165074917168,0.158814770735684,0.441756825762559,-0.122165074917168,0.158814770735684,0.441756825762559,2.77555756156289e-17,5.55111512312578e-17,0,3.49533931725062e-16
318,"egger",-0.044673013397749,0.240748281716302,0.85326026664065,-0.0446730133977491,0.240748281716302,0.853260266640649,1.2490009027033e-16,3.05311331771918e-16,5.55111512312578e-16,1.26817657677697e-15
318,"weighted_median",0.0770375903755488,0.108574078598672,0.47798978875326,0.0770375903755489,0.10966113977798,0.482363765191896,6.93889390390723e-17,0.00108706117930854,0.00437397643863591,0.00991291155198099
318,"simple_mode",0.239265693421846,49.1554564541336,0.996128255912726,0.239265693421846,47.6167230141323,0.996003141630264,0,1.53873344000134,0.000125114282462424,0.0323149797508042
318,"weighted_mode",0.239265693421846,48.8081076840756,0.996100702402802,0.239265693421846,49.549798594397,0.996159068949948,0,0.741690910321424,5.83665471464156e-05,0.0149685958643895
319,"ivw",0.0358125843570092,0.133927495144427,0.789159060157459,0.0358125843570092,0.133927495144427,0.789159060157459,2.08166817117217e-17,0,1.11022302462516e-16,0
319,"egger",0.337691363977632,0.19710674544411,0.0905411866756614,0.337691363977632,0.19710674544411,0.0905411866756619,7.21644966006352e-16,1.38777878078145e-16,4.30211422042248e-16,7.04074727455206e-16
319,"weighted_median",0.105695144556505,0.106635933867821,0.321598886752931,0.105695144556505,0.108441148199393,0.329720269394627,0,0.00180521433157149,0.00812138264169654,0.0166469496270199
319,"simple_mode",0.826463920264274,64.3510345324586,0.989784586283312,0.826463920264274,67.9760096562297,0.990329318485748,0,3.62497512377111,0.000544732202436338,0.0533272715198117
319,"weighted_mode",0.826463920264274,64.3510345324586,0.989784586283312,0.826463920264274,61.4804334933358,0.989307643826712,0,2.8706010391228,0.000476942456600127,0.0466912947097869
320,"ivw",-0.193050115370885,0.158861631387447,0.22428631390753,-0.193050115370885,0.158861631387447,0.22428631390753,2.77555756156289e-17,5.55111512312578e-17,5.55111512312578e-17,3.49430826980946e-16
320,"egger",-0.308217919078122,0.226928067095554,0.178212420442657,-0.308217919078122,0.226928067095554,0.178212420442657,5.55111512312578e-17,0,2.77555756156289e-17,0
320,"weighted_median",-0.401829349021006,0.161528316587368,0.0128582531958165,-0.401829349021006,0.16613318655908,0.0155753044162178,0,0.00460486997171197,0.0027170512204013,0.0277179416532433
320,"simple_mode",-0.214156131198909,17.3343529519796,0.990173216821847,-0.214156131198909,19.6310649016804,0.991322839834234,0,2.29671194970071,0.00114962301238752,0.116993752565309
320,"weighted_mode",-0.214156131198909,17.1806541683036,0.990085310635631,-0.214156131198909,18.2177400511736,0.990649699544389,0,1.03708588287002,0.000564388908758429,0.056927252225405
321,"ivw",-0.324345285127669,0.12297099311479,0.00835010225805786,-0.324345285127669,0.12297099311479,0.00835010225805782,5.55111512312578e-17,2.77555756156289e-17,3.29597460435593e-17,2.25708314721991e-16
321,"egger",-0.219010966556626,0.184448745618735,0.238590967758811,-0.219010966556626,0.184448745618735,0.23859096775881,2.77555756156289e-16,0,5.27355936696949e-16,0
321,"weighted_median",-0.141580717038709,0.126320022526202,0.2623688390076,-0.141580717038709,0.128200576057473,0.26943318688095,1.66533453693773e-16,0.00188055353127078,0.00706434787335025,0.0146688383867146
321,"simple_mode",-0.676139329414443,57.4128527700875,0.990632653410546,-0.676139329414443,61.752234570282,0.991290877149797,0,4.33938180019455,0.000658223739250619,0.0702708465595002
321,"weighted_mode",-0.676139329414443,57.6995849385817,0.990679201316147,-0.676139329414443,60.3492660059954,0.991088420438701,0,2.64968106741367,0.000409219122554427,0.0439057712342423
322,"ivw",-0.0634592806891072,0.180794349164643,0.725586422452954,-0.0634592806891073,0.180794349164643,0.725586422452954,5.55111512312578e-17,2.77555756156289e-17,1.11022302462516e-16,1.53520150070359e-16
322,"egger",-0.297377644921088,0.286653266890241,0.302669241067045,-0.297377644921088,0.286653266890241,0.302669241067045,4.9960036108132e-16,1.11022302462516e-16,5.55111512312578e-16,3.8730520557795e-16
322,"weighted_median",-0.186918791622661,0.140186560055307,0.182414534949492,-0.186918791622661,0.1379773247959,0.1755110564018,1.11022302462516e-16,0.00220923525940722,0.00690347854769147,0.016011582067381
322,"simple_mode",-0.239793372157025,58.0360378771697,0.996713468121739,-0.239793372157025,63.2121990567037,0.996982585992736,0,5.17616117953403,0.000269117870996594,0.0818854787015213
322,"weighted_mode",-0.239793372157025,57.8600414442699,0.996703471334227,-0.239793372157025,59.8973840077647,0.996815598454817,0,2.0373425634948,0.000112127120590388,0.0340138821961022
323,"ivw",-0.0986775417489441,0.163129664522225,0.545243782542339,-0.098677541748944,0.163129664522225,0.54524378254234,1.11022302462516e-16,2.77555756156289e-17,2.22044604925031e-16,1.70144257311627e-16
323,"egger",-0.444879821480858,0.249746770599513,0.078655028991162,-0.444879821480857,0.249746770599512,0.0786550289911622,8.32667268468867e-16,2.4980018054066e-16,2.63677968348475e-16,1.00021385638349e-15
323,"weighted_median",-0.349889232824649,0.129295416651294,0.00680739348348113,-0.349889232824649,0.129980800053952,0.00710562139616345,0,0.000685383402658446,0.000298227912682318,0.00527295879371383
323,"simple_mode",0.761782727667651,42.4792195028858,0.985736348849618,0.761782727667651,45.6762748135395,0.98673461853553,0,3.1970553106537,0.000998269685912434,0.0699937839437382
323,"weighted_mode",-0.74351833157859,42.3371986223549,0.986031600618096,-0.74351833157859,44.2645655296009,0.986639753186899,0,1.92736690724603,0.000608152568802756,0.043541981812905
324,"ivw",-0.456017365752919,0.177145527107863,0.010045684907586,-0.456017365752919,0.177145527107863,0.0100456849075861,3.88578058618805e-16,2.77555756156289e-17,7.63278329429795e-17,1.56682339479724e-16
324,"egger",-0.157600136977342,0.245855860396068,0.523337584186605,-0.157600136977342,0.245855860396068,0.523337584186606,6.38378239159465e-16,1.11022302462516e-16,1.33226762955019e-15,4.51574765326568e-16
324,"weighted_median",-0.159845877923889,0.13535729101528,0.23763525142924,-0.159845877923889,0.131710268788472,0.224893847962241,5.55111512312578e-17,0.0036470222268084,0.0127414034669991,0.027689733384916
324,"simple_mode",0.117704875049671,56.8046549018606,0.998351800072462,0.117704875049671,60.0693686313672,0.998441378070081,0,3.26471372950661,8.95779976194389e-05,0.0543490601597872
324,"weighted_mode",0.117704875049671,57.2502840800382,0.998364629439848,0.117704875049671,66.0430393197189,0.998582357100677,0,8.79275523968075,0.000217727660829392,0.133136744314786
325,"ivw",0.28541785800039,0.145582687336613,0.0499349722418269,0.28541785800039,0.145582687336613,0.0499349722418269,5.55111512312578e-17,2.77555756156289e-17,0,1.90651622960175e-16
325,"egger",0.278152204016482,0.21707565895816,0.203768723145512,0.278152204016482,0.21707565895816,0.203768723145512,5.55111512312578e-17,5.55111512312578e-17,8.32667268468867e-17,2.55722596894003e-16
325,"weighted_median",0.145109951722433,0.124606952856057,0.244204687691448,0.145109951722433,0.119872773690708,0.226074425134831,2.77555756156289e-17,0.0047341791653497,0.018130262556617,0.0394933646698181
325,"simple_mode",0.0390917197009957,76.5585637215947,0.99959384606971,0.0390917197009957,93.911107907263,0.999668893672915,0,17.3525441856683,7.50476032048697e-05,0.184776269520789
325,"weighted_mode",0.0390917197009957,76.5585637215947,0.99959384606971,0.0390917197009957,81.9470570524139,0.999620553039422,0,5.38849333081922,2.67069697119648e-05,0.0657557882447529
326,"ivw",0.0188115785682623,0.0867372358125049,0.828301802655313,0.0188115785682623,0.0867372358125049,0.828301802655313,3.46944695195361e-18,1.38777878078145e-17,0,1.5999804095456e-16
326,"egger",-0.0896851335867402,0.130769845624455,0.494806678597051,-0.0896851335867401,0.130769845624455,0.494806678597052,1.11022302462516e-16,0,5.55111512312578e-16,0
326,"weighted_median",-0.000266664535839289,0.0775440083988114,0.997256176188298,-0.000266664535839289,0.0801045441165101,0.997343881980388,0,0.00256053571769876,8.77057920909419e-05,0.0319649246611344
326,"simple_mode",0.0398246217361653,1.06342208141134,0.970218750902063,0.0398246217361653,1.13496024190144,0.97209509943506,0,0.0715381604900964,0.00187634853299645,0.0630314242287872
326,"weighted_mode",-0.0843647764222139,1.05654278659681,0.936553633533273,-0.0843647764222139,1.10182995859395,0.939156126861301,0,0.0452871719971413,0.00260249332802742,0.0411017794932101
327,"ivw",-0.11616453966561,0.0952009839140515,0.222387876196283,-0.11616453966561,0.0952009839140515,0.222387876196283,1.38777878078145e-17,4.16333634234434e-17,2.4980018054066e-16,4.37320726233569e-16
327,"egger",-0.181487439591756,0.146858061122473,0.220148797943797,-0.181487439591756,0.146858061122473,0.220148797943797,2.77555756156289e-17,5.55111512312578e-17,2.77555756156289e-17,3.77991856946578e-16
327,"weighted_median",-0.1032112426209,0.090561684783505,0.254420094777276,-0.1032112426209,0.0912590891972151,0.258067946749397,2.77555756156289e-17,0.000697404413710051,0.00364785197212064,0.00764202689118372
327,"simple_mode",-0.0811628692194673,3.276077287351,0.980295838409647,-0.0811628692194673,3.63946521913917,0.982262881889115,0,0.36338793178817,0.00196704347946763,0.0998465186250966
327,"weighted_mode",-0.0811628692194673,3.276077287351,0.980295838409647,-0.0811628692194673,3.54729085005612,0.981802073175505,0,0.271213562705125,0.00150623476585832,0.0764565337800913
328,"ivw",-0.0481842066601434,0.0764792070231832,0.528674854985717,-0.0481842066601433,0.0764792070231833,0.528674854985718,1.04083408558608e-16,4.16333634234434e-17,1.11022302462516e-15,5.44374935932887e-16
328,"egger",0.0793487278572598,0.111701188511578,0.479542926786522,0.0793487278572598,0.111701188511578,0.479542926786522,0,1.38777878078145e-17,0,1.24240287795828e-16
328,"weighted_median",-0.121433292430249,0.0732306767675402,0.0972710867223422,-0.121433292430249,0.078380852255796,0.121316247485952,0,0.00515017548825583,0.0240451607636099,0.0657070616105095
328,"simple_mode",-0.0893250966694982,9.56507760865329,0.992571890677774,-0.0893250966694982,9.70435305540431,0.992678494739385,0,0.139275446751013,0.000106604061611115,0.0143518528186122
328,"weighted_mode",-0.0893250966694982,9.64484792613725,0.992633325074813,-0.0893250966694982,10.0074790303066,0.992900256665213,0,0.362631104169335,0.000266931590400254,0.0362360093956875
329,"ivw",-0.154799920235927,0.111644619954458,0.165581558771353,-0.154799920235926,0.111644619954458,0.165581558771353,5.55111512312578e-17,1.38777878078145e-17,8.32667268468867e-17,1.24303238377949e-16
329,"egger",0.00941461239360404,0.167756577072422,0.955385601051618,0.00941461239360408,0.167756577072422,0.955385601051618,4.16333634234434e-17,5.55111512312578e-17,2.22044604925031e-16,3.30902979781789e-16
329,"weighted_median",0.0899648524279135,0.103889227822562,0.386507153121266,0.0899648524279138,0.102386378678473,0.379574862863558,3.05311331771918e-16,0.00150284914408924,0.00693229025770842,0.0146782136792696
329,"simple_mode",-0.405622374230461,11.544884322844,0.972059025324123,-0.405622374230461,12.2284760888953,0.973620374395669,0,0.683591766051267,0.00156134907154526,0.0559016316572788
329,"weighted_mode",0.258352742118994,11.4713929004797,0.982087366687568,0.258352742118994,12.0123736717748,0.982893938503329,0,0.540980771295079,0.00080657181576016,0.0450352932798128
330,"ivw",0.0870823751628836,0.0802109656871364,0.277626474352385,0.0870823751628836,0.0802109656871365,0.277626474352385,4.16333634234434e-17,4.16333634234434e-17,5.55111512312578e-16,5.19048275591577e-16
330,"egger",0.042927050771041,0.115037242573419,0.710017908226932,0.0429270507710409,0.115037242573419,0.710017908226933,1.17961196366423e-16,5.55111512312578e-17,1.11022302462516e-15,4.825493900015e-16
330,"weighted_median",0.110351459960121,0.0588544362097862,0.060794144591377,0.110351459960121,0.0606708078500794,0.0689334095072618,0,0.00181637164029321,0.00813926491588477,0.0299381482570919
330,"simple_mode",-0.00304379764884599,3.96374543813059,0.999389185048325,-0.00304379764884599,3.78157995765433,0.999359761004239,0,0.182165480476255,2.94240440855686e-05,0.0481717912925607
330,"weighted_mode",-0.00304379764884599,4.06814714975319,0.999404860517251,-0.00304379764884599,3.80774570839101,0.999364160544448,0,0.260401441362175,4.06999728028712e-05,0.0683872982348418
331,"ivw",0.0245784962695237,0.118796013104112,0.836090578581484,0.0245784962695237,0.118796013104112,0.836090578581484,6.93889390390723e-18,1.38777878078145e-17,0,1.16820316146907e-16
331,"egger",0.122593639254816,0.188166482953099,0.51658017503552,0.122593639254816,0.188166482953099,0.51658017503552,1.38777878078145e-17,2.77555756156289e-17,0,1.47505417436893e-16
331,"weighted_median",-0.000782139206629384,0.099616093564727,0.993735446118528,-0.000782139206629336,0.100361356570942,0.993781964475267,4.7271214720368e-17,0.000745263006215205,4.65183567388561e-05,0.00742579645870373
331,"simple_mode",0.0592846333019923,2.5135765971568,0.981241032403307,0.0592846333019923,2.62752784110192,0.982054432795669,0,0.113951243945117,0.000813400392362107,0.0433682346434542
331,"weighted_mode",-0.115222751593672,2.52085426953649,0.963655632353063,-0.115222751593672,2.59520059524421,0.964696109466317,0,0.0743463257077219,0.00104047711325406,0.0286476220157948
332,"ivw",0.133990070524641,0.0995964731841798,0.178518860572709,0.133990070524641,0.0995964731841798,0.178518860572709,0,0,0,0
332,"egger",-0.0708901806315376,0.153784112968765,0.646069424687801,-0.0708901806315372,0.153784112968765,0.646069424687802,3.46944695195361e-16,2.77555756156289e-17,1.4432899320127e-15,1.80484024518621e-16
332,"weighted_median",-0.0518545810017072,0.0784343598037376,0.508534893744062,-0.0518545810017072,0.083183052325374,0.533035391722269,0,0.00474869252163643,0.0245004979782066,0.0570872598310256
332,"simple_mode",0.0758958794284936,17.1845176253794,0.996486992290077,0.0758958794284936,15.9416968785095,0.99621311889296,0,1.24282074686993,0.000273873397116375,0.0779603800236185
332,"weighted_mode",0.0758958794284936,17.2220551412301,0.996494649257631,0.0758958794284936,17.7837920340128,0.99660537212995,0,0.561736892782733,0.000110722872318725,0.0315870142716677
333,"ivw",0.171205097109502,0.104087616729578,0.100007524353276,0.171205097109502,0.104087616729578,0.100007524353276,2.77555756156289e-17,4.16333634234434e-17,1.2490009027033e-16,3.99983828351144e-16
333,"egger",0.17810341135889,0.159513171347158,0.267531852467572,0.178103411358891,0.159513171347158,0.267531852467571,1.94289029309402e-16,5.55111512312578e-17,7.21644966006352e-16,3.48003558342186e-16
333,"weighted_median",-0.13242216944369,0.0881093485160454,0.132857136075438,-0.13242216944369,0.0937262331978508,0.157696504427249,0,0.00561688468180545,0.0248393683518111,0.059928629265923
333,"simple_mode",-0.214803438480258,7.52485358805689,0.977297005255423,-0.214803438480258,6.63329787983556,0.974246599892391,0,0.891555708221335,0.00305040536303247,0.134406101515742
333,"weighted_mode",-0.214803438480258,7.57180074213671,0.977437731444857,-0.214803438480258,6.58741751613141,0.974067295493573,0,0.984383226005304,0.00337043595128417,0.149433859869171
334,"ivw",0.238972641973734,0.128560568010508,0.0630507960574647,0.238972641973734,0.128560568010508,0.0630507960574646,5.55111512312578e-17,8.32667268468867e-17,1.52655665885959e-16,6.47684808300479e-16
334,"egger",0.128365256126192,0.199776896391626,0.522357878601793,0.128365256126192,0.199776896391626,0.522357878601792,1.38777878078145e-16,1.11022302462516e-16,7.7715611723761e-16,5.55731440761182e-16
334,"weighted_median",0.143846642292893,0.0933758071791452,0.123435363114523,0.143846642292893,0.0929926933097705,0.121897099791337,0,0.000383113869374757,0.00153826332318613,0.00411982765246465
334,"simple_mode",-0.0633721221745096,9.91354911115341,0.994915294846915,-0.0633721221745096,10.5087144083679,0.99520326554289,0,0.595165297214502,0.000287970695975082,0.0566354050634949
334,"weighted_mode",-0.0633721221745096,9.98970963633955,0.994954059590827,-0.0633721221745096,10.5404315822174,0.995217699202548,0,0.550721945877894,0.000263639611720823,0.0522485195774153
335,"ivw",0.239251551464616,0.115264121231918,0.0379234603005952,0.239251551464616,0.115264121231918,0.0379234603005953,8.32667268468867e-17,0,8.32667268468867e-17,0
335,"egger",0.169328172450812,0.187257217418338,0.368575524451628,0.169328172450812,0.187257217418338,0.368575524451628,1.11022302462516e-16,1.38777878078145e-16,0,7.41108300077484e-16
335,"weighted_median",0.0670760558322015,0.101308518230643,0.507909122630879,0.0670760558322015,0.105767815638929,0.525961985498811,1.38777878078145e-17,0.00445929740828599,0.0180528628679322,0.0421611941340377
335,"simple_mode",-0.21102802899793,0.707883381938474,0.766381574391736,-0.21102802899793,0.656200550178343,0.748591160450411,0,0.0516828317601316,0.0177904139413243,0.0787607260403625
335,"weighted_mode",0.00126761782453855,0.711778212418793,0.998583413510895,0.00126761782453855,0.707243201591957,0.998574330032808,0,0.00453501082683627,9.08347808614707e-06,0.00641223671945982
336,"ivw",0.0431247881499471,0.0993987561325387,0.664392710445668,0.043124788149947,0.0993987561325387,0.664392710445668,4.85722573273506e-17,1.38777878078145e-17,3.33066907387547e-16,1.39617318644408e-16
336,"egger",0.215009538302261,0.155142098761393,0.169632356561553,0.215009538302261,0.155142098761393,0.169632356561553,5.55111512312578e-17,5.55111512312578e-17,2.22044604925031e-16,3.57808432878256e-16
336,"weighted_median",0.155787584421904,0.0804297413552996,0.0527526763162952,0.155787584421904,0.0819231445013269,0.0572194230650314,0,0.00149340314602726,0.00446674674873617,0.0182293191395147
336,"simple_mode",-0.0179216914427791,3.0656492377231,0.995349991900612,-0.0179216914427791,3.05165474116514,0.995328667808528,0,0.0139944965579679,2.13240920835522e-05,0.00458587151724273
336,"weighted_mode",-0.0179216914427791,3.16590021846351,0.9954972368284,-0.0179216914427791,3.22404276047618,0.995578439021247,0,0.0581425420126682,8.12021928470186e-05,0.0180340480360381
337,"ivw",-0.0101513430020997,0.118665137976995,0.931827225545433,-0.0101513430020996,0.118665137976995,0.931827225545433,3.64291929955129e-17,2.77555756156289e-17,2.22044604925031e-16,2.33898313260376e-16
337,"egger",0.0706614505546978,0.182187755007933,0.699157406457077,0.070661450554698,0.182187755007933,0.699157406457077,1.66533453693773e-16,5.55111512312578e-17,5.55111512312578e-16,3.04691998805522e-16
337,"weighted_median",-0.0386221747700401,0.0785370449965643,0.62288183728853,-0.0386221747700401,0.0830401142838918,0.641857969399072,3.46944695195361e-17,0.00450306928732749,0.0189761321105424,0.0542276383668345
337,"simple_mode",0.0177505155661681,7.86162675356356,0.998204035046241,0.0177505155661681,8.31764448055611,0.998302499288458,0,0.456017726992555,9.84642422169335e-05,0.0548253448507655
337,"weighted_mode",0.0177505155661681,7.71227165338992,0.998169254625803,0.0177505155661681,7.85984385385002,0.998203627656482,0,0.147572200460095,3.43730306794354e-05,0.0187754621089335
338,"ivw",0.125283118367301,0.112962832929688,0.267402165006879,0.125283118367301,0.112962832929688,0.267402165006879,5.55111512312578e-17,1.38777878078145e-17,1.11022302462516e-16,1.22852689224362e-16
338,"egger",0.136518355625684,0.181795633062671,0.454889563346811,0.136518355625684,0.181795633062671,0.454889563346811,8.32667268468867e-17,1.38777878078145e-16,1.11022302462516e-16,7.6337300154126e-16
338,"weighted_median",-0.054590590007177,0.0953939590823402,0.567142698851257,-0.054590590007177,0.0935205614313505,0.559403184024529,0,0.00187339765098972,0.00773951482672752,0.0200319333237205
338,"simple_mode",-0.411762935489383,16.4142706212943,0.980048330934336,-0.411762935489383,17.0134082084728,0.980750799775633,0,0.599137587178518,0.000702468841297321,0.0352156122886737
338,"weighted_mode",-0.411762935489383,16.4398082804835,0.980079317365552,-0.411762935489383,18.7740251035951,0.982555670142636,0,2.33421682311159,0.00247635277708458,0.124332252153248
339,"ivw",-0.295747482057215,0.117583438992234,0.0118960237134728,-0.295747482057215,0.117583438992234,0.0118960237134729,0,1.38777878078145e-17,1.73472347597681e-17,1.1802502058756e-16
339,"egger",-0.476983031791001,0.191398115622281,0.0147653907393453,-0.476983031791001,0.191398115622281,0.0147653907393452,5.55111512312578e-17,5.55111512312578e-17,3.29597460435593e-17,2.90029768844787e-16
339,"weighted_median",-0.046129821667611,0.100211881368544,0.645284481967732,-0.046129821667611,0.0979980774465265,0.637839485611609,0,0.0022138039220176,0.00744499635612272,0.0225902791126243
339,"simple_mode",-0.146747990082809,2.62865937860451,0.955617760807391,-0.146747990082809,2.7393577705793,0.957409489717816,0,0.110698391974785,0.00179172891042534,0.0404103447763142
339,"weighted_mode",0.0287039932760028,2.632106892135,0.991325793370025,0.0287039932760028,2.83612551250249,0.991949755927923,0,0.204018620367493,0.00062396255789765,0.0719356810790346
340,"ivw",0.017006578503686,0.122101082637552,0.88922669504377,0.017006578503686,0.122101082637552,0.88922669504377,0,1.38777878078145e-17,0,1.13658188019591e-16
340,"egger",0.110091477175547,0.202088168403903,0.587427474169939,0.110091477175548,0.202088168403903,0.587427474169938,2.35922392732846e-16,1.11022302462516e-16,7.7715611723761e-16,5.49375568789466e-16
340,"weighted_median",0.0414758871773433,0.0901462629360441,0.645447695787593,0.0414758871773433,0.0899228446797237,0.644627429409907,1.38777878078145e-17,0.000223418256320398,0.000820266377685952,0.00248455503288561
340,"simple_mode",0.0743545115919653,14.9115607667629,0.996033731771158,0.0743545115919653,13.9294373651635,0.995754084537634,0,0.982123401599376,0.000279647233524138,0.0705070402955107
340,"weighted_mode",0.0743545115919653,14.7110556063179,0.995979673757958,0.0743545115919653,13.3834543290634,0.995580872593544,0,1.32760127725451,0.000398801164413598,0.0991972060883789
341,"ivw",-0.0451092024529315,0.119086610761887,0.704841411895829,-0.0451092024529315,0.119086610761887,0.704841411895829,6.93889390390723e-18,0,0,0
341,"egger",-0.063186605893852,0.184487211064908,0.732873962193242,-0.063186605893852,0.184487211064908,0.732873962193243,6.93889390390723e-17,1.11022302462516e-16,4.44089209850063e-16,6.0178861082926e-16
341,"weighted_median",-0.390932824354529,0.0963814290421979,4.98986588063232e-05,-0.390932824354529,0.107008176680988,0.000258892845596318,0,0.0106267476387905,0.000208994186789995,0.0993078096309484
341,"simple_mode",0.1015468685684,14.4799466681381,0.994421779853532,0.1015468685684,14.5230874796759,0.994438349675091,0,0.0431408115377465,1.65698215588428e-05,0.00297049863523299
341,"weighted_mode",0.1015468685684,14.4071112964,0.994393579547753,0.1015468685684,14.8090881326655,0.994545757377986,0,0.401976836265433,0.000152177830233913,0.0271439289620246
342,"ivw",-0.274194471179305,0.115417087841565,0.017516480376888,-0.274194471179305,0.115417087841565,0.017516480376888,2.22044604925031e-16,6.93889390390723e-17,1.73472347597681e-17,6.01201610062486e-16
342,"egger",-0.296011555782099,0.180422032719271,0.104793840923997,-0.296011555782099,0.180422032719271,0.104793840923996,1.11022302462516e-16,5.55111512312578e-17,9.71445146547012e-17,3.07673904315394e-16
342,"weighted_median",-0.171384495306603,0.0968310269266206,0.0767381902767769,-0.171384495306603,0.102392398798684,0.0941697238156493,5.55111512312578e-17,0.00556137187206383,0.0174315335388724,0.0543143039650643
342,"simple_mode",-0.159797221732346,3.45912702075466,0.963267875831795,-0.159797221732346,3.41108807749155,0.962750951291079,0,0.0480389432631076,0.000516924540716168,0.0140831729265797
342,"weighted_mode",-0.159797221732346,3.49606345207809,0.963655681222469,-0.159797221732346,3.40559445194869,0.962690908773808,0,0.0904690001294046,0.000964772448661,0.0265648189782662
343,"ivw",-0.0813278878452925,0.114942120656078,0.4792215615837,-0.0813278878452925,0.114942120656078,0.4792215615837,1.38777878078145e-17,4.16333634234434e-17,2.22044604925031e-16,3.62211547740762e-16
343,"egger",-0.327184021228899,0.173875113195726,0.0635112798270299,-0.327184021228899,0.173875113195726,0.06351127982703,2.77555756156289e-16,1.11022302462516e-16,2.77555756156289e-17,6.38517499267081e-16
343,"weighted_median",-0.0904892944373539,0.0798637144028923,0.257194766661296,-0.0904892944373539,0.081972451983973,0.269637023296587,0,0.00210873758108072,0.012442256635291,0.0257249542991958
343,"simple_mode",-0.0919459406100007,0.773121390691542,0.905626690788202,-0.0919459406100007,0.815579272978047,0.910518018677046,0,0.0424578822865046,0.00489132788884317,0.0520585597172814
343,"weighted_mode",-0.0919459406100007,0.745038765733112,0.902087403793948,-0.0919459406100007,0.760013991089819,0.904007057760033,0,0.0149752253567067,0.00191965396608462,0.0197038811551785
344,"ivw",0.0270260472660098,0.10996569820157,0.805861846943067,0.0270260472660097,0.10996569820157,0.805861846943068,3.46944695195361e-17,2.77555756156289e-17,3.33066907387547e-16,2.52402122385038e-16
344,"egger",-0.0147087502797407,0.183869619407728,0.936440576097206,-0.0147087502797404,0.183869619407728,0.936440576097207,2.4459601011273e-16,5.55111512312578e-17,9.99200722162641e-16,3.0190496619326e-16
344,"weighted_median",-0.0480571287069098,0.0881015047379909,0.58542717913493,-0.0480571287069098,0.0931757963455403,0.606016195616149,1.38777878078145e-17,0.00507429160754938,0.0205890164812192,0.0544593317853865
344,"simple_mode",0.153894883953384,11.7452524221561,0.989578051371242,0.153894883953384,10.9041151331205,0.988774160235985,0,0.841137289035569,0.000803891135257695,0.0771394357787613
344,"weighted_mode",0.153894883953384,11.7296822847165,0.989564217940026,0.153894883953384,11.3471574033327,0.989212437981459,0,0.382524881383807,0.000351779958566834,0.0337110756277567
345,"ivw",0.242787349393903,0.122401158824041,0.0473073671676121,0.242787349393903,0.122401158824041,0.0473073671676121,0,0,0,0
345,"egger",0.554681276573231,0.188050807479945,0.00417069773314299,0.554681276573231,0.188050807479945,0.00417069773314295,4.44089209850063e-16,5.55111512312578e-17,3.98986399474666e-17,2.9519230454343e-16
345,"weighted_median",0.200741450228364,0.0951914088608663,0.0349602092259378,0.200741450228364,0.100095970065323,0.0449107066465189,0,0.00490456120445637,0.00995049742058108,0.0489985880675881
345,"simple_mode",0.137471246453155,8.43042878207541,0.98702992752235,0.137471246453155,8.32074855110681,0.986858977713958,0,0.109680230968603,0.000170949808392162,0.0131815341245967
345,"weighted_mode",0.137471246453155,8.18131512437373,0.986635037597324,0.137471246453155,7.58096836469597,0.985576761944266,0,0.600346759677765,0.00105827565305805,0.0791913025878775
346,"ivw",-0.223549393071234,0.102009570767407,0.0284188762666637,-0.223549393071234,0.102009570767407,0.0284188762666637,1.66533453693773e-16,4.16333634234434e-17,3.46944695195361e-17,4.08131934192451e-16
346,"egger",-0.0401417221025707,0.166210041393655,0.809776270457578,-0.0401417221025703,0.166210041393655,0.80977627045758,3.53883589099269e-16,8.32667268468867e-17,1.55431223447522e-15,5.00972902411329e-16
346,"weighted_median",-0.293724574591014,0.0908912300541633,0.00123096988875649,-0.293724574591014,0.0885099772183008,0.00090486890967703,0,0.00238125283586249,0.000326100979079461,0.0269037786552512
346,"simple_mode",-0.283278542420639,13.2834023899909,0.983038248085493,-0.283278542420639,13.172392321756,0.982895325480409,0,0.111010068234853,0.00014292260508364,0.00842747965010915
346,"weighted_mode",-0.283278542420639,13.405858015444,0.983193161523328,-0.283278542420639,13.8399785837975,0.983720268274926,0,0.434120568353551,0.000527106751597395,0.031367141627067
347,"ivw",-0.023573768845734,0.117021455003664,0.840348080201234,-0.023573768845734,0.117021455003664,0.840348080201234,1.38777878078145e-17,1.38777878078145e-17,0,1.18591824100802e-16
347,"egger",0.242099704263308,0.166616042404718,0.150124168936886,0.242099704263308,0.166616042404718,0.150124168936887,8.32667268468867e-17,2.77555756156289e-17,1.11022302462516e-16,1.66584052862145e-16
347,"weighted_median",0.191782041677884,0.0749895718481208,0.0105442872256262,0.191782041677884,0.0769588556255329,0.0127023372511341,2.77555756156289e-17,0.00196928377741212,0.00215805002550792,0.0255887871695271
347,"simple_mode",-0.551680539368579,14.2940310495179,0.969308120510595,-0.551680539368579,12.9273056121592,0.966065153007227,0,1.36672543735866,0.00324296750336883,0.10572392100587
347,"weighted_mode",0.2944449443407,14.224427478766,0.983535915366204,0.2944449443407,12.6377667470144,0.981469221213026,0,1.58666073175158,0.00206669415317806,0.125549138824422
348,"ivw",0.0948563447006946,0.14231315117423,0.50507077832356,0.0948563447006948,0.14231315117423,0.505070778323559,1.52655665885959e-16,2.77555756156289e-17,5.55111512312578e-16,1.95031698663243e-16
348,"egger",-0.159849619062127,0.238118298000963,0.50396106372528,-0.159849619062126,0.238118298000962,0.503961063725281,5.82867087928207e-16,1.66533453693773e-16,1.11022302462516e-15,6.99372770139237e-16
348,"weighted_median",0.067596346349026,0.107009381929136,0.527591968566875,0.067596346349026,0.1107846596707,0.541755953158003,0,0.00377527774156473,0.0141639845911281,0.0340776218727979
348,"simple_mode",-0.00138004197370312,18.8587765823924,0.999941792565229,-0.00138004197370312,16.0675237367112,0.999931680760185,0,2.79125284568122,1.01118050442883e-05,0.173720163195013
348,"weighted_mode",-0.00138004197370312,18.8497108985655,0.999941764570625,-0.00138004197370312,19.1616615867578,0.999942712639881,0,0.311950688192287,9.4806925565738e-07,0.016279939335108
349,"ivw",-0.28265629968513,0.133615297576059,0.0343917278510261,-0.28265629968513,0.133615297576059,0.0343917278510262,1.66533453693773e-16,2.77555756156289e-17,1.38777878078145e-16,2.07727529101443e-16
349,"egger",-0.102034524193336,0.188960359204242,0.590711883499754,-0.102034524193336,0.188960359204242,0.590711883499754,3.19189119579733e-16,1.66533453693773e-16,7.7715611723761e-16,8.81314231170424e-16
349,"weighted_median",-0.0586922296929247,0.0749723589935303,0.433714274049402,-0.0586922296929247,0.0749681901874553,0.433688707822386,0,4.16880607502501e-06,2.5566227016327e-05,5.56076659260555e-05
349,"simple_mode",-0.174150010145772,2.47069807018743,0.94398045460512,-0.174150010145772,2.40423550474405,0.942434556028299,0,0.0664625654433744,0.00154589857682152,0.0276439497346371
349,"weighted_mode",-0.174150010145772,2.54043909295073,0.945515851303548,-0.174150010145772,2.51800609324164,0.945031229731398,0,0.0224329997090877,0.000484621572150012,0.00890903313113427
350,"ivw",-0.021046782584843,0.125236207873917,0.866538680913259,-0.021046782584843,0.125236207873917,0.866538680913259,5.55111512312578e-17,2.77555756156289e-17,3.33066907387547e-16,2.21625806839921e-16
350,"egger",0.0240005461753501,0.199810017622818,0.904691751553578,0.0240005461753501,0.199810017622818,0.904691751553578,6.93889390390723e-17,8.32667268468867e-17,2.22044604925031e-16,4.16729490530698e-16
350,"weighted_median",-0.0858373580562902,0.0846088576913922,0.310334805156587,-0.0858373580562901,0.0812988415765719,0.291048125652088,9.71445146547012e-17,0.00331001611482035,0.0192866795044989,0.0407141854746206
350,"simple_mode",-0.0778567528666624,3.50684276159816,0.982341916866194,-0.0778567528666624,3.39563971201237,0.981763737183223,0,0.111203049585793,0.000578179682971802,0.0327487775550519
350,"weighted_mode",-0.0778567528666624,3.48203997493583,0.982216158388389,-0.0778567528666624,3.15605481177703,0.980379645980214,0,0.3259851631588,0.00183651240817495,0.103288815499137
351,"ivw",0.129731493246593,0.0932396802068655,0.164111308567442,0.129731493246593,0.0932396802068656,0.164111308567442,2.77555756156289e-17,1.38777878078145e-17,1.38777878078145e-16,1.48839933567174e-16
351,"egger",0.410728993411014,0.16559598582786,0.0152257415021885,0.410728993411015,0.16559598582786,0.0152257415021885,5.55111512312578e-16,1.38777878078145e-16,3.98986399474666e-17,8.38050979221238e-16
351,"weighted_median",0.155030999619717,0.102478243202397,0.130325724989408,0.155030999619718,0.100431847583168,0.122674646146813,1.94289029309402e-16,0.00204639561922931,0.00765107884259569,0.0203759630881498
351,"simple_mode",-0.0941796515029013,1.0813759426004,0.930812991865213,-0.0941796515029013,1.12229341876734,0.933329365865215,0,0.0409174761669355,0.00251637400000249,0.0364588043400246
351,"weighted_mode",0.203055821091078,1.07764872833123,0.851014884065015,0.203055821091078,1.08319254604177,0.85176837493075,0,0.00554381771054624,0.000753490865734618,0.00511803532142515
352,"ivw",-0.0997077859615688,0.11544058544587,0.387744372930009,-0.0997077859615687,0.11544058544587,0.38774437293001,5.55111512312578e-17,1.38777878078145e-17,3.88578058618805e-16,1.20215847435404e-16
352,"egger",-0.106819766429263,0.204657711180568,0.60315184739163,-0.106819766429263,0.204657711180568,0.603151847391629,0,2.77555756156289e-16,4.44089209850063e-16,1.35619495867128e-15
352,"weighted_median",-0.0953368200190316,0.125087552585658,0.445964082409197,-0.0953368200190312,0.121978981972778,0.434459095985895,4.44089209850063e-16,0.00310857061288007,0.0115049864233016,0.0254844774288558
352,"simple_mode",0.0178332184233181,0.468385837547233,0.969722539688761,0.0178332184233181,0.519024357857763,0.972675314571873,0,0.0506385203105298,0.00295277488311174,0.0975648243553286
352,"weighted_mode",0.0178332184233181,0.441792769500188,0.967901005752597,0.0178332184233181,0.507400607389424,0.972049606930649,0,0.0656078378892357,0.00414860117805183,0.129301851305989
353,"ivw",-0.0802378492535029,0.109418807155174,0.463369690575926,-0.0802378492535027,0.109418807155174,0.463369690575927,1.38777878078145e-16,4.16333634234434e-17,8.88178419700125e-16,3.80495497126013e-16
353,"egger",-0.138451568700513,0.190750202237465,0.470063194178725,-0.138451568700514,0.190750202237465,0.470063194178724,4.44089209850063e-16,2.4980018054066e-16,7.7715611723761e-16,1.30956705476875e-15
353,"weighted_median",-0.157527939896952,0.107735320451369,0.143693139211474,-0.157527939896952,0.111090409074665,0.156186192394159,0,0.00335508862329567,0.0124930531826855,0.0302014246886128
353,"simple_mode",-0.123925120836152,0.819084967269401,0.880117591102028,-0.123925120836152,0.825344878697122,0.881019929701468,0,0.0062599114277212,0.000902338599439889,0.00758460080058049
353,"weighted_mode",-0.123925120836152,0.810273943047476,0.878824174681376,-0.123925120836152,0.840197169641048,0.883107627190994,0,0.0299232265935719,0.00428345250961781,0.0356145291543363
354,"ivw",0.104934559910097,0.156658725221046,0.50296679373531,0.104934559910097,0.156658725221046,0.502966793735311,1.11022302462516e-16,2.77555756156289e-17,6.66133814775094e-16,1.77172229484605e-16
354,"egger",0.13104988027057,0.277045120485495,0.637481878333206,0.131049880270571,0.277045120485495,0.637481878333205,4.9960036108132e-16,5.55111512312578e-17,1.11022302462516e-15,2.00368629968937e-16
354,"weighted_median",-0.0430365417178841,0.125477462341824,0.73161181741718,-0.0430365417178842,0.123946739304567,0.728427532127824,1.11022302462516e-16,0.00153072303725681,0.00318428528935621,0.0123498451499837
354,"simple_mode",-0.1719025634377,0.365201894396563,0.639116129162422,-0.171902563437698,0.375232390479011,0.648090814270573,1.77635683940025e-15,0.0100304960824476,0.00897468510815125,0.0267314238774616
354,"weighted_mode",-0.0687097502074641,0.345474335740319,0.84285088105033,-0.0687097502074623,0.377064103465845,0.855863006742219,1.77635683940025e-15,0.0315897677255266,0.0130121256918881,0.0837782420420406
355,"ivw",0.061703453712341,0.10704118531245,0.564313818958262,0.061703453712341,0.10704118531245,0.564313818958262,4.85722573273506e-17,4.16333634234434e-17,2.22044604925031e-16,3.88947144988322e-16
355,"egger",-0.00831075102193435,0.19983608629509,0.966930887128577,-0.00831075102193425,0.199836086295091,0.966930887128577,9.71445146547012e-17,2.77555756156289e-17,3.33066907387547e-16,1.3889170935145e-16
355,"weighted_median",0.130629380523222,0.111069277907768,0.23955203005978,0.130629380523222,0.109353860216043,0.232260296261821,5.55111512312578e-17,0.00171541769172574,0.00729173379795911,0.0156868508193192
355,"simple_mode",0.106457848899644,0.653970563181676,0.871091652095761,0.106457848899644,0.618283608407379,0.863723238700547,0,0.0356869547742973,0.00736841339521466,0.0577193933156702
355,"weighted_mode",0.106457848899644,0.622881462679403,0.864719266282374,0.106457848899644,0.605112123031081,0.860787417059105,0,0.0177693396483218,0.00393184922326861,0.0293653671311575
356,"ivw",-0.216814500247204,0.134023280930671,0.105719160139043,-0.216814500247204,0.134023280930671,0.105719160139042,1.11022302462516e-16,0,2.08166817117217e-16,0
356,"egger",-0.0889941518510092,0.249834417544492,0.72261910660238,-0.0889941518510092,0.249834417544492,0.72261910660238,8.32667268468867e-17,8.32667268468867e-17,2.22044604925031e-16,3.33287653739933e-16
356,"weighted_median",-0.125604618808664,0.117761478380301,0.286151633644695,-0.125604618808664,0.11869756976306,0.289968685523704,2.77555756156289e-17,0.000936091382759144,0.00381705187900938,0.00788635676895269
356,"simple_mode",-0.00267577301001332,1.23622663676404,0.998278327633519,-0.00267577301001332,1.26730642961297,0.998320550364933,0,0.031079792848931,4.22227314138546e-05,0.0245242919334219
356,"weighted_mode",-0.00267577301001332,1.23503474853894,0.998276666111222,-0.00267577301001332,1.22964753062498,0.998269116012382,0,0.00538721791396024,7.55009884034763e-06,0.00438110741475824
357,"ivw",-0.00647107255251139,0.124253630450632,0.958465311479527,-0.00647107255251138,0.124253630450632,0.958465311479527,1.30104260698261e-17,1.38777878078145e-17,1.11022302462516e-16,1.11689193768293e-16
357,"egger",-0.187125191464563,0.226979490085674,0.41215534249036,-0.187125191464563,0.226979490085674,0.41215534249036,4.71844785465692e-16,2.4980018054066e-16,6.66133814775094e-16,1.10054076007648e-15
357,"weighted_median",-0.108227663647689,0.124960961863003,0.386439824882928,-0.108227663647689,0.1228750368488,0.378429026315361,1.38777878078145e-17,0.00208592501420232,0.00801079856756715,0.0169759868863282
357,"simple_mode",0.0175544131136216,0.841157852248572,0.983401204336264,0.0175544131136216,0.850572390543423,0.983584901119297,0,0.00941453829485106,0.000183696783032872,0.0110684738883144
357,"weighted_mode",0.0175544131136216,0.824442091052697,0.983064710744494,0.0175544131136216,0.843212951892354,0.983441653411641,0,0.0187708608396575,0.000376942667147606,0.0222611154128167
358,"ivw",0.253867421382369,0.138298541037101,0.0664097534115329,0.253867421382369,0.138298541037101,0.0664097534115328,5.55111512312578e-17,5.55111512312578e-17,5.55111512312578e-17,4.01386383507588e-16
358,"egger",0.00154236380356707,0.236295851993852,0.994808288741663,0.00154236380356749,0.236295851993852,0.994808288741661,4.21537804662364e-16,2.77555756156289e-17,1.4432899320127e-15,1.1746112080017e-16
358,"weighted_median",0.021373339517775,0.123060040740301,0.862115221433691,0.0213733395177751,0.11977935594117,0.858378019785892,1.2490009027033e-16,0.00328068479913109,0.00373720164779923,0.0273894008976172
358,"simple_mode",-0.152290012252298,1.00999720909344,0.880522077314175,-0.152290012252298,1.08091330988367,0.888306535961231,0,0.0709161007902288,0.00778445864705635,0.0656075747627356
358,"weighted_mode",0.142240561781239,1.00776879641749,0.888106586671914,0.142240561781239,1.05041619492648,0.892620881679965,0,0.042647398508991,0.00451429500805178,0.040600476949021
359,"ivw",-0.171957286517379,0.154712203572298,0.266368004898428,-0.171957286517379,0.154712203572298,0.266368004898428,2.77555756156289e-17,2.77555756156289e-17,0,1.79401333409737e-16
359,"egger",-0.413024011933154,0.275580430794083,0.137876369605034,-0.413024011933154,0.275580430794083,0.137876369605033,3.88578058618805e-16,0,4.16333634234434e-16,0
359,"weighted_median",-0.117292263228913,0.119818935425749,0.327623175738441,-0.117292263228913,0.113483871379744,0.301342430158377,5.55111512312578e-17,0.00633506404600456,0.0262807455800639,0.0558234749042524
359,"simple_mode",0.255251138304495,0.532112684822663,0.632737900134825,0.255251138304495,0.496366717137359,0.60848507337021,0,0.0357459676853038,0.0242528267646152,0.0720152388368374
359,"weighted_mode",0.0307129565025788,0.485174332116691,0.949681239331288,0.0307129565025788,0.481118538263366,0.949257636419469,0,0.00405579385332488,0.000423602911819199,0.00842992637108639
360,"ivw",-0.218647664750451,0.150153157360496,0.145347210510888,-0.218647664750451,0.150153157360496,0.145347210510889,3.33066907387547e-16,2.77555756156289e-17,6.10622663543836e-16,1.8484843145184e-16
360,"egger",-0.114569440790593,0.264294032384331,0.665823794953608,-0.114569440790593,0.264294032384332,0.665823794953609,9.71445146547012e-17,3.88578058618805e-16,8.88178419700125e-16,1.47024908248303e-15
360,"weighted_median",-0.132220376118401,0.119375689424027,0.26803510106331,-0.132220376118401,0.120912648539678,0.274165637269093,0,0.00153695911565106,0.00613053620578274,0.0127113179159805
360,"simple_mode",-0.226143700024021,1.54993602154063,0.884358733115997,-0.226143700024021,1.47614953333424,0.878622853856787,0,0.0737864882063928,0.00573587925920949,0.0499857816163978
360,"weighted_mode",-0.226143700024021,1.56046004596337,0.885133109183669,-0.226143700024021,1.31172688833464,0.863551921125056,0,0.248733157628729,0.021581188058613,0.189622672097939
361,"ivw",0.214949347234371,0.113725708883663,0.0587488378634258,0.214949347234371,0.113725708883663,0.0587488378634258,8.32667268468867e-17,1.38777878078145e-17,5.55111512312578e-17,1.22028589173367e-16
361,"egger",0.219404744855674,0.209953873226769,0.299163860777916,0.219404744855674,0.209953873226769,0.299163860777917,1.94289029309402e-16,5.55111512312578e-17,3.88578058618805e-16,2.64396890507949e-16
361,"weighted_median",0.0521390795533447,0.10432877246192,0.617245886400289,0.0521390795533447,0.102335356475918,0.610407170847291,0,0.00199341598600229,0.00683871555299742,0.0194792499352009
361,"simple_mode",-0.0705722776873756,0.364212831286205,0.846843747556192,-0.0705722776873756,0.3468057443831,0.839260664376071,0,0.0174070869031047,0.00758308318012035,0.0501926141219734
361,"weighted_mode",0.0350280020391842,0.322222061817987,0.913703223389765,0.0350280020391842,0.326498611475197,0.914829145200417,0,0.00427654965721019,0.00112592181065208,0.0130982169813456
362,"ivw",0.0059892529509218,0.129746258731107,0.963181706265882,0.00598925295092179,0.129746258731107,0.963181706265882,8.67361737988404e-18,0,0,0
362,"egger",-0.054897460085671,0.221399131825982,0.80480303458747,-0.0548974600856711,0.221399131825982,0.80480303458747,9.0205620750794e-17,1.66533453693773e-16,2.22044604925031e-16,7.52186570562831e-16
362,"weighted_median",0.112486870005938,0.106102663669017,0.289067227764279,0.112486870005938,0.107118869980889,0.293666368064138,2.77555756156289e-17,0.00101620631187155,0.00459914029985936,0.00948671613183422
362,"simple_mode",-0.0235761175534225,0.88893839931424,0.978906494410621,-0.0235761175534225,0.818690531914899,0.977097049332755,0,0.0702478673993409,0.00180944507786651,0.0858051542809865
362,"weighted_mode",0.120272414625969,0.871796916519209,0.890615036449219,0.120272414625969,0.811962109050252,0.882611732701047,0,0.0598348074689565,0.00800330374817149,0.073691625264318
363,"ivw",0.0536470376031948,0.145080001268427,0.711549732535336,0.0536470376031947,0.145080001268427,0.711549732535336,9.71445146547012e-17,2.77555756156289e-17,5.55111512312578e-16,1.91312209628918e-16
363,"egger",0.0305086808028417,0.261805387252439,0.907523044808087,0.030508680802842,0.261805387252439,0.907523044808087,2.0122792321331e-16,1.66533453693773e-16,6.66133814775094e-16,6.3609635936635e-16
363,"weighted_median",-0.119118718381622,0.114451058030493,0.297976260099354,-0.119118718381622,0.114437868210664,0.29792057717962,0,1.31898198293817e-05,5.5682919734068e-05,0.000115257475830476
363,"simple_mode",-0.065749941665166,0.457861286442974,0.886171169461221,-0.065749941665166,0.477995191866727,0.890934615183007,0,0.0201339054237533,0.00476344572178622,0.0421215647486407
363,"weighted_mode",-0.065749941665166,0.421238499879642,0.876352639874571,-0.065749941665166,0.443259998213073,0.882448879440788,0,0.0220214983334311,0.00609623956621719,0.0496807707038916
364,"ivw",-0.179468212436018,0.140583029461496,0.201743710362099,-0.179468212436018,0.140583029461496,0.201743710362098,1.38777878078145e-16,5.55111512312578e-17,2.22044604925031e-16,3.94863814244818e-16
364,"egger",-0.0219968946698794,0.244618057064441,0.928572818361401,-0.0219968946698795,0.244618057064441,0.9285728183614,1.49186218934005e-16,8.32667268468867e-17,5.55111512312578e-16,3.40394850021032e-16
364,"weighted_median",-0.0693914219461234,0.117350599954654,0.554307942771247,-0.0693914219461234,0.112534942309658,0.537484661926025,0,0.0048156576449957,0.0168232808452214,0.0427925544382885
364,"simple_mode",-0.262013497019825,1.02724534870646,0.799320038270782,-0.262013497019823,1.16961547468113,0.823308319797543,1.49880108324396e-15,0.142370125974671,0.0239882815267614,0.121723873406757
364,"weighted_mode",-0.262013497019825,1.02255049253405,0.798418829925028,-0.262013497019823,1.1144946650639,0.814727369776945,1.49880108324396e-15,0.0919441725298522,0.0163085398519176,0.0824985308696657
365,"ivw",0.236792227445594,0.153583978277688,0.123127821245967,0.236792227445595,0.153583978277688,0.123127821245967,2.77555756156289e-17,5.55111512312578e-17,2.77555756156289e-16,3.61438425112876e-16
365,"egger",0.251277753644374,0.280150944806554,0.372443783935045,0.251277753644374,0.280150944806554,0.372443783935045,5.55111512312578e-16,3.33066907387547e-16,3.33066907387547e-16,1.18888375556803e-15
365,"weighted_median",-0.03907122553682,0.110388254633934,0.723381088116298,-0.0390712255368201,0.103137985771406,0.704817979173094,2.77555756156289e-17,0.00725026886252822,0.0185631089432035,0.0702967854985808
365,"simple_mode",0.280046033989053,1.26513193998271,0.825371415051222,0.280046033989053,1.30263414281206,0.830319834315678,0,0.0375022028293508,0.00494841926445622,0.0287895131847173
365,"weighted_mode",0.280046033989053,1.27595546675967,0.826828716936952,0.280046033989053,1.28467227050284,0.827984946085066,0,0.00871680374317108,0.00115622914811386,0.0067852353812846
366,"ivw",-0.186884998749145,0.156036523018944,0.231033691740267,-0.186884998749145,0.156036523018944,0.231033691740266,5.55111512312578e-17,1.11022302462516e-16,5.82867087928207e-16,7.11514844822815e-16
366,"egger",-0.461434257933711,0.276691285512912,0.0992881053053467,-0.461434257933712,0.276691285512912,0.0992881053053459,1.33226762955019e-15,1.66533453693773e-16,7.91033905045424e-16,6.01874588804142e-16
366,"weighted_median",-0.122832352704323,0.134955608771078,0.362733619723928,-0.122832352704323,0.134825656917974,0.362271225774105,0,0.000129951853104104,0.000462393949823059,0.000963851065700091
366,"simple_mode",0.130568492172999,0.544763709521217,0.811184494647207,0.130568492172999,0.544947566824486,0.811246974002515,0,0.000183857303269419,6.24793553086755e-05,0.000337385309087241
366,"weighted_mode",-0.0410681008955387,0.524653289887389,0.937801040907512,-0.0410681008955387,0.575447736036908,0.943281421866006,0,0.0507944461495186,0.00548038095849412,0.0882694343353203
367,"ivw",-0.193169783558769,0.134313026737435,0.150375650008826,-0.193169783558769,0.134313026737435,0.150375650008826,1.94289029309402e-16,0,3.88578058618805e-16,0
367,"egger",0.374298651205958,0.24392465830406,0.128856000003909,0.374298651205958,0.24392465830406,0.128856000003909,2.77555756156289e-16,5.55111512312578e-17,1.94289029309402e-16,2.27574988183693e-16
367,"weighted_median",0.0296441405242905,0.130944301922641,0.820900124136084,0.0296441405242905,0.124553644834393,0.811878771172835,0,0.00639065708824785,0.0090213529632498,0.0513084711149552
367,"simple_mode",-0.030254650972851,0.677071323001466,0.96446869837289,-0.030254650972851,0.654395510881214,0.963238356985648,0,0.0226758121202518,0.00123034138724154,0.0346515398458593
367,"weighted_mode",0.0978474504357372,0.678494416484232,0.885690788492037,0.0978474504357372,0.6811240123012,0.886129028588176,0,0.00262959581696731,0.000438240096138909,0.0038606711398753
368,"ivw",-0.195256019997569,0.148501195752081,0.188562078917521,-0.195256019997569,0.148501195752081,0.188562078917521,0,0,0,0
368,"egger",-0.660560312423743,0.267331362770506,0.0156005216274662,-0.660560312423744,0.267331362770506,0.0156005216274662,4.44089209850063e-16,0,2.60208521396521e-17,0
368,"weighted_median",-0.145737306735308,0.12306192110492,0.236310170309918,-0.145737306735307,0.12454848030512,0.241950616739721,6.10622663543836e-16,0.00148655920019986,0.00564044642980327,0.0119355868217587
368,"simple_mode",-0.148691393184207,1.05719194303888,0.888497608894919,-0.148691393184207,1.02459056911056,0.884974473142546,0,0.0326013739283226,0.00352313575237306,0.0318189283711869
368,"weighted_mode",-0.148691393184207,1.0520989314942,0.887961465916526,-0.148691393184207,1.04053733391317,0.886725091753966,0,0.0115615975810286,0.00123637416256084,0.0111111799684771
369,"ivw",-0.135343086532944,0.134568474542377,0.31453282951252,-0.135343086532944,0.134568474542377,0.31453282951252,8.32667268468867e-17,2.77555756156289e-17,5.55111512312578e-17,2.06256151078598e-16
369,"egger",-0.0573900129938322,0.234734314712389,0.807477922851733,-0.057390012993832,0.234734314712389,0.807477922851734,1.66533453693773e-16,2.22044604925031e-16,4.44089209850063e-16,9.45940116156831e-16
369,"weighted_median",-0.155331870303074,0.106392960067022,0.144294856494373,-0.155331870303074,0.104985842877402,0.138993209348846,0,0.00140711718962029,0.00530164714552706,0.0134029232042597
369,"simple_mode",0.0306782384879788,1.04324068973499,0.976612585090997,0.0306782384879788,1.17304323495062,0.97919987404606,0,0.12980254521563,0.00258728895506222,0.110654527768616
369,"weighted_mode",0.0306782384879788,1.06577244301891,0.977106884370258,0.0306782384879788,1.12737832682892,0.97835756306775,0,0.0616058838100066,0.00125067869749129,0.0546452617936085
370,"ivw",-0.0475572422597922,0.145673158850151,0.744072283108992,-0.0475572422597922,0.145673158850151,0.744072283108992,3.46944695195361e-17,0,1.11022302462516e-16,0
370,"egger",-0.178017341364381,0.259817332476623,0.495221297983713,-0.178017341364382,0.259817332476624,0.495221297983713,5.27355936696949e-16,4.44089209850063e-16,4.44089209850063e-16,1.70923627618269e-15
370,"weighted_median",-0.169411844459154,0.114524911293181,0.139071482513521,-0.169411844459154,0.111340995152855,0.128119727199565,0,0.00318391614032563,0.0109517553139556,0.028596081218374
370,"simple_mode",0.292378320883511,0.499489304423905,0.559936638686085,0.292378320883511,0.494714401777886,0.556163180201621,0,0.00477490264601899,0.00377345848446442,0.00965183675441652
370,"weighted_mode",-0.185012827503154,0.465268389981536,0.69193603662672,-0.185012827503154,0.480860072474606,0.701428072372533,0,0.0155916824930697,0.00949203574581248,0.0324245729383014
371,"ivw",0.0100824359584927,0.137472628800817,0.941534442738759,0.0100824359584927,0.137472628800817,0.941534442738759,5.20417042793042e-18,8.32667268468867e-17,1.11022302462516e-16,6.05696767227252e-16
371,"egger",0.50571460081887,0.234894427750201,0.0343354980911693,0.505714600818869,0.234894427750201,0.0343354980911694,8.88178419700125e-16,2.22044604925031e-16,1.31838984174237e-16,9.45295327146564e-16
371,"weighted_median",0.221297961427223,0.141570452660495,0.118013815406624,0.221297961427223,0.138035581223902,0.108891596585084,8.32667268468867e-17,0.00353487143659237,0.00912221882154006,0.0256084076674303
371,"simple_mode",-0.121958767066501,0.941617074237341,0.897266850980512,-0.121958767066501,0.923983437747612,0.89531764422258,0,0.0176336364897297,0.0019492067579322,0.0190843642530164
371,"weighted_mode",0.394374660632401,0.930564258924692,0.672833808965553,0.394374660632401,0.992596594241512,0.692179385004763,0,0.0620323353168208,0.0193455760392106,0.0624950112429335
372,"ivw",-0.424367220435616,0.160122553511592,0.00804286266762586,-0.424367220435616,0.160122553511592,0.00804286266762586,0,0,0,0
372,"egger",-0.00249876061711703,0.259487063945854,0.992340770708108,-0.0024987606171167,0.259487063945854,0.992340770708109,3.29597460435593e-16,1.11022302462516e-16,1.11022302462516e-15,4.27852937153284e-16
372,"weighted_median",0.0510733801108541,0.125524005166295,0.684095114238023,0.0510733801108536,0.132901099500269,0.700758965415827,4.30211422042248e-16,0.00737709433397452,0.0166638511778039,0.0555081512622066
372,"simple_mode",-0.14060047957333,0.901407526073878,0.876437801634045,-0.14060047957333,0.923060547149412,0.879313415569037,0,0.0216530210755332,0.00287561393499147,0.0234578556546501
372,"weighted_mode",-0.14060047957333,0.900211230910031,0.876274945307498,-0.14060047957333,0.87104116648415,0.87216725641527,0,0.0291700644258807,0.00410768889222812,0.0334887322761357
373,"ivw",0.238520430149469,0.170135232730026,0.16093133547514,0.23852043014947,0.170135232730026,0.160931335475139,2.77555756156289e-16,8.32667268468867e-17,3.60822483003176e-16,4.89414952510254e-16
373,"egger",0.257186925539003,0.29391436956543,0.384171541739852,0.257186925539004,0.29391436956543,0.384171541739851,4.9960036108132e-16,5.55111512312578e-17,8.88178419700125e-16,1.8886844938318e-16
373,"weighted_median",0.36751680090432,0.131518710656462,0.00519949995705445,0.36751680090432,0.137353698448742,0.00745741578848805,1.11022302462516e-16,0.00583498779228059,0.0022579158314336,0.0424814756222825
373,"simple_mode",0.132921213875936,1.42138011794766,0.925724885388036,0.132921213875936,1.31451411034208,0.919706565729524,0,0.106866007605575,0.00601831965851174,0.0812969649886566
373,"weighted_mode",0.547709961548543,1.41403673206182,0.699521995466243,0.547709961548543,1.40178543772348,0.697027681560288,0,0.0122512943383373,0.00249431390595567,0.008739778577122
374,"ivw",-0.262518652442183,0.175368565225515,0.134405261525722,-0.262518652442183,0.175368565225515,0.134405261525722,1.11022302462516e-16,0,1.94289029309402e-16,0
374,"egger",-0.146487408106015,0.30111299721258,0.627952371529311,-0.146487408106015,0.30111299721258,0.627952371529309,6.93889390390723e-16,0,1.66533453693773e-15,0
374,"weighted_median",0.0720247336443841,0.127529391002198,0.5722304308962,0.0720247336443839,0.125707698372271,0.56667581328007,1.80411241501588e-16,0.00182169262992696,0.00555461761612963,0.0144914961733862
374,"simple_mode",0.186508175155867,0.70271077957032,0.791366082904304,0.186508175155867,0.672807557455184,0.782326016192454,0,0.029903222115136,0.00904006671185054,0.0444454313626342
374,"weighted_mode",-0.0480694461409518,0.682738365773999,0.944043392003667,-0.0480694461409518,0.715567836852261,0.946606619253682,0,0.0328294710782618,0.00256322725001468,0.0458789081726712
375,"ivw",-0.184449011674804,0.143433440575804,0.198458617149553,-0.184449011674804,0.143433440575804,0.198458617149553,5.55111512312578e-17,2.77555756156289e-17,0,1.93508400162514e-16
375,"egger",-0.159545008762435,0.275886441602826,0.564686329302977,-0.159545008762436,0.275886441602826,0.564686329302976,4.44089209850063e-16,2.77555756156289e-16,6.66133814775094e-16,1.00605073066935e-15
375,"weighted_median",-0.0166819061415027,0.113119342476305,0.882759684885801,-0.0166819061415028,0.107181805128235,0.876315837652433,5.89805981832114e-17,0.00593753734807002,0.00644384723336755,0.0553968776786899
375,"simple_mode",-0.278205131400707,0.469072171601763,0.554768894513916,-0.278205131400707,0.466666544456871,0.552734715402183,0,0.00240562714489134,0.00203417911173287,0.0051549166604414
375,"weighted_mode",-0.0257765670154164,0.452139562627247,0.954677470201639,-0.0257765670154164,0.480154430050453,0.957319187199641,0,0.0280148674232058,0.00264171699800186,0.0583455356649778
376,"ivw",0.0643303336748945,0.109085716824284,0.555376511146058,0.0643303336748946,0.109085716824284,0.555376511146057,5.55111512312578e-17,1.38777878078145e-17,4.44089209850063e-16,1.27219109997406e-16
376,"egger",0.427370547625485,0.192376967873581,0.0291412050265264,0.427370547625486,0.192376967873581,0.0291412050265262,8.32667268468867e-16,1.38777878078145e-16,1.94289029309402e-16,7.21385099329257e-16
376,"weighted_median",0.0636956511796508,0.106043591351354,0.548069559496475,0.0636956511796508,0.106668503877811,0.550416287359445,0,0.000624912526456925,0.00234672786297008,0.00585845403037397
376,"simple_mode",-0.121367912590274,0.257957882728523,0.63926582728379,-0.121367912590274,0.260909715475713,0.643056422018235,0,0.00295183274718924,0.00379059473444432,0.0113136175929946
376,"weighted_mode",0.0297882615544673,0.235969787508981,0.899856667465445,0.0297882615544673,0.229271580239965,0.896947353062573,0,0.00669820726901579,0.00290931440287179,0.0292151659704407
377,"ivw",-0.106296110764686,0.1253502402674,0.39644193814582,-0.106296110764686,0.1253502402674,0.39644193814582,0,2.77555756156289e-17,5.55111512312578e-17,2.21424191580488e-16
377,"egger",-0.0189480827910669,0.203720529781931,0.926128010706038,-0.0189480827910668,0.203720529781931,0.926128010706038,9.0205620750794e-17,2.22044604925031e-16,2.22044604925031e-16,1.08994712100305e-15
377,"weighted_median",-0.159384181333714,0.122454656179027,0.193060978168714,-0.159384181333713,0.122737672273387,0.194089518441275,2.77555756156289e-17,0.000283016094359656,0.00102854027256064,0.00230586167325435
377,"simple_mode",0.0929065708745082,0.433833221667911,0.830966137082715,0.0929065708745082,0.444541155406517,0.834977380505337,0,0.0107079337386062,0.00401124342262282,0.0240876094561238
377,"weighted_mode",-0.0190757033907871,0.385451693671853,0.960651258387361,-0.0190757033907871,0.390773949769453,0.961186745909166,0,0.00532225609760045,0.000535487521804878,0.0136197822314933
378,"ivw",0.138969668867413,0.112885756362066,0.218298669834553,0.138969668867413,0.112885756362066,0.218298669834554,2.77555756156289e-17,2.77555756156289e-17,2.77555756156289e-16,2.45873142104896e-16
378,"egger",0.141631529465506,0.191506340962509,0.461728218071225,0.141631529465506,0.191506340962509,0.461728218071224,1.94289029309402e-16,2.77555756156289e-17,6.66133814775094e-16,1.44932932644056e-16
378,"weighted_median",0.102269041329878,0.126080823206052,0.417285994992447,0.102269041329878,0.124657204819606,0.411986878879597,0,0.00142361838644606,0.00529911611284944,0.0114202655875864
378,"simple_mode",0.21891128868014,0.293647002694553,0.45813262998647,0.21891128868014,0.295961379292732,0.461643656950954,0,0.00231437659817946,0.0035110269644838,0.00781986015780232
378,"weighted_mode",0.126882775387684,0.273224914174135,0.643614520536245,0.126882775387684,0.297091856477717,0.670452250441354,0,0.0238669423035818,0.026837729905109,0.0803352289306923
379,"ivw",-0.239579967435256,0.15086274690461,0.112271462941444,-0.239579967435257,0.15086274690461,0.112271462941444,1.94289029309402e-16,5.55111512312578e-17,2.22044604925031e-16,3.67957977500949e-16
379,"egger",-0.872452694216348,0.26464405213672,0.00146041445993467,-0.872452694216351,0.26464405213672,0.00146041445993464,2.77555756156289e-15,3.33066907387547e-16,2.81892564846231e-17,1.25854673361591e-15
379,"weighted_median",-0.248235887766793,0.130871227118742,0.0578550009875933,-0.248235887766793,0.139350645029595,0.0748510543326798,5.55111512312578e-17,0.00847941791085322,0.0169960533450866,0.0608495060001506
379,"simple_mode",-0.0840587078328739,0.576919957425727,0.884518189872062,-0.0840587078328739,0.542457333486286,0.877239038168377,0,0.0344626239394409,0.00727915170368454,0.0635305706311594
379,"weighted_mode",-0.190544469777111,0.555417353036654,0.732438044894173,-0.190544469777111,0.517936583306845,0.713913745650407,0,0.0374807697298093,0.0185242992437659,0.0723655577493824
380,"ivw",-0.163943489209853,0.123452786222942,0.184182952866416,-0.163943489209853,0.123452786222942,0.184182952866416,2.77555756156289e-17,4.16333634234434e-17,2.77555756156289e-17,3.37241180999009e-16
380,"egger",-0.12534699894561,0.214248579994066,0.560157961046355,-0.12534699894561,0.214248579994065,0.560157961046354,8.32667268468867e-17,1.11022302462516e-16,4.44089209850063e-16,5.1819387771714e-16
380,"weighted_median",-0.308953635289756,0.111252123614117,0.00548533359716557,-0.308953635289756,0.110722665307553,0.00526530793715944,0,0.000529458306564007,0.000220025660006133,0.00478184213768101
380,"simple_mode",-0.443280090921459,0.581676899241001,0.448229982459933,-0.443280090921459,0.524359291219797,0.400391942693304,0,0.057317608021204,0.0478380397666283,0.109309797653949
380,"weighted_mode",-0.311576815017556,0.548714192372548,0.571720514473526,-0.311576815017556,0.524593896082921,0.554208020366823,0,0.024120296289627,0.0175124941067036,0.0459789876888205
381,"ivw",-0.211087364114789,0.140065103959193,0.131793725792027,-0.211087364114789,0.140065103959193,0.131793725792027,0,0,0,0
381,"egger",0.0377471833817599,0.2324480968225,0.871408430895277,0.0377471833817597,0.2324480968225,0.871408430895278,1.87350135405495e-16,1.38777878078145e-16,5.55111512312578e-16,5.97027379338439e-16
381,"weighted_median",-0.199851169785915,0.124994437619661,0.109847156110525,-0.199851169785915,0.117068954367017,0.0877990894748904,0,0.00792548325264492,0.0220480666356343,0.0676992742909291
381,"simple_mode",0.0647112641966365,0.659399741636614,0.922066250856828,0.0647112641966365,0.664597861905295,0.922673850760208,0,0.00519812026868116,0.000607599903379885,0.00782145198869432
381,"weighted_mode",-0.100996831056215,0.654036970184879,0.8776621702809,-0.100996831056215,0.620387170316578,0.871084164194434,0,0.033649799868301,0.00657800608646608,0.0542399995975574
382,"ivw",0.338892082194614,0.123408496638746,0.00603083637449486,0.338892082194614,0.123408496638746,0.00603083637449485,1.11022302462516e-16,2.77555756156289e-17,8.67361737988404e-18,2.24908141429498e-16
382,"egger",0.448196046237138,0.206354734756213,0.0328194041414524,0.448196046237138,0.206354734756214,0.0328194041414523,2.22044604925031e-16,5.55111512312578e-17,7.63278329429795e-17,2.69008371903065e-16
382,"weighted_median",-0.0904816104089288,0.126569819820616,0.474686235053121,-0.0904816104089288,0.123112465914463,0.462369433250876,0,0.00345735390615323,0.0123168018022454,0.0280828905543599
382,"simple_mode",-0.153099299975279,0.821319526052508,0.852592059980959,-0.153099299975279,0.77006824718043,0.842907495269777,0,0.051251278872078,0.0096845647111824,0.0665542035523894
382,"weighted_mode",-0.0193296563142376,0.792411764430005,0.98059876850225,-0.0193296563142376,0.813473966800527,0.981101001879835,0,0.0210622023705223,0.000502233377584926,0.0258916735262739
383,"ivw",0.122439151552004,0.154344793970952,0.427612769078967,0.122439151552004,0.154344793970952,0.427612769078967,1.38777878078145e-17,5.55111512312578e-17,5.55111512312578e-17,3.59656777550302e-16
383,"egger",0.610336413913852,0.261864036501217,0.0222864823021163,0.610336413913852,0.261864036501217,0.0222864823021163,2.22044604925031e-16,1.11022302462516e-16,0,4.2396926262152e-16
383,"weighted_median",0.269298469693543,0.1260490032284,0.0326420567022098,0.269298469693543,0.124530545773605,0.0305789371202542,0,0.00151845745479516,0.00206311958195553,0.0121934537856736
383,"simple_mode",-0.112963741965542,0.313599259277436,0.71962255640578,-0.112963741965542,0.319099721246616,0.724253008631446,0,0.00550046196917925,0.00463045222566638,0.0172374389663858
383,"weighted_mode",0.20890465623237,0.28710214951936,0.468937071088288,0.20890465623237,0.283821197170031,0.463830650851009,0,0.00328095234932974,0.00510642023727859,0.0115599271021473
384,"ivw",0.180846807227137,0.168659166110925,0.283602389686296,0.180846807227137,0.168659166110925,0.283602389686296,2.22044604925031e-16,5.55111512312578e-17,4.9960036108132e-16,3.29132133825143e-16
384,"egger",-0.306086662923666,0.266413773013433,0.254014747624958,-0.306086662923665,0.266413773013433,0.254014747624959,7.7715611723761e-16,1.11022302462516e-16,9.99200722162641e-16,4.1672883952932e-16
384,"weighted_median",-0.0647338784633206,0.124643064581072,0.603513878963987,-0.0647338784633205,0.120671022745938,0.591648108203609,5.55111512312578e-17,0.00397204183513418,0.0118657707603784,0.0329162854904857
384,"simple_mode",-0.249853378845981,2.0058745322143,0.90117985395762,-0.249853378845981,1.99725877594178,0.900755805893396,0,0.00861575627252398,0.000424048064223914,0.00431379066964487
384,"weighted_mode",0.117792628421698,1.99046071234275,0.952955633248786,0.117792628421698,2.09838768381787,0.95537263807585,0,0.107926971475128,0.0024170048270642,0.0514332848536179
385,"ivw",-0.308899646512365,0.154550663787746,0.0456413590438857,-0.308899646512365,0.154550663787746,0.0456413590438857,0,0,0,0
385,"egger",-0.264972447599734,0.262018551851244,0.314934381747608,-0.264972447599734,0.262018551851244,0.314934381747607,5.55111512312578e-17,5.55111512312578e-17,2.77555756156289e-16,2.11859621538452e-16
385,"weighted_median",-0.229374955981118,0.133645006691872,0.0861071059029777,-0.229374955981118,0.138258185059111,0.0971090488325398,1.66533453693773e-16,0.00461317836723929,0.0110019429295621,0.0333664033363882
385,"simple_mode",-0.621781931561508,0.495975955144301,0.213574363107562,-0.621781931561508,0.521411892309513,0.236548291800239,0,0.0254359371652112,0.022973928692677,0.0487828097908291
385,"weighted_mode",-0.160829796951567,0.493672443376984,0.745429118105826,-0.160829796951567,0.464994821744926,0.730333855324569,0,0.0286776216320581,0.0150952627812569,0.0616729913775025
386,"ivw",-0.0603478171246143,0.118846996389875,0.611609470853588,-0.0603478171246143,0.118846996389875,0.611609470853588,2.08166817117217e-17,1.38777878078145e-17,1.11022302462516e-16,1.16770202271571e-16
386,"egger",0.247243102465504,0.195774798958102,0.210295328834289,0.247243102465504,0.195774798958102,0.210295328834288,1.38777878078145e-16,0,3.33066907387547e-16,0
386,"weighted_median",-0.0340541213492554,0.122505109964541,0.781026766155048,-0.0340541213492554,0.122842981970188,0.781613746777624,0,0.000337872005646972,0.000586980622576561,0.00275043800002323
386,"simple_mode",0.0887608906239277,2.1131120331896,0.966598225765086,0.0887608906239277,1.93987863174722,0.963617429082677,0,0.173233401442382,0.00298079668240869,0.089301154519318
386,"weighted_mode",0.0887608906239277,2.13251943754941,0.966902026571566,0.0887608906239277,2.11409034854927,0.966613673558577,0,0.0184290890001364,0.000288353012989351,0.00871726651265532
387,"ivw",-0.072395215656577,0.136491751545547,0.595834673567373,-0.072395215656577,0.136491751545547,0.595834673567373,2.77555756156289e-17,5.55111512312578e-17,0,4.06699676740055e-16
387,"egger",0.277170196111804,0.212736791984991,0.196354063935188,0.277170196111804,0.212736791984991,0.196354063935188,2.77555756156289e-16,5.55111512312578e-17,3.33066907387547e-16,2.60938179584725e-16
387,"weighted_median",-0.0493869614420098,0.107303799172149,0.645334191400595,-0.0493869614420098,0.102715790717861,0.630650282180884,7.63278329429795e-17,0.00458800845428824,0.0146839092197116,0.0446670217132492
387,"simple_mode",0.262298814434215,1.30109218811745,0.84073569624637,0.262298814434215,1.34539379901952,0.845911965339706,0,0.0443016109020782,0.00517626909333613,0.0329283596626978
387,"weighted_mode",0.0380192883260745,1.28012811135165,0.976379689697989,0.0380192883260745,1.30661844233707,0.976858428724732,0,0.0264903309854201,0.000478739026743225,0.0202739607272329
388,"ivw",-0.125360523146656,0.138628514045811,0.365841096574593,-0.125360523146656,0.138628514045811,0.365841096574592,5.55111512312578e-17,1.11022302462516e-16,6.66133814775094e-16,8.00861952728048e-16
388,"egger",0.117685725543501,0.238431733804542,0.622953439139647,0.117685725543501,0.238431733804542,0.622953439139648,2.35922392732846e-16,1.38777878078145e-16,5.55111512312578e-16,5.82044494932498e-16
388,"weighted_median",-0.102109860280544,0.118890797253237,0.390420961739201,-0.102109860280544,0.119780209244924,0.393949460191047,1.11022302462516e-16,0.000889411991687752,0.00352849845184644,0.00742536682223604
388,"simple_mode",0.185965370138953,0.739958629851166,0.802204281094916,0.185965370138953,0.696590800544693,0.790174609318171,0,0.0433678293064731,0.0120296717767444,0.0622572524250421
388,"weighted_mode",-0.159572238708992,0.700757003622013,0.82044234065066,-0.159572238708992,0.720514239828367,0.825283924937986,0,0.0197572362063535,0.00484158428732617,0.0274210211460357
389,"ivw",-0.215096637277504,0.168360845690833,0.201392971385603,-0.215096637277504,0.168360845690833,0.201392971385603,1.38777878078145e-16,2.77555756156289e-17,1.38777878078145e-16,1.64857663322727e-16
389,"egger",0.00882475521039738,0.289472667081963,0.975755684628311,0.00882475521039745,0.289472667081963,0.975755684628311,6.93889390390723e-17,5.55111512312578e-17,2.22044604925031e-16,1.91766468975601e-16
389,"weighted_median",-0.117249692909109,0.136797838217866,0.391388547568881,-0.117249692909109,0.142145031505787,0.409451308716949,1.38777878078145e-17,0.00534719328792085,0.0180627611480674,0.0376178698001354
389,"simple_mode",0.00526809521398491,0.345495435900169,0.987871867159888,0.00526809521398491,0.352523381532721,0.98811363656929,0,0.00702794563255132,0.000241769409402792,0.0199361120445255
389,"weighted_mode",-0.151949844442904,0.322960075846751,0.639268645372942,-0.151949844442904,0.316062728967477,0.631984167210007,0,0.00689734687927329,0.00728447816293554,0.0218227150724343
390,"ivw",-0.0266779896314942,0.162875838131055,0.869893776303306,-0.0266779896314942,0.162875838131055,0.869893776303306,1.38777878078145e-17,5.55111512312578e-17,0,3.40818821675636e-16
390,"egger",-0.0505172978479939,0.275940636212471,0.855203868164417,-0.0505172978479938,0.275940636212471,0.855203868164418,1.45716771982052e-16,5.55111512312578e-17,4.44089209850063e-16,2.01170628556915e-16
390,"weighted_median",0.116332297481582,0.124866378806305,0.351515216464377,0.116332297481581,0.123934074981015,0.347903933190129,3.05311331771918e-16,0.000932303825290068,0.00361128327424837,0.0075225786405626
390,"simple_mode",-0.115895724989453,0.751421479959971,0.877807848475708,-0.115895724989453,0.799034900247516,0.885035943859236,0,0.0476134202875448,0.0072280953835282,0.0595886616126475
390,"weighted_mode",0.170138024403942,0.719078855495374,0.813560165536557,0.170138024403942,0.805989637742488,0.833345602602575,0,0.0869107822471135,0.0197854370660174,0.107831140969186
391,"ivw",-0.0961137600442108,0.164647382594635,0.559385046587376,-0.0961137600442108,0.164647382594635,0.559385046587376,2.77555756156289e-17,5.55111512312578e-17,0,3.37151738196333e-16
391,"egger",-0.0933520197326264,0.292882150713003,0.750757567955302,-0.0933520197326265,0.292882150713003,0.750757567955302,6.93889390390723e-17,1.66533453693773e-16,3.33066907387547e-16,5.68602263020667e-16
391,"weighted_median",-0.0989623182292661,0.15119285969379,0.51276164881014,-0.0989623182292662,0.149225366343602,0.507219399655032,4.16333634234434e-17,0.00196749335018859,0.00554224915510759,0.0131847111412566
391,"simple_mode",-0.188617732585131,0.286475775412422,0.512143593274268,-0.188617732585131,0.278777628177436,0.50059464101116,0,0.00769814723498613,0.0115489522631081,0.0276139347526353
391,"weighted_mode",0.00630244940252894,0.243322545401087,0.979399510542103,0.00630244940252894,0.257857708698078,0.980560497041682,0,0.0145351632969908,0.00116098649957885,0.0563689306415495
392,"ivw",0.0778860322275602,0.151188648927111,0.606442660731497,0.0778860322275602,0.151188648927111,0.606442660731497,6.93889390390723e-17,0,3.33066907387547e-16,0
392,"egger",-0.306570548698262,0.27470287824393,0.267759758629794,-0.306570548698261,0.27470287824393,0.267759758629794,2.77555756156289e-16,0,3.88578058618805e-16,0
392,"weighted_median",0.122454930363599,0.126405966510907,0.332673293646295,0.122454930363599,0.117274472978638,0.296404993160781,1.11022302462516e-16,0.00913149353226908,0.0362683004855139,0.0778642896475213
392,"simple_mode",0.16555658026278,1.13764487768151,0.884657348859517,0.16555658026278,1.04729342271072,0.8747868674785,0,0.0903514549707904,0.00987048138101665,0.0862713858518585
392,"weighted_mode",0.16555658026278,1.1248837635074,0.883358338818064,0.16555658026278,0.997634199730319,0.868610459827837,0,0.12724956377708,0.0147478789902271,0.127551324735538
393,"ivw",-0.039278595433795,0.152584740527905,0.796853393982184,-0.0392785954337951,0.152584740527905,0.796853393982184,9.0205620750794e-17,5.55111512312578e-17,3.33066907387547e-16,3.63805391280957e-16
393,"egger",-0.0264663264000938,0.261405340963941,0.91960825993241,-0.0264663264000937,0.261405340963941,0.91960825993241,7.97972798949331e-17,1.11022302462516e-16,2.22044604925031e-16,4.24713213789424e-16
393,"weighted_median",0.153492157068683,0.122184159930206,0.209030368454621,0.153492157068683,0.117784811381678,0.192521005809,0,0.00439934854852853,0.0165093626456209,0.0373507288157263
393,"simple_mode",0.0955191322796338,0.969192004395773,0.921734750202238,0.0955191322796338,1.02421878392832,0.925926922657079,0,0.0550267795325485,0.00419217245484138,0.05372561057853
393,"weighted_mode",0.0955191322796338,0.926983963300669,0.918183596908857,0.0955191322796338,0.90610506514703,0.916305323930455,0,0.0208788981536392,0.00187827297840248,0.0230424693081825
394,"ivw",-0.0913981191693153,0.151914282206838,0.547411998108757,-0.0913981191693153,0.151914282206838,0.547411998108757,2.77555756156289e-17,0,1.11022302462516e-16,0
394,"egger",-0.0212085038389658,0.269808649265557,0.937542519797357,-0.0212085038389658,0.269808649265557,0.937542519797357,4.85722573273506e-17,1.11022302462516e-16,1.11022302462516e-16,4.1148533512446e-16
394,"weighted_median",0.000662492161665459,0.118089360468925,0.995523817788346,0.000662492161665459,0.12304670525322,0.995704153861377,0,0.0049573447842949,0.000180336073031251,0.0402883179528706
394,"simple_mode",-0.111419239495074,1.08142000196927,0.918193424308271,-0.111419239495074,1.04870204991651,0.915650739463468,0,0.0327179520527696,0.00254268484480369,0.0311985201663089
394,"weighted_mode",-0.111419239495074,1.0771998811945,0.91787408563367,-0.111419239495074,1.0155458602074,0.91290784116319,0,0.0616540209870913,0.00496624447048033,0.060710228265319
395,"ivw",-0.308237048125587,0.162459630169593,0.0577864130457589,-0.308237048125587,0.162459630169593,0.0577864130457588,1.11022302462516e-16,2.77555756156289e-17,4.85722573273506e-17,1.70845985471311e-16
395,"egger",-0.367007223635282,0.265753227768901,0.171122320317603,-0.367007223635283,0.265753227768901,0.171122320317602,6.66133814775094e-16,2.77555756156289e-16,3.60822483003176e-16,1.0444116087939e-15
395,"weighted_median",-0.099683365429839,0.138085045299897,0.470356979942439,-0.099683365429839,0.133107539832996,0.453921425306868,0,0.00497750546690084,0.0164355546355712,0.0373946169626896
395,"simple_mode",-0.384854292497343,0.927802814751639,0.679383572326811,-0.384854292497343,0.910952839607661,0.673798126596779,0,0.0168499751439782,0.00558544573003217,0.0184970883358082
395,"weighted_mode",-0.185142989602957,0.881782774028092,0.834222690981288,-0.185142989602957,0.899286770566138,0.837403101503462,0,0.0175039965380459,0.00318041052217344,0.0194643100632142
396,"ivw",-0.148981340893464,0.152016943055451,0.327070738206014,-0.148981340893464,0.152016943055451,0.327070738206013,2.22044604925031e-16,2.77555756156289e-17,6.66133814775094e-16,1.82582119188547e-16
396,"egger",0.231386487878253,0.270223275864202,0.394401111324771,0.231386487878252,0.270223275864202,0.394401111324772,1.38777878078145e-16,3.33066907387547e-16,7.7715611723761e-16,1.23256187433286e-15
396,"weighted_median",0.105266917197498,0.162078251351588,0.516026836022232,0.105266917197498,0.161690421640278,0.515020725749149,1.38777878078145e-17,0.000387829711310073,0.00100611027308295,0.0023985942233047
396,"simple_mode",-0.231858066938136,0.653468247033455,0.723652941286321,-0.231858066938136,0.654042375665005,0.723885414022913,0,0.00057412863154982,0.000232472736592326,0.000877815647596332
396,"weighted_mode",0.0515632921525445,0.581119157272139,0.929514703225801,0.0515632921525445,0.586315988547506,0.930137815970858,0,0.00519683127536696,0.00062311274505733,0.00886353327706651
397,"ivw",0.0743593623062192,0.175440271021209,0.671679353682245,0.0743593623062192,0.175440271021209,0.671679353682245,0,0,0,0
397,"egger",-0.456703367366792,0.325014508766676,0.163839654162865,-0.456703367366792,0.325014508766676,0.163839654162865,4.9960036108132e-16,2.22044604925031e-16,2.4980018054066e-16,6.83183670069433e-16
397,"weighted_median",-0.0782784687692119,0.139255919302603,0.574034598221101,-0.0782784687692119,0.13605969250214,0.565071883677365,0,0.00319622680046305,0.00896271454373643,0.0234913569308029
397,"simple_mode",-0.0684842499692476,1.78525785954941,0.969494256704006,-0.0684842499692476,1.92972644894149,0.971777053417547,0,0.144468589392085,0.00228279671354126,0.0748648024549436
397,"weighted_mode",-0.0684842499692476,1.79619065775334,0.969679843385389,-0.0684842499692476,1.84362851915995,0.970459634396868,0,0.0474378614066102,0.000779791011478737,0.0257307049189201
398,"ivw",0.331051463910666,0.175979380073311,0.059945448633728,0.331051463910666,0.175979380073311,0.059945448633728,5.55111512312578e-17,2.77555756156289e-17,0,1.57720612517593e-16
398,"egger",0.634961836768017,0.315234015774025,0.0473435024895138,0.634961836768017,0.315234015774025,0.0473435024895137,2.22044604925031e-16,5.55111512312578e-17,6.2450045135165e-17,1.76095054637286e-16
398,"weighted_median",0.274982899867859,0.147247875212119,0.0618341723202013,0.274982899867859,0.140332808743121,0.050053625322796,0,0.00691506646899817,0.0117805469974053,0.0492761922955324
398,"simple_mode",-0.19264568525296,1.04459817250247,0.854144256057206,-0.192645685252956,1.02551611093084,0.851462139906465,3.27515792264421e-15,0.0190820615716285,0.00268211615074165,0.0186072762467945
398,"weighted_mode",0.0150230018339575,1.04076243171067,0.988518740681177,0.0150230018339607,1.04838613706873,0.988602224855573,3.24740234702858e-15,0.00762370535805945,8.34841743962977e-05,0.00727184869057427
399,"ivw",0.0626703900741357,0.1879034863487,0.738738504242151,0.0626703900741356,0.1879034863487,0.738738504242151,2.77555756156289e-17,2.77555756156289e-17,2.22044604925031e-16,1.47711871423832e-16
399,"egger",0.777160704775353,0.342163641629487,0.0258150717922717,0.777160704775354,0.342163641629487,0.0258150717922716,5.55111512312578e-16,5.55111512312578e-17,5.20417042793042e-17,1.6223568046826e-16
399,"weighted_median",-0.0251665764328276,0.123064179763367,0.837963098848718,-0.0251665764328276,0.123718790941976,0.838808664121839,1.73472347597681e-17,0.000654611178608308,0.000845565273121185,0.00529112169318986
399,"simple_mode",-0.31121655874171,1.84009250702425,0.866115314440729,-0.31121655874171,1.95369198131915,0.873831706616243,0,0.113599474294894,0.00771639217551412,0.0581460513638344
399,"weighted_mode",0.0375261345230241,1.83382831193667,0.983724132147671,0.0375261345230241,1.73339666294439,0.982781266121573,0,0.100431648992286,0.000942866026098277,0.0579392190715833
400,"ivw",-0.190586906859768,0.161618008380264,0.238301423713278,-0.190586906859768,0.161618008380264,0.238301423713277,2.77555756156289e-16,1.38777878078145e-16,3.60822483003176e-16,8.58678308617811e-16
400,"egger",-0.215646477706727,0.270799057986957,0.428194800663194,-0.215646477706728,0.270799057986957,0.428194800663192,8.60422844084496e-16,2.22044604925031e-16,1.33226762955019e-15,8.19960773038308e-16
400,"weighted_median",-0.0998556332525159,0.144111569681882,0.488369145276628,-0.099855633252516,0.147824969163151,0.499358724590424,1.2490009027033e-16,0.00371339948126889,0.010989579313796,0.0251202452622906
400,"simple_mode",-0.411452400399973,0.332581332923917,0.219606724996565,-0.411452400399973,0.323797568890984,0.207469795025145,0,0.00878376403293313,0.0121369299714198,0.0271273316319754
400,"weighted_mode",-0.202246035834248,0.265719254190001,0.448791564215143,-0.202246035834248,0.258678208215501,0.436585660837157,0,0.00704104597450028,0.012205903377986,0.0272193240515818
401,"ivw",0.047326881832749,0.128598706716289,0.712858403719972,0.047326881832749,0.128598706716289,0.712858403719972,0,8.32667268468867e-17,2.22044604925031e-16,6.47492723473399e-16
401,"egger",0.0595684749067355,0.188767872376071,0.753154690775295,0.0595684749067356,0.188767872376071,0.753154690775295,6.93889390390723e-17,2.77555756156289e-17,3.33066907387547e-16,1.47035484726623e-16
401,"weighted_median",0.0500820824499622,0.121598243671653,0.680438244127188,0.0500820824499622,0.120389071206033,0.677408612354349,0,0.00120917246562066,0.00302963177283866,0.0100438723673787
401,"simple_mode",-0.671361914621917,23.0926619983066,0.976878263252104,-0.671361914621917,25.3976229124025,0.97897615671048,0,2.30496091409583,0.00209789345837563,0.0907549860884913
401,"weighted_mode",-0.671361914621917,23.088379966044,0.976873976256663,-0.671361914621917,25.5988102987279,0.97914134979975,0,2.51043033268389,0.00226737354308748,0.0980682423670542
402,"ivw",0.265047254032424,0.108234742170554,0.0143325595011497,0.265047254032425,0.108234742170554,0.0143325595011497,2.22044604925031e-16,4.16333634234434e-17,5.72458747072346e-17,3.8465803667586e-16
402,"egger",0.480961861612654,0.160610729972343,0.00365628121870398,0.480961861612654,0.160610729972343,0.00365628121870399,4.9960036108132e-16,1.38777878078145e-16,8.23993651088983e-18,8.64063553549893e-16
402,"weighted_median",0.253591728546888,0.11935476578538,0.0336125925040056,0.253591728546888,0.128546237954279,0.048522156797987,0,0.00919147216889939,0.0149095642939814,0.0715032373967145
402,"simple_mode",0.266662328526692,6.82387181207823,0.968924465911564,0.266662328526692,7.65064983825376,0.972281226493041,0,0.826778026175529,0.00335676058147738,0.108066379151426
402,"weighted_mode",0.266662328526692,6.92446631202208,0.96937568511897,0.266662328526692,8.48926024637069,0.975018460185979,0,1.56479393434861,0.00564277506700894,0.184326300400272
403,"ivw",-0.0282271119043656,0.106837839304099,0.791621810120252,-0.0282271119043657,0.106837839304099,0.791621810120251,1.14491749414469e-16,4.16333634234434e-17,7.7715611723761e-16,3.89687433727855e-16
403,"egger",0.147531785480426,0.153705706876402,0.340031353838744,0.147531785480426,0.153705706876402,0.340031353838743,1.94289029309402e-16,5.55111512312578e-17,4.44089209850063e-16,3.61152180744307e-16
403,"weighted_median",0.129798951798249,0.109915752053846,0.237644474829206,0.129798951798249,0.109390919640318,0.235400997219243,1.38777878078145e-16,0.000524832413528034,0.00224347760996296,0.00479776946069845
403,"simple_mode",-0.253474944806937,9.02772589026346,0.977669492648875,-0.253474944806937,8.93471882013898,0.977437103246555,0,0.0930070701244805,0.000232389402319733,0.010409624745531
403,"weighted_mode",0.305355113210128,9.01592224306998,0.97306539110424,0.305355113210128,9.30734984778061,0.973908444387891,0,0.291427604710631,0.000843053283650974,0.0313115558646507
404,"ivw",0.223558695567133,0.158012906337984,0.15712336580761,0.223558695567133,0.158012906337984,0.15712336580761,1.66533453693773e-16,5.55111512312578e-17,2.22044604925031e-16,3.51307703387985e-16
404,"egger",0.428671659276355,0.244567826883206,0.0834722108205428,0.428671659276355,0.244567826883206,0.0834722108205432,4.9960036108132e-16,5.55111512312578e-17,4.30211422042248e-16,2.26976507657188e-16
404,"weighted_median",0.308170680687753,0.135079654852327,0.0225248072564127,0.308170680687753,0.12893367466132,0.0168415432618902,0,0.00614598019100676,0.00568326399452253,0.0476677656721633
404,"simple_mode",0.160390586543316,22.3664417857711,0.994296021379554,0.160390586543316,22.6322058532116,0.994363000565095,0,0.265764067440522,6.69791855405499e-05,0.0117427381654364
404,"weighted_mode",0.160390586543316,22.3427387719362,0.994289970235346,0.160390586543316,23.0871018100101,0.994474067172354,0,0.744363038073935,0.000184096937007605,0.0322415106148661
405,"ivw",0.151836232131799,0.116277972743796,0.191619248088979,0.151836232131799,0.116277972743796,0.191619248088979,1.11022302462516e-16,9.71445146547012e-17,0,8.35450708009389e-16
405,"egger",0.0528695914876494,0.167972195836397,0.753769387754159,0.0528695914876497,0.167972195836397,0.753769387754158,2.22044604925031e-16,0,9.99200722162641e-16,0
405,"weighted_median",0.0526470693525163,0.119505679863567,0.659545823058831,0.0526470693525163,0.119750225302725,0.660197379334871,0,0.000244545439158556,0.000651556276039633,0.00204212926147196
405,"simple_mode",0.0918448698924014,6.48038082790786,0.988727004420341,0.0918448698924014,7.1391723189016,0.989767197511356,0,0.658791490993738,0.00104019309101455,0.092278412898023
405,"weighted_mode",0.0918448698924014,6.47255940142745,0.988713383082385,0.0918448698924014,7.16145895533524,0.98979904047423,0,0.688899553907789,0.00108565739184485,0.0961954202634316
406,"ivw",-0.0889922066374781,0.134865367830578,0.509343936989099,-0.0889922066374782,0.134865367830578,0.509343936989099,5.55111512312578e-17,0,3.33066907387547e-16,0
406,"egger",0.10630848149573,0.195825851351077,0.588726870146545,0.10630848149573,0.195825851351077,0.588726870146544,2.35922392732846e-16,1.66533453693773e-16,5.55111512312578e-16,8.50416084213579e-16
406,"weighted_median",-0.0454073850163424,0.111654180331131,0.68424393318428,-0.0454073850163424,0.118024433650877,0.700438441327794,0,0.00637025331974615,0.0161945081435143,0.0539740215029519
406,"simple_mode",-0.0597275788582188,2.6224209274304,0.981885173473598,-0.0597275788582188,2.49064370766457,0.980926919226975,0,0.131777219765827,0.000958254246623214,0.0529089003619038
406,"weighted_mode",-0.0597275788582188,2.57050778373855,0.981519398283891,-0.0597275788582188,2.50126354551747,0.981007883894374,0,0.0692442382210863,0.000511514389517465,0.0276837034406788
407,"ivw",0.192431751157255,0.129755494744418,0.138065498920275,0.192431751157254,0.129755494744418,0.138065498920275,1.38777878078145e-16,2.77555756156289e-17,3.60822483003176e-16,2.13906745685796e-16
407,"egger",0.152709204134048,0.199931746892476,0.447229297622308,0.152709204134047,0.199931746892476,0.44722929762231,5.82867087928207e-16,2.77555756156289e-17,1.66533453693773e-15,1.38825254353207e-16
407,"weighted_median",0.134304118492013,0.116433015671417,0.248710027051754,0.134304118492013,0.106888147408701,0.208937589095302,0,0.00954486826271593,0.0397724379564522,0.0892977237805408
407,"simple_mode",0.568766371835407,19.191956995787,0.976430521289435,0.568766371835407,19.9788325200327,0.977358557017821,0,0.786875524245762,0.000928035728385956,0.0393854607598699
407,"weighted_mode",0.568766371835407,19.2954865607881,0.976556945703823,0.568766371835407,18.6686848207905,0.975770086841699,0,0.626801739997564,0.000786858862124484,0.033575034664441
408,"ivw",-0.072026090031401,0.152544386829126,0.636809161935044,-0.0720260900314009,0.152544386829126,0.636809161935045,2.77555756156289e-17,2.77555756156289e-17,2.22044604925031e-16,1.81950815710575e-16
408,"egger",-0.158952562953921,0.218926104620615,0.469923464450009,-0.158952562953921,0.218926104620615,0.46992346445001,1.94289029309402e-16,8.32667268468867e-17,7.7715611723761e-16,3.80341700187753e-16
408,"weighted_median",0.0355940007451328,0.106989528539284,0.739370736731154,0.0355940007451329,0.114340070295769,0.755572987033981,5.55111512312578e-17,0.00735054175648504,0.0162022503028273,0.064286664661575
408,"simple_mode",-0.0911039208912544,14.5144729319745,0.995007333096734,-0.0911039208912544,15.9775664365463,0.995464515006372,0,1.46309350457176,0.00045718190963806,0.0915717365584008
408,"weighted_mode",-0.0911039208912544,14.5400510249174,0.995016115817275,-0.0911039208912544,16.2769681015265,0.995547940694766,0,1.73691707660905,0.000531824877491482,0.106710111230491
409,"ivw",-0.301079505425753,0.156535007662361,0.0544297768699668,-0.301079505425753,0.156535007662361,0.0544297768699671,5.55111512312578e-16,1.11022302462516e-16,2.70616862252382e-16,7.09249030747075e-16
409,"egger",-0.618600988431165,0.22251658444739,0.0067736742383877,-0.618600988431165,0.22251658444739,0.00677367423838774,6.66133814775094e-16,5.55111512312578e-17,4.0766001685455e-17,2.49469725454924e-16
409,"weighted_median",0.0641061795309261,0.126161874520237,0.611364699779082,0.064106179530926,0.125287360994082,0.608879775707519,2.77555756156289e-17,0.000874513526154669,0.00248492407156298,0.00698006182918944
409,"simple_mode",-0.389766447013868,6.16276123330244,0.949726888052743,-0.389766447013865,6.5567158081382,0.952743789077798,3.5527136788005e-15,0.393954574835758,0.0030169010250547,0.0600841315017469
409,"weighted_mode",0.0383120620018416,6.09996608220852,0.995004201691671,0.0383120620018452,6.33151934095326,0.995186903307506,3.5527136788005e-15,0.231553258744742,0.000182701615834668,0.0365715156624444
410,"ivw",0.353676897051731,0.151992317485236,0.0199684960726788,0.353676897051731,0.151992317485236,0.0199684960726787,3.88578058618805e-16,2.77555756156289e-17,1.14491749414469e-16,1.82611700873138e-16
410,"egger",0.10272564639352,0.223203181318277,0.646596920726439,0.10272564639352,0.223203181318277,0.64659692072644,2.63677968348475e-16,8.32667268468867e-17,7.7715611723761e-16,3.73053494825204e-16
410,"weighted_median",0.241470431718239,0.12713516745533,0.057522347141748,0.241470431718239,0.12721215643379,0.0576735539604845,0,7.69889784605349e-05,0.000151206818736496,0.000605201425860626
410,"simple_mode",-1.02151348557284,34.8435747571207,0.976683782194715,-1.02151348557284,35.7645296266766,0.977284019238641,0,0.920954869555857,0.0006002370439262,0.0257505097695713
410,"weighted_mode",0.816934352443729,34.7114607005926,0.98128140000627,0.816934352443729,34.3084948756626,0.981061585017896,0,0.40296582493,0.000219814988373646,0.0117453658748479
411,"ivw",-0.223061279130195,0.125783202283406,0.0761659400088457,-0.223061279130195,0.125783202283406,0.0761659400088458,0,2.77555756156289e-17,6.93889390390723e-17,2.20662020935768e-16
411,"egger",-0.282325643654389,0.192036203384394,0.145438171222308,-0.282325643654389,0.192036203384394,0.145438171222308,4.9960036108132e-16,1.94289029309402e-16,2.77555756156289e-16,1.01173125632201e-15
411,"weighted_median",-0.0291482827709457,0.103864538761591,0.778988463293771,-0.0291482827709457,0.106609126075211,0.784536036336154,0,0.00274458731362015,0.00554757304238307,0.0257443936993151
411,"simple_mode",0.181306884388082,1.49181078399539,0.903568475549498,0.181306884388082,1.6610679323913,0.913352842800813,0,0.169257148395914,0.00978436725131437,0.101896584176571
411,"weighted_mode",-0.0278444726935879,1.48649494892313,0.98510126037136,-0.0278444726935879,1.59413108516527,0.986107119747746,0,0.107636136242146,0.00100585937638553,0.0675202542901211
412,"ivw",-0.125962376653602,0.114837756285055,0.272697132352487,-0.125962376653602,0.114837756285055,0.272697132352487,8.32667268468867e-17,1.38777878078145e-17,3.88578058618805e-16,1.2084690834055e-16
412,"egger",-0.376971272811506,0.169979302447663,0.029408343439756,-0.376971272811506,0.169979302447663,0.029408343439756,2.77555756156289e-16,5.55111512312578e-17,5.55111512312578e-17,3.26575944435058e-16
412,"weighted_median",-0.0857549769478865,0.0822851552952716,0.297333676741713,-0.0857549769478865,0.0834331157529227,0.304030266504816,1.38777878078145e-17,0.00114796045765113,0.00669658976310289,0.0137590505555453
412,"simple_mode",-0.0754180214235922,20.1298357308589,0.997019881348067,-0.0754180214235922,23.181284925448,0.997412165285183,0,3.05144919458906,0.000392283937115545,0.131634169736607
412,"weighted_mode",-0.0754180214235922,20.2188016097007,0.997032994272981,-0.0754180214235922,21.2717910302452,0.997179865405714,0,1.05298942054444,0.000146871132732151,0.0495016813133999
413,"ivw",-0.0877571144288884,0.153367417272637,0.567185258453059,-0.0877571144288884,0.153367417272637,0.567185258453058,4.16333634234434e-17,0,1.11022302462516e-16,0
413,"egger",-0.402087093041409,0.220228176678732,0.0716155728408491,-0.402087093041409,0.220228176678732,0.0716155728408492,4.44089209850063e-16,1.38777878078145e-16,9.71445146547012e-17,6.30154960963933e-16
413,"weighted_median",-0.156653732041253,0.118160310914978,0.184914948909196,-0.156653732041253,0.111582565373338,0.160340706652031,0,0.00657774554164017,0.0245742422571654,0.0589495815912824
413,"simple_mode",0.0999002911485324,5.449903700328,0.985420152382938,0.0999002911485324,6.09575930214982,0.986964762629635,0,0.645855601821819,0.00154461024669672,0.10595162469654
413,"weighted_mode",-0.218004297826859,5.49421742429449,0.968446790543367,-0.218004297826859,5.29497989848582,0.967260184828184,0,0.199237525808676,0.0011866057151837,0.0376276264742102
414,"ivw",0.1090741353737,0.14312308309516,0.446000182143827,0.1090741353737,0.14312308309516,0.446000182143827,2.77555756156289e-17,2.77555756156289e-17,1.66533453693773e-16,1.93928016469396e-16
414,"egger",-0.017374235521324,0.20133611923903,0.931447787798998,-0.0173742355213238,0.20133611923903,0.931447787798998,1.11022302462516e-16,0,3.33066907387547e-16,0
414,"weighted_median",0.15434811161538,0.105957925289132,0.145201290036782,0.15434811161538,0.100413771638042,0.124263694627328,5.55111512312578e-17,0.00554415365109014,0.0209375954094539,0.0552130804435368
414,"simple_mode",-0.181536149622384,10.5853936723098,0.986359376081704,-0.181536149622384,11.4803993402591,0.987422698162051,0,0.895005667949235,0.00106332208034754,0.0779594543206053
414,"weighted_mode",-0.181536149622384,10.5661984171771,0.986334598087795,-0.181536149622384,10.5899058063755,0.986365187485565,0,0.0237073891983677,3.05893977697869e-05,0.00223867800449131
415,"ivw",-0.20728404287926,0.139253454750944,0.136609099047426,-0.20728404287926,0.139253454750944,0.136609099047426,1.38777878078145e-16,0,2.4980018054066e-16,0
415,"egger",-0.167915036097516,0.218204511932678,0.443844648374313,-0.167915036097516,0.218204511932678,0.443844648374314,2.77555756156289e-17,1.11022302462516e-16,2.22044604925031e-16,5.0879929786589e-16
415,"weighted_median",-0.0956899809142401,0.101135291462167,0.344067924831515,-0.0956899809142401,0.102821205353554,0.352037529403484,0,0.00168591389138729,0.00796960457196866,0.0163965583324006
415,"simple_mode",-0.176214497650896,9.06105644649109,0.984531978458522,-0.176214497650896,9.29409293236807,0.984919769989526,0,0.233036485876985,0.000387791531004322,0.0250736126239281
415,"weighted_mode",-0.176214497650896,8.99077450831439,0.984411078733355,-0.176214497650896,8.74411754235802,0.98397140070829,0,0.246656965956369,0.000439678025064394,0.0282083314595807
416,"ivw",0.0232138740016176,0.146637785794692,0.874214430134648,0.0232138740016176,0.146637785794692,0.874214430134648,2.77555756156289e-17,0,1.11022302462516e-16,0
416,"egger",-0.157754420236003,0.229766748032803,0.494329551343293,-0.157754420236003,0.229766748032803,0.494329551343292,3.33066907387547e-16,8.32667268468867e-17,7.7715611723761e-16,3.62396767851712e-16
416,"weighted_median",0.140589665437859,0.126478025221586,0.266321421154682,0.140589665437859,0.135028715043139,0.297790408149405,0,0.0085506898215526,0.0314689869947226,0.0633249736459452
416,"simple_mode",0.340238067194649,12.9007722684302,0.979024326764728,0.340238067194649,14.1789747798059,0.980914850687975,0,1.27820251137569,0.00189052392324729,0.0901477385513189
416,"weighted_mode",0.340238067194649,12.8119818714555,0.978878994315905,0.340238067194649,13.2581670512986,0.979589631700959,0,0.446185179843043,0.000710637385054169,0.0336536097423318
417,"ivw",0.0262454823086384,0.138353973221511,0.849545729802389,0.0262454823086384,0.138353973221511,0.849545729802389,7.28583859910259e-17,2.77555756156289e-17,4.44089209850063e-16,2.00612783061827e-16
417,"egger",0.154361968067924,0.203627249088306,0.450641573834962,0.154361968067924,0.203627249088306,0.450641573834963,1.38777878078145e-16,5.55111512312578e-17,3.33066907387547e-16,2.72611605174632e-16
417,"weighted_median",0.148490755687461,0.11305073798891,0.189018657346296,0.148490755687461,0.116948233845129,0.2041866888918,8.32667268468867e-17,0.00389749585621939,0.0151680315455037,0.0333266756416409
417,"simple_mode",0.201141283884524,10.4539908478923,0.984696468682062,0.201141283884524,10.3788179938784,0.984585640565105,0,0.0751728540138661,0.000110828116957618,0.00724291090355418
417,"weighted_mode",0.201141283884524,10.1183164739006,0.984188841813091,0.201141283884524,10.3013186789625,0.984469689469455,0,0.183002205061907,0.000280847656364047,0.0177649299827639
418,"ivw",-0.0196558206030116,0.144746123975932,0.891983230824333,-0.0196558206030115,0.144746123975932,0.891983230824333,7.63278329429795e-17,2.77555756156289e-17,4.44089209850063e-16,1.91753498147171e-16
418,"egger",0.0844818682654458,0.219435800767161,0.701262174718058,0.0844818682654461,0.219435800767161,0.701262174718058,2.77555756156289e-16,1.94289029309402e-16,6.66133814775094e-16,8.85402603541246e-16
418,"weighted_median",-0.160550311896431,0.0970840007079103,0.0981832481937477,-0.160550311896431,0.100049204098028,0.108556862069411,0,0.00296520339011809,0.0103736138756631,0.0296374510607079
418,"simple_mode",-0.227404693134116,3.14522836110807,0.942540212915825,-0.227404693134116,2.99166227624232,0.939596329812613,0,0.153566084865748,0.00294388310321203,0.0513313571806759
418,"weighted_mode",-0.227404693134116,3.17730612568016,0.943119314033238,-0.227404693134116,3.01961232470101,0.940154362352409,0,0.157693800979149,0.00296495168082944,0.0522231942455605
419,"ivw",0.0378441614021071,0.131031332713712,0.772720925789823,0.0378441614021071,0.131031332713713,0.772720925789823,3.46944695195361e-17,5.55111512312578e-17,1.11022302462516e-16,4.23647917498809e-16
419,"egger",-0.159611857265213,0.191401388132145,0.406813822961178,-0.159611857265212,0.191401388132145,0.406813822961179,1.38777878078145e-16,2.77555756156289e-17,3.33066907387547e-16,1.45012405011746e-16
419,"weighted_median",-0.0165585130540067,0.111178758336266,0.881604180225154,-0.0165585130540067,0.109762520275574,0.880088028684724,4.5102810375397e-17,0.00141623806069133,0.00151615154043006,0.0129027472869214
419,"simple_mode",-0.170026980563032,45.2373534232208,0.997010357223864,-0.170026980563032,43.229167512592,0.996871475811128,0,2.0081859106288,0.000138881412736547,0.0464544201561097
419,"weighted_mode",-0.170026980563032,45.2373534232208,0.997010357223864,-0.170026980563032,41.4191728083464,0.996734761813621,0,3.81818061487439,0.000275595410243024,0.0921838934964192
420,"ivw",0.0797794863912793,0.129088782514616,0.536561965981907,0.0797794863912792,0.129088782514616,0.536561965981907,6.93889390390723e-17,0,2.22044604925031e-16,0
420,"egger",-0.161115476510096,0.185467751330536,0.387610974717136,-0.161115476510096,0.185467751330536,0.387610974717136,1.66533453693773e-16,1.94289029309402e-16,3.33066907387547e-16,1.04756232776633e-15
420,"weighted_median",-0.145308704391789,0.109841400532693,0.18587010201069,-0.145308704391789,0.108164817870591,0.179142223409216,5.55111512312578e-17,0.00167658266210241,0.00672787860147467,0.0155002587265324
420,"simple_mode",0.0519498703243952,14.6144211586262,0.997172506575106,0.0519498703243952,14.0349766649253,0.997055771926335,0,0.579444493700981,0.000116734648771044,0.0412857468547894
420,"weighted_mode",0.0519498703243952,14.5548868463571,0.997160941239278,0.0519498703243952,13.7348037920001,0.996991426400043,0,0.820083054356971,0.000169514839235441,0.0597083924005257
421,"ivw",-0.0208429150651213,0.121721079714777,0.864038949250988,-0.0208429150651213,0.121721079714777,0.864038949250988,6.93889390390723e-18,5.55111512312578e-17,2.22044604925031e-16,4.56052077103936e-16
421,"egger",-0.173910536156084,0.181429743742395,0.340670576862517,-0.173910536156084,0.181429743742394,0.340670576862518,1.94289029309402e-16,1.11022302462516e-16,2.22044604925031e-16,6.11929996550908e-16
421,"weighted_median",-0.0362420707453448,0.113144212561861,0.748727662164233,-0.0362420707453448,0.110407189851394,0.742716409656494,2.77555756156289e-17,0.002737022710467,0.00601125250773893,0.0247902579003322
421,"simple_mode",-0.0564319525695338,33.2228793478681,0.998648900673998,-0.0564319525695338,35.2392836472322,0.998726210987339,0,2.01640429936414,7.73103133411279e-05,0.0572203544075878
421,"weighted_mode",-0.0564319525695338,33.2228793478681,0.998648900673998,-0.0564319525695338,34.358478001153,0.998693556469125,0,1.13559865328489,4.46557951270243e-05,0.0330514830501741
422,"ivw",0.114574588456659,0.166763792510534,0.492053016357134,0.114574588456659,0.166763792510534,0.492053016357134,6.93889390390723e-17,2.77555756156289e-17,3.88578058618805e-16,1.66436462002839e-16
422,"egger",0.16345118395325,0.260915234693698,0.532801244060788,0.16345118395325,0.260915234693698,0.532801244060789,1.94289029309402e-16,5.55111512312578e-17,4.44089209850063e-16,2.1275550006279e-16
422,"weighted_median",0.00181900334087697,0.143833252993206,0.989909732520416,0.00181900334087641,0.148925792320262,0.990254753236229,5.55111512312578e-16,0.00509253932705633,0.000345020715812439,0.0341951467755492
422,"simple_mode",0.341225123743854,7.63962993794761,0.964484151446754,0.341225123743854,8.62358676088286,0.968534254301057,0,0.983956822935252,0.00405010285430341,0.114100646310946
422,"weighted_mode",-0.181799696428568,7.74387120802672,0.981327849970891,-0.181799696428568,7.43340059035497,0.98054812509146,0,0.310470617671749,0.000779724879431676,0.0417669697600574
423,"ivw",-0.000135800444035651,0.18337738429864,0.99940912524106,-0.000135800444035705,0.18337738429864,0.99940912524106,5.46166844389573e-17,2.77555756156289e-17,2.22044604925031e-16,1.51357680892794e-16
423,"egger",-0.318155866473961,0.282828514350907,0.263992072823856,-0.318155866473961,0.282828514350907,0.263992072823857,4.44089209850063e-16,0,8.32667268468867e-16,0
423,"weighted_median",-0.0769614856792309,0.1396665571497,0.581608089948137,-0.0769614856792309,0.139889474768596,0.582210164677714,4.16333634234434e-17,0.000222917618896618,0.000602074729577518,0.00159352674148906
423,"simple_mode",-0.169287973480289,16.1927586504351,0.991684335964242,-0.169287973480289,15.0212373673547,0.991035815823286,0,1.17152128308035,0.000648520140955511,0.0779909973080103
423,"weighted_mode",-0.169287973480289,16.011385313968,0.991590141544065,-0.169287973480289,14.286839670267,0.990575044085918,0,1.72454564370102,0.00101509745814676,0.120708686000729
424,"ivw",-0.0654180756617575,0.182235488654946,0.71961341754529,-0.0654180756617575,0.182235488654946,0.71961341754529,1.38777878078145e-17,2.77555756156289e-17,1.11022302462516e-16,1.52306094825376e-16
424,"egger",0.406864400024156,0.251087613583474,0.109080027967189,0.406864400024156,0.251087613583474,0.109080027967189,1.66533453693773e-16,5.55111512312578e-17,2.4980018054066e-16,2.21082794324314e-16
424,"weighted_median",0.237641916638814,0.119627749238413,0.0469765413712472,0.237641916638814,0.121858368361566,0.0511584196645107,0,0.00223061912315289,0.00418187829326347,0.0183050138709754
424,"simple_mode",-0.382718441219616,17.0034620788886,0.982097874782558,-0.382718441219616,19.0944185835188,0.98405798572669,0,2.09095650463022,0.00196011094413162,0.109506162519922
424,"weighted_mode",0.527433936467155,16.923523267273,0.97521403686927,0.527433936467155,18.8589780785965,0.977757055212885,0,1.93545481132353,0.00254301834361514,0.102627767170487
425,"ivw",-0.0271747752757866,0.157288527712451,0.862832037298112,-0.0271747752757868,0.157288527712451,0.862832037298111,1.70002900645727e-16,5.55111512312578e-17,7.7715611723761e-16,3.5292562044157e-16
425,"egger",-0.173938995308156,0.238812466945235,0.468526190441506,-0.173938995308156,0.238812466945235,0.468526190441505,2.22044604925031e-16,5.55111512312578e-17,4.44089209850063e-16,2.32446621993096e-16
425,"weighted_median",-0.115146069525703,0.103268124352185,0.264841662453315,-0.115146069525703,0.106202406912268,0.278270204858354,0,0.00293428256008368,0.0134285424050391,0.0276291530992102
425,"simple_mode",-0.435642621749661,10.8039463833133,0.967935202838178,-0.435642621749661,11.7383421985006,0.970486388242514,0,0.93439581518725,0.00255118540433608,0.0796020255148643
425,"weighted_mode",-0.435642621749661,10.8024671388998,0.967930814428727,-0.435642621749661,10.7451488891631,0.967759841186515,0,0.0573182497366655,0.000170973242212491,0.00533433741383268
426,"ivw",0.0171622185604427,0.10033124242141,0.864180065412172,0.0171622185604427,0.10033124242141,0.864180065412172,2.42861286636753e-17,1.38777878078145e-17,1.11022302462516e-16,1.38319704539541e-16
426,"egger",-0.120386910637209,0.168427732986033,0.47683247966074,-0.120386910637209,0.168427732986033,0.47683247966074,1.38777878078145e-16,2.77555756156289e-17,4.44089209850063e-16,1.64792193800594e-16
426,"weighted_median",-0.0296050750727316,0.112626582584393,0.792658134793978,-0.0296050750727316,0.11450418903072,0.79598235127829,2.77555756156289e-17,0.00187760644632677,0.00332421648431114,0.0163977096577928
426,"simple_mode",-0.131362094974371,3.60209244291767,0.970998701116428,-0.131362094974371,3.80891998098066,0.972572845770446,0,0.206827538062989,0.00157414465401806,0.0543008356950934
426,"weighted_mode",-0.131362094974371,3.56819583123245,0.970723324310528,-0.131362094974371,3.97449744143777,0.97371503002189,0,0.406301610205317,0.00299170571136242,0.102227166124011
427,"ivw",-0.000701399561806275,0.105262127482045,0.994683446426625,-0.000701399561806277,0.105262127482045,0.994683446426625,2.38524477946811e-18,2.77555756156289e-17,0,2.6368054949643e-16
427,"egger",-0.0204820643229345,0.174289850252354,0.906744719577942,-0.0204820643229347,0.174289850252354,0.906744719577941,2.04697370165263e-16,5.55111512312578e-17,8.88178419700125e-16,3.18499047138336e-16
427,"weighted_median",0.191322123022656,0.0929082887423609,0.0394695438803214,0.191322123022656,0.100607428909272,0.0572143184433742,0,0.0076991401669115,0.0177447745630527,0.0765265572371855
427,"simple_mode",0.0454645903895752,1.68421378682718,0.978530479197217,0.0454645903895752,1.74024943741247,0.979221631206607,0,0.0560356505852972,0.000691152009389406,0.0321997808938327
427,"weighted_mode",0.0454645903895752,1.65223025863793,0.978114981870746,0.0454645903895752,1.6331026234007,0.977858721300501,0,0.0191276352372267,0.000256260570245082,0.0117124514792562
428,"ivw",-0.017665903451503,0.0956965928849717,0.85354022522573,-0.0176659034515029,0.0956965928849717,0.85354022522573,3.46944695195361e-17,0,2.22044604925031e-16,0
428,"egger",0.186453570058361,0.153791898889577,0.228936857969827,0.186453570058361,0.153791898889576,0.228936857969828,4.71844785465692e-16,1.66533453693773e-16,6.93889390390723e-16,1.08284932363925e-15
428,"weighted_median",-0.0314807562087394,0.109909517792791,0.774553168662618,-0.0314807562087394,0.110643330523014,0.7760083371961,6.93889390390723e-18,0.000733812730222286,0.00145516853348193,0.00663223645522541
428,"simple_mode",-0.0761532790844471,1.68771824892225,0.964121095489781,-0.0761532790844471,1.79969051736673,0.966351998531836,0,0.111972268444486,0.00223090304205498,0.0622175131579407
428,"weighted_mode",-0.0761532790844471,1.70315082939827,0.964445980939686,-0.0761532790844471,1.68510395643728,0.964065470805356,0,0.018046872960984,0.000380510134330825,0.0107096496284653
429,"ivw",0.119828115167556,0.144047478456916,0.405484916365155,0.119828115167555,0.144047478456916,0.405484916365155,9.71445146547012e-17,2.77555756156289e-17,2.77555756156289e-16,1.92683522911722e-16
429,"egger",0.106636052490963,0.225626812334958,0.637770185971775,0.106636052490964,0.225626812334958,0.637770185971774,1.94289029309402e-16,5.55111512312578e-17,7.7715611723761e-16,2.46030826996075e-16
429,"weighted_median",0.010014211151407,0.105631889544562,0.924471370673688,0.010014211151407,0.107354956147924,0.925680078263643,0,0.00172306660336197,0.00120870758995462,0.0160501821731245
429,"simple_mode",0.0922175074391458,2.62682925092501,0.972081574860347,0.0922175074391458,2.6966264184844,0.97280390254557,0,0.0697971675593934,0.000722327685222179,0.0258831431306016
429,"weighted_mode",0.0922175074391458,2.69628246601039,0.972800434632407,0.0922175074391458,2.47015105176341,0.970311556352603,0,0.226131414246982,0.00248887827980349,0.0915455814273176
430,"ivw",-0.104194838843491,0.117071352037889,0.373459760617757,-0.104194838843491,0.11707135203789,0.373459760617757,2.77555756156289e-17,4.16333634234434e-17,0,3.5562383707646e-16
430,"egger",-0.319696931951353,0.196360371052955,0.107433062381735,-0.319696931951353,0.196360371052955,0.107433062381735,5.55111512312578e-16,1.11022302462516e-16,4.16333634234434e-16,5.6540075712413e-16
430,"weighted_median",-0.100139349816585,0.127569741172351,0.43246688336767,-0.100139349816585,0.126116568106332,0.427182530802697,0,0.0014531730660183,0.00528435256497295,0.0115224596406167
430,"simple_mode",-0.0512019781595792,0.979713322980938,0.958448442836354,-0.0512019781595792,1.02234482903411,0.960179633699987,0,0.0426315060531679,0.00173119086363294,0.0416997326561972
430,"weighted_mode",-0.0512019781595792,0.96717236113205,0.957910165440741,-0.0512019781595792,0.983988258442707,0.958628798274949,0,0.0168158973106569,0.000718632834208144,0.0170895304556482
431,"ivw",-0.0575465580027614,0.128205762796132,0.653531981362376,-0.0575465580027614,0.128205762796132,0.653531981362376,4.16333634234434e-17,0,3.33066907387547e-16,0
431,"egger",-0.533638412312328,0.205572338954342,0.0112228587933657,-0.533638412312329,0.205572338954343,0.0112228587933657,7.7715611723761e-16,1.94289029309402e-16,3.98986399474666e-17,9.45112704839895e-16
431,"weighted_median",-0.168647842604505,0.110631519543438,0.127406215532374,-0.168647842604505,0.112873981867285,0.135142940490796,0,0.00224246232384771,0.00773672495842198,0.0198669550480141
431,"simple_mode",-0.518222705098193,4.93921452570198,0.91669861515513,-0.518222705098193,4.61027431303597,0.910779565948476,0,0.328940212666013,0.00591904920665365,0.0713493797399224
431,"weighted_mode",0.0549275146613644,4.89762781621033,0.991079388337964,0.0549275146613644,5.07489835065116,0.991390980382821,0,0.177270534440829,0.000311592044857201,0.0349308542146628
432,"ivw",-0.102517964107548,0.121160022078764,0.397476384165875,-0.102517964107548,0.121160022078764,0.397476384165876,8.32667268468867e-17,1.38777878078145e-17,3.88578058618805e-16,1.14540981172757e-16
432,"egger",-0.316427790198605,0.19879659782644,0.115392442263935,-0.316427790198604,0.19879659782644,0.115392442263936,3.33066907387547e-16,8.32667268468867e-17,2.35922392732846e-16,4.18853882598047e-16
432,"weighted_median",0.110574904701619,0.100957110386314,0.273400056595689,0.110574904701619,0.100137815389373,0.26949457089655,0,0.000819294996940514,0.00390548569913868,0.00818167436302449
432,"simple_mode",-0.0283597783431582,1.09394898644837,0.979381541240428,-0.0283597783431582,1.12528575181209,0.97995559574077,0,0.0313367653637289,0.000574054500341759,0.0278478291520762
432,"weighted_mode",-0.0283597783431582,1.07052310682406,0.978930460474541,-0.0283597783431582,1.0627695428794,0.978776781895272,0,0.00775356394466176,0.000153678579269623,0.00729562114064235
433,"ivw",-0.101823479369797,0.126322112695787,0.420206988769434,-0.101823479369797,0.126322112695786,0.420206988769434,2.77555756156289e-17,2.77555756156289e-17,0,2.19720641329606e-16
433,"egger",0.0255233429694316,0.21113826574195,0.90408562591978,0.025523342969432,0.21113826574195,0.904085625919779,4.40619762898109e-16,1.94289029309402e-16,1.55431223447522e-15,9.20198092120638e-16
433,"weighted_median",0.0188853057466587,0.103277304439456,0.854907733341817,0.0188853057466586,0.100755665975971,0.851318279522205,9.36750677027476e-17,0.00252163846348434,0.00358945381961273,0.0250272621302083
433,"simple_mode",0.225657598498299,1.90336219014636,0.905919573411995,0.225657598498299,1.84311883178654,0.902859778147482,0,0.0602433583598183,0.00305979526451283,0.0326855530532582
433,"weighted_mode",-0.0564000351861864,1.9315645541233,0.976777586298395,-0.0564000351861864,1.93867241239928,0.976862703516648,0,0.00710785827597804,8.51172182529947e-05,0.00366635344399491
434,"ivw",-0.166027445656095,0.149484640550989,0.266712321246626,-0.166027445656095,0.149484640550989,0.266712321246626,2.77555756156289e-17,5.55111512312578e-17,5.55111512312578e-17,3.71350200439644e-16
434,"egger",0.32909566598854,0.246233905847344,0.18516934563155,0.329095665988539,0.246233905847344,0.18516934563155,7.21644966006352e-16,8.32667268468867e-17,8.32667268468867e-16,3.38161093454405e-16
434,"weighted_median",-0.0969803095750877,0.116836039272963,0.40650782831988,-0.0969803095750877,0.113837768340624,0.394260260737603,2.77555756156289e-17,0.00299827093233934,0.0122475675822763,0.0263381035665418
434,"simple_mode",0.319820217114395,2.75396281058333,0.907836227693932,0.319820217114395,3.02559414923659,0.91607780748112,0,0.271631338653255,0.00824157978718809,0.0897778503180251
434,"weighted_mode",-0.0172346273617536,2.79267532345332,0.995091166068793,-0.0172346273617536,2.85667185511022,0.995201134752372,0,0.0639965316568918,0.000109968683579154,0.0224024791445368
435,"ivw",-0.140629865718623,0.131993476873235,0.286681196204394,-0.140629865718623,0.131993476873235,0.286681196204394,8.32667268468867e-17,2.77555756156289e-17,2.22044604925031e-16,2.10279903773464e-16
435,"egger",-0.223255928827097,0.212978859050276,0.297678255116986,-0.223255928827097,0.212978859050276,0.297678255116986,5.55111512312578e-17,2.77555756156289e-17,3.33066907387547e-16,1.30320801507707e-16
435,"weighted_median",-0.178895712906261,0.10316582769622,0.0829074761133493,-0.178895712906261,0.105982169960283,0.0914151956389429,0,0.00281634226406334,0.00850771952559365,0.0265737365551089
435,"simple_mode",-0.118043447220974,2.47632252307933,0.962097498217682,-0.118043447220974,2.39900709450467,0.96087695486938,0,0.0773154285746642,0.00122054334830191,0.0322280950113772
435,"weighted_mode",-0.118043447220974,2.47150456203677,0.962023667730009,-0.118043447220974,2.42935317357404,0.96136526569649,0,0.0421513884627238,0.00065840203351919,0.0173508689149182
436,"ivw",0.00586732774025741,0.116697265932987,0.959900700698484,0.00586732774025746,0.116697265932987,0.959900700698484,4.9439619065339e-17,4.16333634234434e-17,3.33066907387547e-16,3.56763828960237e-16
436,"egger",0.0125114687881036,0.20234433359255,0.95085039224013,0.0125114687881037,0.20234433359255,0.95085039224013,3.46944695195361e-17,8.32667268468867e-17,1.11022302462516e-16,4.11510050064245e-16
436,"weighted_median",-0.0152793022367771,0.100734126240597,0.879439724074869,-0.0152793022367771,0.102015578628191,0.880942760808201,1.73472347597681e-18,0.00128145238759469,0.0015030367333313,0.0125613401877091
436,"simple_mode",0.0996568698876212,0.95852064322336,0.917450590005355,0.0996568698876212,0.9595707078534,0.917540595908459,0,0.00105006463004009,9.00059031047062e-05,0.00109430667427222
436,"weighted_mode",-0.0141613983810182,0.94692228956989,0.988104708399574,-0.0141613983810182,0.989849327291024,0.988620537981133,0,0.0429270377211344,0.000515829581558158,0.0433672444255887
437,"ivw",-0.192743130030977,0.123149876524347,0.117557068229394,-0.192743130030977,0.123149876524347,0.117557068229394,5.55111512312578e-17,2.77555756156289e-17,1.66533453693773e-16,2.25380458340465e-16
437,"egger",-0.404663555438619,0.211823416148314,0.0596672772592077,-0.40466355543862,0.211823416148315,0.0596672772592075,4.9960036108132e-16,1.66533453693773e-16,1.59594559789866e-16,7.8619001016002e-16
437,"weighted_median",0.0837889990820308,0.0897603892426367,0.350575233987917,0.0837889990820308,0.0905564384290538,0.354826379581683,0,0.00079604918641718,0.00425114559376588,0.00879064150740472
437,"simple_mode",0.520552252820915,2.93360078312019,0.859601992065879,0.520552252820915,2.97178550864748,0.861387260096365,0,0.0381847255272896,0.00178526803048551,0.0128490853112304
437,"weighted_mode",0.154750985745443,2.94893870828861,0.95827795289127,0.154750985745443,2.86665765987829,0.957081574815995,0,0.0822810484103229,0.00119637807527462,0.0287027814872796
438,"ivw",0.0215430403204663,0.142011180313127,0.879423866724181,0.0215430403204663,0.142011180313127,0.87942386672418,6.93889390390723e-17,0,4.44089209850063e-16,0
438,"egger",0.0527225464933,0.214933682765513,0.806854784453835,0.0527225464933002,0.214933682765513,0.806854784453834,2.0122792321331e-16,1.66533453693773e-16,7.7715611723761e-16,7.74813196103177e-16
438,"weighted_median",-0.0130874155063393,0.0992621317418268,0.895105300656233,-0.0130874155063394,0.100216322335015,0.896098343630765,3.98986399474666e-17,0.00095419059318784,0.000993042974531844,0.00952130921346387
438,"simple_mode",0.0550313944892243,1.28917811431877,0.966055941418361,0.0550313944892243,1.25374330258858,0.965097188310652,0,0.0354348117301884,0.00095875310770932,0.0282632111828848
438,"weighted_mode",0.0550313944892243,1.29423225136418,0.96618841615566,0.0550313944892243,1.21860056836155,0.964091322873969,0,0.0756316830026305,0.00209709328169083,0.0620643752893699
439,"ivw",0.292694134733565,0.133574857730588,0.028434665769257,0.292694134733565,0.133574857730588,0.0284346657692572,2.22044604925031e-16,0,1.28369537222284e-16,0
439,"egger",0.228861511330257,0.218771607538313,0.298655844528283,0.228861511330257,0.218771607538313,0.298655844528284,3.05311331771918e-16,5.55111512312578e-17,5.55111512312578e-16,2.53740198995138e-16
439,"weighted_median",0.0420454268314729,0.118459991335692,0.722639363491665,0.0420454268314729,0.12015962085099,0.726403906639304,4.16333634234434e-17,0.00169962951529788,0.00376454314763919,0.0141447642998607
439,"simple_mode",-0.086480926694291,0.931129416345443,0.926230258624969,-0.086480926694291,0.87851139715593,0.921825875887231,0,0.0526180191895128,0.00440438273773824,0.059894520844985
439,"weighted_mode",-0.086480926694291,0.919586568624198,0.925307027938958,-0.086480926694291,0.901625821167935,0.923823682171402,0,0.0179607474562623,0.00148334576755615,0.019920400497178
440,"ivw",0.0993955556633265,0.146164651615512,0.496488898033192,0.0993955556633266,0.146164651615512,0.496488898033192,2.77555756156289e-17,2.77555756156289e-17,1.66533453693773e-16,1.89892530846927e-16
440,"egger",0.245244977840911,0.239326815671982,0.308579991471149,0.245244977840911,0.239326815671982,0.308579991471149,1.66533453693773e-16,5.55111512312578e-17,1.66533453693773e-16,2.31947059820244e-16
440,"weighted_median",-0.025574158795197,0.111920041769637,0.819254574823248,-0.025574158795197,0.112841907086513,0.820705967293042,1.38777878078145e-17,0.000921865316876255,0.00145139246979464,0.00816952974899197
440,"simple_mode",-0.149842624171581,1.57442624845968,0.924412595630277,-0.149842624171581,1.70514189304246,0.930191392717347,0,0.130715644582784,0.00577879708707008,0.076659687452491
440,"weighted_mode",0.0298535231764401,1.59641053177931,0.985126092928152,0.0298535231764401,1.81385732982618,0.986909015788719,0,0.217446798046871,0.00178292286056703,0.119880871814604
441,"ivw",-0.19156775541284,0.144366322684099,0.184523244198757,-0.19156775541284,0.144366322684099,0.184523244198757,2.77555756156289e-17,0,0,0
441,"egger",-0.170253473089345,0.234739678582218,0.470392686837334,-0.170253473089345,0.234739678582219,0.470392686837335,8.32667268468867e-17,1.66533453693773e-16,2.22044604925031e-16,7.0943887586284e-16
441,"weighted_median",-0.171361370907872,0.133506566894072,0.199302031943588,-0.171361370907872,0.128011381481255,0.180687350131165,5.55111512312578e-17,0.00549518541281691,0.0186146818124229,0.0429273190339061
441,"simple_mode",-0.138912740694586,3.51167331121428,0.96854331129678,-0.138912740694586,3.80643076970561,0.970978073151675,0,0.294757458491332,0.00243476185489544,0.0774367054925128
441,"weighted_mode",-0.138912740694586,3.51753000018882,0.968595659116162,-0.138912740694586,3.84046697091701,0.971235166410383,0,0.322936970728193,0.00263950729422124,0.0840879437770775
442,"ivw",0.311758202939485,0.120313869524503,0.0095639801114194,0.311758202939485,0.120313869524503,0.00956398011141945,1.11022302462516e-16,5.55111512312578e-17,4.85722573273506e-17,4.61386134870779e-16
442,"egger",0.503944759040268,0.206475958304257,0.0168680456278213,0.503944759040267,0.206475958304257,0.0168680456278214,1.11022302462516e-16,2.77555756156289e-17,3.46944695195361e-17,1.344252175584e-16
442,"weighted_median",-0.0267532516504369,0.100898734823436,0.790894276471459,-0.0267532516504369,0.105373234466753,0.799580238850817,6.93889390390723e-18,0.00447449964331621,0.0086859623793577,0.0424633415303201
442,"simple_mode",0.182493117018853,4.53513820578056,0.968000955889137,0.182493117018853,4.49579915628545,0.967721113481372,0,0.0393390494951174,0.000279842407764352,0.00875017947368013
442,"weighted_mode",0.182493117018853,4.53970398572079,0.968033121180511,0.182493117018853,4.43984386391593,0.967314533540936,0,0.0998601218048627,0.000718587639575108,0.0224918093666444
443,"ivw",0.0423424376871959,0.148283419815061,0.775222250088684,0.0423424376871959,0.148283419815061,0.775222250088683,2.77555756156289e-17,0,2.22044604925031e-16,0
443,"egger",0.222726094153569,0.235471210957306,0.347061069432395,0.222726094153569,0.235471210957306,0.347061069432395,2.22044604925031e-16,8.32667268468867e-17,2.22044604925031e-16,3.53617440146363e-16
443,"weighted_median",0.134732382077389,0.110794328226822,0.223962646590904,0.134732382077389,0.110211861396469,0.221524153914224,0,0.000582466830352651,0.00243849267668034,0.0052849740760418
443,"simple_mode",-0.0231599968778735,3.60273189334097,0.994886677265735,-0.0231599968778735,3.79671070292614,0.99514792010062,0,0.193978809585174,0.000261242834885933,0.0510912799955166
443,"weighted_mode",-0.0231599968778735,3.62776047761104,0.994921954529353,-0.0231599968778735,3.9435030518312,0.995328531031051,0,0.315742574220156,0.000406576501697842,0.080066522092214
444,"ivw",0.186130250481414,0.112898770705479,0.0992199179694031,0.186130250481414,0.112898770705479,0.0992199179694031,2.77555756156289e-17,1.38777878078145e-17,0,1.22922399607146e-16
444,"egger",-0.012538205359411,0.185344987832102,0.946234685758228,-0.0125382053594107,0.185344987832102,0.946234685758229,3.15719672627779e-16,8.32667268468867e-17,1.33226762955019e-15,4.49252649455595e-16
444,"weighted_median",0.040594295998793,0.0990453819379701,0.681911939756688,0.0405942959987931,0.103860840098858,0.695906073960181,1.2490009027033e-16,0.0048154581608876,0.0139941342034925,0.0463645215685153
444,"simple_mode",0.0611574499902674,3.09606361947266,0.984288755683114,0.0611574499902674,3.24357773082348,0.985003196892811,0,0.147514111350818,0.000714441209697325,0.0454788272681126
444,"weighted_mode",0.0611574499902674,3.12385111878684,0.98442849328838,0.0611574499902674,3.1631316158883,0.98462183930107,0,0.0392804971014633,0.000193346012690054,0.012418230371496
445,"ivw",0.0616528176796762,0.144701742214509,0.670058116759985,0.0616528176796762,0.144701742214509,0.670058116759985,2.08166817117217e-17,5.55111512312578e-17,1.11022302462516e-16,3.83624622493949e-16
445,"egger",0.280882667230236,0.235900344205851,0.237298886195987,0.280882667230236,0.23590034420585,0.237298886195987,1.11022302462516e-16,1.38777878078145e-16,1.11022302462516e-16,5.88290273782071e-16
445,"weighted_median",0.133608214754739,0.114184936342597,0.241959245830582,0.133608214754739,0.11689361791118,0.25304281965162,0,0.00270868156858356,0.0110835738210376,0.0231721938031015
445,"simple_mode",0.17637548926623,4.86227176722044,0.971152892473014,0.17637548926623,5.10805422042419,0.972540346177044,0,0.245782453203755,0.00138745370402993,0.0481166492362221
445,"weighted_mode",0.17637548926623,4.91740730422488,0.971476194247123,0.17637548926623,4.98020065935191,0.971835686325572,0,0.0627933551270319,0.000359492078448875,0.0126085994163945
446,"ivw",-0.0452314645432373,0.135759754617433,0.739003810027381,-0.0452314645432374,0.135759754617433,0.739003810027381,6.93889390390723e-18,5.55111512312578e-17,2.22044604925031e-16,4.08892542474658e-16
446,"egger",-0.0663295962871809,0.219714810540976,0.763519703031837,-0.0663295962871807,0.219714810540976,0.763519703031837,2.08166817117217e-16,2.22044604925031e-16,5.55111512312578e-16,1.01060372024225e-15
446,"weighted_median",-0.129332785549706,0.11950745803965,0.279156923609709,-0.129332785549706,0.115920749540014,0.264550551046102,0,0.0035867084996354,0.0146063725636069,0.0309410395797804
446,"simple_mode",-0.0396787589020019,0.741411229855519,0.957451057722359,-0.0396787589020019,0.743689503722779,0.957581279971252,0,0.00227827386726054,0.00013022224889303,0.00306347454933262
446,"weighted_mode",-0.0396787589020019,0.733334963332091,0.956982923619882,-0.0396787589020019,0.70129403408915,0.955019622470877,0,0.0320409292429413,0.00196330114900534,0.0456882957582215
447,"ivw",0.0203332111055635,0.160744496266509,0.89934091398742,0.0203332111055635,0.160744496266509,0.89934091398742,1.04083408558608e-17,2.77555756156289e-17,1.11022302462516e-16,1.72668901643831e-16
447,"egger",-0.287648504498733,0.264363179415063,0.279826619818481,-0.287648504498733,0.264363179415062,0.279826619818481,1.11022302462516e-16,1.66533453693773e-16,5.55111512312578e-17,6.29941938443357e-16
447,"weighted_median",0.0309774959449545,0.122334363216705,0.800098284969794,0.0309774959449543,0.118171888765192,0.793214050505121,1.90819582357449e-16,0.00416247445151291,0.00688423446467379,0.0352238971129908
447,"simple_mode",-0.188892413621681,1.2953331424922,0.884421551919616,-0.188892413621681,1.33203381013663,0.887584157154977,0,0.0367006676444306,0.00316260523536116,0.0275523544260983
447,"weighted_mode",-0.188892413621681,1.28399205275532,0.883408084638404,-0.188892413621681,1.2110011786909,0.876436580371238,0,0.0729908740644116,0.00697150426716608,0.0602731651700909
448,"ivw",-0.309456782893558,0.15012406671775,0.0392705897440139,-0.309456782893558,0.15012406671775,0.039270589744014,5.55111512312578e-17,2.77555756156289e-17,9.71445146547012e-17,1.84884250889715e-16
448,"egger",-0.46045873015581,0.242894368369778,0.0616087936838743,-0.46045873015581,0.242894368369778,0.0616087936838738,6.66133814775094e-16,5.55111512312578e-17,4.57966997657877e-16,2.28540297594502e-16
448,"weighted_median",-0.420649714027763,0.126459132034853,0.000879854228213725,-0.420649714027763,0.124460403265046,0.000725418955114888,0,0.0019987287698065,0.000154435273098837,0.0160591538945128
448,"simple_mode",-0.0514408111556719,1.27588224315236,0.967938945896008,-0.0514408111556719,1.23016512968253,0.966748138542876,0,0.0457171134698291,0.00119080735313204,0.0371633956830065
448,"weighted_mode",-0.369782055528292,1.28850495256453,0.774856386968223,-0.369782055528292,1.15934514899464,0.750579659474688,0,0.129159803569893,0.0242767274935348,0.111407550790114
449,"ivw",-0.152784843994901,0.168023263004782,0.363187736149867,-0.152784843994901,0.168023263004782,0.363187736149868,8.32667268468867e-17,1.38777878078145e-16,1.66533453693773e-16,8.25944429338899e-16
449,"egger",-0.0409934680566948,0.311995448044906,0.89579569048158,-0.040993468056695,0.311995448044906,0.89579569048158,1.59594559789866e-16,0,3.33066907387547e-16,0
449,"weighted_median",0.0170017419131567,0.118236477562882,0.885662834663304,0.0170017419131567,0.11778506259347,0.885227663016001,0,0.000451414969412409,0.000435171647302557,0.00383253155767679
449,"simple_mode",-0.111894601980645,1.48301870390725,0.940042265870613,-0.111894601980645,1.4549621643527,0.938888363894154,0,0.0280565395545556,0.00115390197645904,0.0192833464965309
449,"weighted_mode",-0.111894601980645,1.44696871522364,0.938551445378135,-0.111894601980645,1.40224398870845,0.936595679378992,0,0.0447247265151935,0.00195576599914304,0.0318951101772151
450,"ivw",0.0989375544477747,0.146115993673776,0.498332022518585,0.0989375544477747,0.146115993673776,0.498332022518585,0,2.77555756156289e-17,1.66533453693773e-16,1.8995576676977e-16
450,"egger",-0.0811052103124939,0.242341996552017,0.73874800051182,-0.0811052103124939,0.242341996552017,0.73874800051182,4.16333634234434e-17,0,2.22044604925031e-16,0
450,"weighted_median",-0.19304177452155,0.10864636568995,0.0756028001855704,-0.19304177452155,0.110251997001069,0.0799607101182851,0,0.00160563131111922,0.00435790993271475,0.0145632855167572
450,"simple_mode",0.0177928457802547,2.35128579846112,0.993980845677381,0.0177928457802547,2.57339192356265,0.994500342317454,0,0.222106125101527,0.000519496640073558,0.0863087052803211
450,"weighted_mode",0.0177928457802547,2.34646868576808,0.993968489074091,0.0177928457802547,2.51063543626754,0.994362873764962,0,0.164166750499462,0.000394384690870386,0.0653885259994264
451,"ivw",0.0399334912542735,0.094295661850387,0.671936080216706,0.0399334912542736,0.094295661850387,0.671936080216706,4.16333634234434e-17,4.16333634234434e-17,1.11022302462516e-16,4.4151939343191e-16
451,"egger",0.0471168941684724,0.145603720875301,0.747087752750093,0.0471168941684725,0.145603720875301,0.747087752750092,1.04083408558608e-16,2.77555756156289e-17,6.66133814775094e-16,1.90624081917519e-16
451,"weighted_median",0.0357236820130312,0.0896039788495587,0.690125982107037,0.0357236820130312,0.086143000958858,0.678360006635789,0,0.00346097789070071,0.0117659754712478,0.0401771223683475
451,"simple_mode",0.0861618061155603,0.185256073288435,0.643110864337482,0.0861618061155612,0.17606562084717,0.625900109206643,8.88178419700125e-16,0.00919045244126424,0.0172107551308388,0.0521990175994766
451,"weighted_mode",0.0474068810652561,0.0908052439395088,0.603044984894588,0.047406881065257,0.0974693624242907,0.628013082742147,8.88178419700125e-16,0.00666411848478185,0.0249680978475597,0.0683714176334969
452,"ivw",-0.127719934687613,0.0961445739885413,0.18404090795296,-0.127719934687613,0.0961445739885413,0.184040907952959,8.32667268468867e-17,4.16333634234434e-17,8.32667268468867e-17,4.33028736789715e-16
452,"egger",0.158146941279564,0.142234732838013,0.26952305136342,0.158146941279563,0.142234732838012,0.269523051363421,3.88578058618805e-16,5.55111512312578e-17,1.11022302462516e-15,3.90278451146515e-16
452,"weighted_median",0.125070169340948,0.0927703842200398,0.177603986963265,0.125070169340948,0.0933871882896357,0.180484500037501,0,0.000616804069595925,0.00288051307423526,0.00660480394465821
452,"simple_mode",0.134578341708621,0.409517298665986,0.743285918351448,0.134578341708621,0.392342645006347,0.732477854114861,0,0.0171746536596388,0.0108080642365871,0.0437746288307786
452,"weighted_mode",0.134578341708621,0.383103553394714,0.726287020930141,0.134578341708621,0.355985059899283,0.70638613900165,0,0.0271184934954319,0.0199008819284907,0.0761787404873239
453,"ivw",0.058937597611019,0.0953719190275707,0.536590878669219,0.058937597611019,0.0953719190275707,0.536590878669219,2.08166817117217e-17,1.38777878078145e-17,1.11022302462516e-16,1.45512305396755e-16
453,"egger",0.0186229564800177,0.148706796540352,0.900653484277491,0.0186229564800175,0.148706796540352,0.900653484277492,2.0122792321331e-16,2.77555756156289e-17,9.99200722162641e-16,1.86646315174286e-16
453,"weighted_median",0.0316974092209613,0.0948013730348775,0.738110926896767,0.0316974092209613,0.09503823055569,0.73873974168042,2.08166817117217e-17,0.000236857520812553,0.000628814783652731,0.00249223411912915
453,"simple_mode",0.176561732557045,0.738585737862115,0.811667679548163,0.176561732557045,0.683920875376879,0.796937431728609,0,0.0546648624852358,0.0147302478195545,0.0799286356848113
453,"weighted_mode",0.00171332358350679,0.693640817094668,0.998035264984866,0.00171332358350679,0.66066167549236,0.997937188869477,0,0.032979141602308,9.80761153892562e-05,0.0499183512918774
454,"ivw",0.0338410770360944,0.139909893733148,0.8088749646791,0.0338410770360944,0.139909893733148,0.8088749646791,1.38777878078145e-17,2.77555756156289e-17,1.11022302462516e-16,1.98381793274516e-16
454,"egger",0.156385876782044,0.202023484223471,0.441154814096871,0.156385876782045,0.202023484223471,0.44115481409687,4.16333634234434e-16,1.11022302462516e-16,9.99200722162641e-16,5.49551468678298e-16
454,"weighted_median",0.0427927996609455,0.113256961246446,0.705550838160716,0.0427927996609455,0.10995299116024,0.697134288289197,1.38777878078145e-17,0.00330397008620563,0.0084165498715193,0.0300489331971931
454,"simple_mode",0.248669911993048,0.837020696915217,0.767158856178544,0.248669911993048,0.909939892992731,0.785332272467727,0,0.0729191960775147,0.0181734162891823,0.0801362778344495
454,"weighted_mode",0.248669911993048,0.836719639421762,0.767077543678867,0.248669911993048,0.885016136214637,0.779443882859814,0,0.0482964967928753,0.0123663391809472,0.0545713177608801
455,"ivw",0.0560905018148233,0.110604731223966,0.61206662311825,0.0560905018148233,0.110604731223966,0.61206662311825,2.77555756156289e-17,5.55111512312578e-17,2.22044604925031e-16,5.01887673492482e-16
455,"egger",0.0760083610671085,0.182563107444297,0.678275960963022,0.0760083610671087,0.182563107444297,0.678275960963021,1.80411241501588e-16,8.32667268468867e-17,5.55111512312578e-16,4.56098321356042e-16
455,"weighted_median",0.334410981982329,0.110103601199811,0.00238755849756583,0.334410981982329,0.109241969902321,0.00220455400534514,0,0.000861631297489798,0.000183004492220691,0.00788736506912338
455,"simple_mode",-0.059908332901234,0.556141668633317,0.914483110780216,-0.059908332901234,0.56990215486067,0.916540163255611,0,0.0137604862273527,0.00205705247539512,0.0241453486532559
455,"weighted_mode",0.292437584433107,0.583172534260568,0.617407767202992,0.292437584433107,0.568244166319503,0.608210455860998,0,0.0149283679410651,0.00919731134199386,0.0262710447830122
456,"ivw",-0.0471288927506555,0.102858841529139,0.646815942593833,-0.0471288927506555,0.102858841529139,0.646815942593833,6.93889390390723e-18,2.77555756156289e-17,0,2.69841417645812e-16
456,"egger",-0.0771948906336939,0.149155943018932,0.606204039174361,-0.0771948906336939,0.149155943018932,0.606204039174362,5.55111512312578e-17,8.32667268468867e-17,1.11022302462516e-16,5.58252826951172e-16
456,"weighted_median",-0.0497999247286144,0.0782576321335146,0.524542655820147,-0.0497999247286143,0.0745583504588013,0.504176857725695,4.16333634234434e-17,0.00369928167471328,0.0203657980944514,0.049615927014874
456,"simple_mode",0.265211842541648,0.241293873799738,0.274970241880485,0.265211842541648,0.238332146354859,0.269093445404322,0,0.00296172744487919,0.00587679647616285,0.0124268903300581
456,"weighted_mode",0.00524470075357009,0.210755795902655,0.98020773525596,0.00524470075357009,0.207657196992713,0.979912464069544,0,0.00309859890994144,0.000295271186416368,0.0149217024731879
457,"ivw",0.113617676038066,0.0782525374359471,0.146519402019013,0.113617676038066,0.0782525374359471,0.146519402019013,2.77555756156289e-17,0,5.55111512312578e-17,0
457,"egger",0.0828739543612341,0.108165249499963,0.445824616221822,0.0828739543612339,0.108165249499963,0.445824616221823,2.08166817117217e-16,2.77555756156289e-17,9.99200722162641e-16,2.56603444673221e-16
457,"weighted_median",0.132883754802679,0.0532115656407992,0.0125152905674735,0.132883754802679,0.0549902824695601,0.0156707319327984,0,0.00177871682876089,0.00315544136532496,0.032346020949165
457,"simple_mode",0.14423545438175,0.595965799728167,0.809376609597219,0.14423545438175,0.585491412760688,0.80603500187213,0,0.0104743869674789,0.00334160772508918,0.0178899070749654
457,"weighted_mode",0.14423545438175,0.57412656846902,0.802275714816935,0.14423545438175,0.62049008462521,0.816771681092433,0,0.0463635161561907,0.0144959662754988,0.0747208010329372
458,"ivw",-0.016367682948342,0.107192165999658,0.878638986693992,-0.0163676829483421,0.107192165999658,0.878638986693992,3.46944695195361e-17,2.77555756156289e-17,2.22044604925031e-16,2.58932874028477e-16
458,"egger",0.038252603035309,0.155038616634106,0.805749588813403,0.0382526030353092,0.155038616634106,0.805749588813402,1.87350135405495e-16,2.77555756156289e-17,8.88178419700125e-16,1.79023627907701e-16
458,"weighted_median",0.0306793981948738,0.0811398430567952,0.705352430817564,0.0306793981948738,0.0802973015207777,0.702407520154236,0,0.000842541536017413,0.00294491066332747,0.0104927752248237
458,"simple_mode",0.107323522211316,0.525741300311669,0.838758073299303,0.107323522211316,0.50848769150167,0.833367319322247,0,0.0172536088099995,0.00539075397705602,0.0339312221285947
458,"weighted_mode",-0.00608059478553645,0.495173113718805,0.990232630036864,-0.00608059478553645,0.450815910558417,0.989271643971418,0,0.0443572031603875,0.000960986065445923,0.098393162533778
459,"ivw",-0.0424277884708168,0.137356171949049,0.757406087190198,-0.0424277884708168,0.137356171949049,0.757406087190198,2.08166817117217e-17,0,1.11022302462516e-16,0
459,"egger",0.158214655495363,0.215032523345525,0.464022002080434,0.158214655495362,0.215032523345525,0.464022002080434,2.4980018054066e-16,1.66533453693773e-16,4.44089209850063e-16,7.74457050044375e-16
459,"weighted_median",-0.153348655782535,0.111042611808992,0.167282258854627,-0.153348655782535,0.10894677086954,0.159262652684733,0,0.00209584093945166,0.00801960616989483,0.0192372928791194
459,"simple_mode",-0.189176222903366,0.529154841874714,0.72164260556268,-0.189176222903366,0.54940881927861,0.731492821753195,0,0.0202539774038966,0.00985021619051507,0.0368650387347087
459,"weighted_mode",-0.189176222903366,0.50729657191401,0.710189121026051,-0.189176222903366,0.504158100916248,0.70846875148998,0,0.00313847099776265,0.0017203695360708,0.00622517220700977
460,"ivw",0.121457027207258,0.119165413906703,0.30809353885638,0.121457027207257,0.119165413906703,0.308093538856381,1.80411241501588e-16,4.16333634234434e-17,5.55111512312578e-16,3.49374554734807e-16
460,"egger",-0.0279863028844087,0.168940743809984,0.868844410028878,-0.0279863028844088,0.168940743809984,0.868844410028877,1.38777878078145e-16,8.32667268468867e-17,5.55111512312578e-16,4.92875341785762e-16
460,"weighted_median",0.0798530198016285,0.0856637369527085,0.351249556642641,0.0798530198016285,0.0873416649844379,0.360580067980696,1.38777878078145e-17,0.00167792803172943,0.00933051133805501,0.019211083645227
460,"simple_mode",0.228707435820394,0.380557160512201,0.5495310678508,0.228707435820394,0.371304302725397,0.539650064959752,0,0.00925285778680351,0.00988100289104832,0.0249198776283683
460,"weighted_mode",0.134775341923693,0.34777173423356,0.699373207540712,0.134775341923693,0.353195504401796,0.703765798626471,0,0.00542377016823592,0.00439259108575951,0.0153562831367917
461,"ivw",0.106664021905735,0.110546208054804,0.334604028726275,0.106664021905735,0.110546208054804,0.334604028726274,1.66533453693773e-16,0,7.21644966006352e-16,0
461,"egger",0.372814461221102,0.180681545142575,0.0423196465377139,0.372814461221103,0.180681545142575,0.0423196465377138,1.66533453693773e-16,2.77555756156289e-17,9.71445146547012e-17,1.53615996551984e-16
461,"weighted_median",0.080076168883978,0.113625492268281,0.480973480910289,0.080076168883978,0.105277047770478,0.446882136276955,0,0.00834844449780309,0.0340913446333333,0.079299758823064
461,"simple_mode",-0.0207810531546902,0.297489658879723,0.944481474843795,-0.0207810531546902,0.281022006380337,0.941233968677063,0,0.016467652499386,0.00324750616673208,0.0585991563845664
461,"weighted_mode",0.117251924120667,0.255625383053296,0.647687682598595,0.117251924120667,0.243780976264996,0.631832786821274,0,0.0118444067882999,0.0158548957773212,0.0485862636608065
462,"ivw",-0.000363197495356433,0.125611725462115,0.997692975960562,-0.000363197495356472,0.125611725462115,0.997692975960562,3.86518074491082e-17,0,2.22044604925031e-16,0
462,"egger",-0.111685864328367,0.184424081397884,0.546499572339033,-0.111685864328367,0.184424081397884,0.546499572339033,6.93889390390723e-17,5.55111512312578e-17,1.11022302462516e-16,3.00997303662832e-16
462,"weighted_median",-0.00275159101436018,0.0918609988905251,0.976103855246354,-0.00275159101436015,0.086420727618192,0.974600062229464,2.77555756156289e-17,0.00544027127233301,0.0015037930168903,0.0629510005558875
462,"simple_mode",0.052844888885845,0.483587466620495,0.913253221204478,0.052844888885845,0.537235924831851,0.921885955393479,0,0.0536484582113566,0.00863273418900046,0.0998601465978805
462,"weighted_mode",0.052844888885845,0.463860583844743,0.909579885980947,0.052844888885845,0.493907635992584,0.915058724616697,0,0.0300470521478417,0.00547883863575049,0.0608353666925142
463,"ivw",-0.105738662789104,0.121824616824829,0.385417271509502,-0.105738662789104,0.121824616824829,0.385417271509502,6.93889390390723e-17,4.16333634234434e-17,1.66533453693773e-16,3.41748363414167e-16
463,"egger",0.282619990271292,0.172817829073549,0.105901709483581,0.282619990271291,0.172817829073549,0.105901709483582,7.7715611723761e-16,1.11022302462516e-16,7.07767178198537e-16,6.42423892590772e-16
463,"weighted_median",-0.0446610344023989,0.0895063704367466,0.617800197978849,-0.0446610344023989,0.0896289328579577,0.618280964722498,0,0.000122562421211114,0.000480766743649497,0.00136744260255055
463,"simple_mode",0.139175867410841,0.827557945533978,0.866863578271614,0.139175867410841,0.817115840913687,0.865178680871166,0,0.0104421046202909,0.00168489740044775,0.0127792218648151
463,"weighted_mode",-0.0921063018675087,0.823301538780834,0.911199828857166,-0.0921063018675087,0.805835978931048,0.909283567338476,0,0.0174655598497859,0.00191626151869073,0.0216738397222648
464,"ivw",-0.0257173582845879,0.144612414249672,0.858851421128729,-0.0257173582845879,0.144612414249672,0.858851421128729,1.38777878078145e-17,2.77555756156289e-17,0,1.91930794874285e-16
464,"egger",-0.23746885177433,0.228142888864456,0.301067812480262,-0.23746885177433,0.228142888864456,0.301067812480262,3.88578058618805e-16,1.38777878078145e-16,6.10622663543836e-16,6.08293682826973e-16
464,"weighted_median",-0.13049710493682,0.123168679717795,0.289372540279582,-0.13049710493682,0.117205845164367,0.265536246715501,2.77555756156289e-17,0.00596283455342871,0.0238362935640808,0.0508748906256899
464,"simple_mode",0.0314371603282753,0.447052261734247,0.944111498091242,0.0314371603282753,0.44661643949449,0.944057051425358,0,0.000435822239757078,5.44466658837228e-05,0.000975831163425982
464,"weighted_mode",-0.070554273964984,0.426948690466058,0.869157099977529,-0.070554273964984,0.394928801284117,0.85865813194276,0,0.0320198891819404,0.0104989680347694,0.0810776248220621
465,"ivw",-0.0848530907580842,0.111119341074908,0.445092978730827,-0.0848530907580842,0.111119341074908,0.445092978730827,1.38777878078145e-17,1.38777878078145e-17,2.77555756156289e-16,1.24890839646531e-16
465,"egger",-0.176854479617044,0.158230820675432,0.26704075151299,-0.176854479617044,0.158230820675432,0.267040751512991,5.55111512312578e-17,2.77555756156289e-17,3.88578058618805e-16,1.7541194248472e-16
465,"weighted_median",-0.361718372611913,0.0718243892699246,4.7498927291183e-07,-0.361718372611913,0.0702376344995512,2.60594148208121e-07,0,0.00158675477037343,2.14395124703709e-07,0.0225912330573087
465,"simple_mode",-0.215636833125986,0.273263821370672,0.432347999350192,-0.215636833125986,0.262045409023181,0.412981671464854,0,0.0112184123474907,0.0193663278853377,0.0428109478784965
465,"weighted_mode",-0.215636833125986,0.199413191774657,0.282747352354521,-0.215636833125986,0.206391478768311,0.299225646918762,0,0.00697828699365385,0.0164782945642416,0.033810925893348
466,"ivw",0.0364061627962852,0.138607243976374,0.792814962816723,0.0364061627962851,0.138607243976374,0.792814962816724,3.46944695195361e-17,2.77555756156289e-17,1.11022302462516e-16,2.00246212386706e-16
466,"egger",-0.187002312149166,0.208570560496599,0.372627781106545,-0.187002312149166,0.208570560496599,0.372627781106545,1.11022302462516e-16,8.32667268468867e-17,0,3.9922569440592e-16
466,"weighted_median",-0.0228854207083485,0.118088491906992,0.84633334256079,-0.0228854207083485,0.112640018951638,0.838999745234683,0,0.0054484729553548,0.00733359732610661,0.0483706679567776
466,"simple_mode",0.0219465416169591,0.636659440642144,0.972586055756005,0.0219465416169591,0.678828778376746,0.974288409463808,0,0.0421693377346015,0.00170235370780303,0.0621207277561792
466,"weighted_mode",-0.152370271287113,0.612429686718796,0.804148065146553,-0.152370271287113,0.554571755136145,0.784205555083389,0,0.0578579315826513,0.0199425100631636,0.104329026941604
467,"ivw",0.102568165640411,0.125285312822067,0.412970897347049,0.102568165640411,0.125285312822067,0.412970897347049,2.77555756156289e-17,0,5.55111512312578e-17,0
467,"egger",-0.0137539920973236,0.188696109528358,0.942075868509388,-0.0137539920973236,0.188696109528358,0.942075868509388,1.73472347597681e-18,2.77555756156289e-17,0,1.47091403659585e-16
467,"weighted_median",-0.0182014770094792,0.103687139837011,0.860653551305715,-0.0182014770094792,0.0998887270142352,0.855412017144309,0,0.00379841282277588,0.00524153416140616,0.0380264413844674
467,"simple_mode",0.0451188921811723,0.329980034084121,0.891581767908962,0.0451188921811723,0.341193951751313,0.895123785342076,0,0.0112139176671915,0.00354201743311411,0.0328666953491751
467,"weighted_mode",0.0451188921811723,0.281972225625157,0.873270112714632,0.0451188921811723,0.278583433251243,0.871742035890487,0,0.00338879237391404,0.00152807682414513,0.0121643714931815
468,"ivw",-0.126705828562906,0.111201712819106,0.254526619906256,-0.126705828562906,0.111201712819106,0.254526619906256,2.77555756156289e-17,1.38777878078145e-17,2.77555756156289e-16,1.24798327795451e-16
468,"egger",-0.267455053149019,0.161195739953749,0.100992278592688,-0.267455053149019,0.161195739953749,0.100992278592689,1.66533453693773e-16,0,1.38777878078145e-16,0
468,"weighted_median",0.049488273050357,0.107943613539207,0.646619039360974,0.049488273050357,0.104161129278741,0.634706662694551,0,0.00378248426046557,0.011912376666423,0.0363137793019066
468,"simple_mode",-0.368696281184324,0.386229396819659,0.342618052429709,-0.368696281184324,0.361496717206305,0.310804945812303,0,0.0247326796133541,0.0318131066174058,0.0684174390420239
468,"weighted_mode",-0.113309212843168,0.325990504883634,0.729053911904153,-0.113309212843168,0.306140588722528,0.712257996137023,0,0.0198499161611062,0.0167959157671305,0.0648392173149482
469,"ivw",-0.066774949020305,0.124183846575627,0.590776980346342,-0.066774949020305,0.124183846575627,0.590776980346342,1.38777878078145e-17,1.38777878078145e-17,0,1.1175195639767e-16
469,"egger",-0.0225161123990602,0.198238756849396,0.90985467906859,-0.0225161123990602,0.198238756849396,0.90985467906859,3.46944695195361e-17,2.77555756156289e-17,1.11022302462516e-16,1.400108437762e-16
469,"weighted_median",-0.155854362995863,0.100024506188324,0.119194901667569,-0.155854362995863,0.0973289139230469,0.10930691089662,0,0.00269559226527734,0.00988799077094896,0.0276956986020476
469,"simple_mode",-0.35245559522735,0.271372675325638,0.197701919485045,-0.35245559522735,0.244746535314318,0.153697597378394,0,0.02662614001132,0.0440043221066508,0.108790671856193
469,"weighted_mode",-0.164669247555062,0.20460408695731,0.423280222307199,-0.164669247555062,0.210489449772326,0.436309980412374,0,0.00588536281501575,0.0130297581051745,0.0279603696117862
470,"ivw",-0.0441332293180809,0.139053348881842,0.75095267601943,-0.0441332293180809,0.139053348881842,0.750952676019431,6.2450045135165e-17,2.77555756156289e-17,3.33066907387547e-16,1.99603791198252e-16
470,"egger",-0.0431709833144475,0.220285582016425,0.845124851826754,-0.0431709833144476,0.220285582016425,0.845124851826754,3.46944695195361e-17,8.32667268468867e-17,1.11022302462516e-16,3.77994447410898e-16
470,"weighted_median",-0.107746481389877,0.11656582367835,0.355309198261136,-0.107746481389877,0.116836484750181,0.35642482037013,1.38777878078145e-17,0.00027066107183063,0.00111562210899407,0.00231658006836953
470,"simple_mode",-0.125940435590089,0.388262163071094,0.746494420664096,-0.125940435590089,0.398819428639698,0.752979373615535,0,0.0105572655686042,0.00648495295143825,0.0264712920446558
470,"weighted_mode",-0.125940435590089,0.368544442901243,0.733443682398732,-0.125940435590089,0.379346990987855,0.740752310003352,0,0.0108025480866122,0.00730862760461959,0.0284766937480678
471,"ivw",-0.12907521155883,0.114409417616932,0.259240975367269,-0.12907521155883,0.114409417616932,0.259240975367269,2.77555756156289e-17,2.77555756156289e-17,0,2.42598696800998e-16
471,"egger",-0.00924159132500538,0.163937437306066,0.955185485150455,-0.00924159132500546,0.163937437306066,0.955185485150454,8.15320033709099e-17,5.55111512312578e-17,4.44089209850063e-16,3.38611803035692e-16
471,"weighted_median",-0.105917717746112,0.0878202110099067,0.227788763181929,-0.105917717746112,0.0872507302507961,0.224768158354682,1.38777878078145e-17,0.000569480759110633,0.00302060482724675,0.00652694547625791
471,"simple_mode",-0.319439123608089,0.562120057264571,0.571419909748437,-0.319439123608089,0.530801798897702,0.548984801612609,0,0.0313182583668684,0.0224351081358282,0.0590017939500317
471,"weighted_mode",-0.0648464103159899,0.516215089109645,0.900344810631412,-0.0648464103159899,0.516382039275789,0.900376858798557,0,0.000166950166143209,3.20481671446382e-05,0.000323307461230356
472,"ivw",-0.15340176775148,0.141420149548293,0.278044110823222,-0.15340176775148,0.141420149548293,0.278044110823222,0,8.32667268468867e-17,2.77555756156289e-16,5.8878969590152e-16
472,"egger",-0.0681878109786732,0.241932683710532,0.778789244281316,-0.0681878109786734,0.241932683710532,0.778789244281315,1.94289029309402e-16,2.77555756156289e-16,4.44089209850063e-16,1.14724373697429e-15
472,"weighted_median",-0.0857768904421536,0.124406610420263,0.490516093606753,-0.0857768904421536,0.123551082642073,0.487517568430739,0,0.000855527778190271,0.00299852517601401,0.0069244862925947
472,"simple_mode",-0.175184012565442,0.301680976191073,0.56305959286141,-0.175184012565442,0.288236814311417,0.545034979972056,0,0.0134441618796554,0.0180246128893541,0.0466427646023386
472,"weighted_mode",0.0722791758173207,0.239587651728847,0.763668010046634,0.0722791758173207,0.232047401268855,0.756232589103568,0,0.00754025045999199,0.00743542094306626,0.0324944404408808
473,"ivw",-0.176925608784384,0.125819535293799,0.159669042489505,-0.176925608784384,0.125819535293799,0.159669042489505,2.77555756156289e-17,2.77555756156289e-17,1.94289029309402e-16,2.20598300183014e-16
473,"egger",-0.306066631385598,0.17588768040449,0.0856824266581857,-0.306066631385598,0.17588768040449,0.0856824266581859,3.33066907387547e-16,8.32667268468867e-17,1.94289029309402e-16,4.7340852216254e-16
473,"weighted_median",-0.144340125553124,0.0659663184062505,0.0286631753520239,-0.144340125553124,0.0648196514359504,0.0259609263121228,5.55111512312578e-17,0.00114666697030011,0.00270224903990111,0.017690113181697
473,"simple_mode",-0.4616384513025,0.370082786200714,0.215848153901448,-0.4616384513025,0.337924977975654,0.175689261904917,0,0.0321578082250601,0.0401588919965311,0.0951625666078373
473,"weighted_mode",-0.154634071555569,0.292597408097547,0.598606104297904,-0.154634071555569,0.292256460415569,0.598180315279873,0,0.000340947681978343,0.000425789018030365,0.00116660443192099
474,"ivw",-0.0911893860014288,0.168936048614441,0.589344328846504,-0.0911893860014288,0.168936048614441,0.589344328846504,2.77555756156289e-17,8.32667268468867e-17,1.11022302462516e-16,4.92889040141602e-16
474,"egger",-0.235449043091964,0.254080041290457,0.35688370753038,-0.235449043091965,0.254080041290457,0.356883707530379,3.05311331771918e-16,1.66533453693773e-16,4.44089209850063e-16,6.55436975088482e-16
474,"weighted_median",0.00415259339206398,0.111697849093954,0.970343859739369,0.00415259339206399,0.1079201672383,0.969306267592289,1.04083408558608e-17,0.00377768185565376,0.00103759214707999,0.0350044106891736
474,"simple_mode",0.121815611201875,0.294241105320996,0.6799688252061,0.121815611201875,0.277357662213534,0.66168573350138,0,0.0168834431074617,0.0182830917047194,0.0608724596707314
474,"weighted_mode",-0.0740864713744173,0.24214410204858,0.760419898536986,-0.0740864713744173,0.249676600254386,0.767432405973659,0,0.00753249820580532,0.00701250743667303,0.0301690194360655
475,"ivw",0.0736943697162261,0.12457785647928,0.554150142857064,0.0736943697162262,0.12457785647928,0.554150142857064,1.2490009027033e-16,2.77555756156289e-17,4.44089209850063e-16,2.22797023484228e-16
475,"egger",0.305711268227934,0.176622670344796,0.0873299424586797,0.305711268227934,0.176622670344796,0.0873299424586793,3.33066907387547e-16,2.77555756156289e-17,3.7470027081099e-16,1.57146166805459e-16
475,"weighted_median",0.160852651178526,0.080056344909064,0.0445113687994651,0.160852651178526,0.0770577473249299,0.0368492852228898,0,0.00299859758413409,0.00766208357657534,0.0389136418884644
475,"simple_mode",0.383139362097704,0.425516690680342,0.370571537399885,0.383139362097704,0.401591873815106,0.342896082879281,3.33066907387547e-16,0.0239248168652358,0.0276754545206042,0.0595749526452094
475,"weighted_mode",0.218346194186783,0.392443688071693,0.579487792559615,0.218346194186782,0.376565872519449,0.563635070402959,3.05311331771918e-16,0.0158778155522437,0.0158527221566561,0.0421647757031504
476,"ivw",-0.0719766702333713,0.0902003584600298,0.424891179572654,-0.0719766702333713,0.0902003584600298,0.424891179572654,0,0,0,0
476,"egger",-0.244949269396356,0.154946590858818,0.117855343291419,-0.244949269396356,0.154946590858818,0.117855343291418,1.94289029309402e-16,5.55111512312578e-17,2.08166817117217e-16,3.5825990700136e-16
476,"weighted_median",0.0578262944719638,0.0772132948473338,0.453907660019463,0.0578262944719638,0.0775945386310108,0.456128666991908,1.38777878078145e-17,0.000381243783676974,0.0022210069724441,0.00491328114585385
476,"simple_mode",-0.0226652016274404,0.207728140627837,0.913385156843689,-0.0226652016274404,0.212638606882675,0.915377607861878,0,0.00491046625483854,0.00199245101818946,0.0230930136668358
476,"weighted_mode",0.0312211872197181,0.161593651778458,0.847279719939734,0.0312211872197181,0.157273784069277,0.843139652354107,0,0.00431986770918114,0.00414006758562713,0.0274671823708285
477,"ivw",0.129981242440088,0.0912520607027416,0.154324984715629,0.129981242440088,0.0912520607027415,0.15432498471563,1.66533453693773e-16,1.38777878078145e-17,4.71844785465692e-16,1.52081911366606e-16
477,"egger",0.296957480680029,0.152449865830105,0.0549341281100262,0.296957480680028,0.152449865830105,0.0549341281100265,6.10622663543836e-16,8.32667268468867e-17,3.2612801348364e-16,5.46190883104363e-16
477,"weighted_median",0.204753623036964,0.0979104615209035,0.0365071505928173,0.204753623036964,0.095989590882851,0.0329180389426748,2.22044604925031e-16,0.0019208706380525,0.00358911165014251,0.0200112389310712
477,"simple_mode",0.185515778798713,0.750960272498136,0.805503819314016,0.185515778798713,0.691566398539724,0.789185436941592,0,0.0593938739584123,0.0163183823724236,0.0858831112729384
477,"weighted_mode",0.185515778798713,0.74126477292572,0.803012819264361,0.185515778798713,0.655836238249621,0.777998841422726,0,0.0854285346760983,0.0250139778416346,0.130258942238539
478,"ivw",-0.0220399840825298,0.0919294746090278,0.810524976937287,-0.0220399840825298,0.0919294746090278,0.810524976937287,3.46944695195361e-17,1.38777878078145e-17,3.33066907387547e-16,1.50961243571076e-16
478,"egger",0.0519814567225774,0.166416623061336,0.755581679464897,0.0519814567225774,0.166416623061336,0.755581679464897,1.38777878078145e-17,2.77555756156289e-17,0,1.66783672838975e-16
478,"weighted_median",0.00271875339828915,0.090761113663925,0.976102904603708,0.00271875339828923,0.0881392633253986,0.975392267559272,8.15320033709099e-17,0.0026218503385264,0.000710637044436191,0.0297466786039142
478,"simple_mode",-0.0972533529722628,0.289794842600215,0.738044877136403,-0.0972533529722628,0.281016109677696,0.730181781406844,0,0.00877873292251891,0.00786309572955901,0.0312392514884198
478,"weighted_mode",-0.00530009097204419,0.270175427180839,0.984396969435888,-0.00530009097204419,0.259584279061734,0.983760446999742,0,0.0105911481191053,0.000636522436145981,0.0408004219569343
479,"ivw",0.0947730918350515,0.127299659679216,0.456581189995022,0.0947730918350515,0.127299659679216,0.456581189995022,0,0,0,0
479,"egger",0.2078187818521,0.21732003397531,0.341811740473762,0.2078187818521,0.21732003397531,0.341811740473763,3.05311331771918e-16,5.55111512312578e-17,6.66133814775094e-16,2.55435038435364e-16
479,"weighted_median",0.00610466788857696,0.108796931339178,0.955253649925437,0.00610466788857697,0.114213693854927,0.957373744913769,6.07153216591882e-18,0.00541676251574845,0.00212009498833221,0.0474265592235268
479,"simple_mode",-0.173819525848222,0.421364400460598,0.681051122943264,-0.173819525848222,0.416418000140781,0.677478507186482,0,0.00494640031981747,0.0035726157567818,0.0118784498224025
479,"weighted_mode",-0.173819525848222,0.376603961693832,0.645645041569305,-0.173819525848222,0.400517598224242,0.665451487692066,0,0.0239136365304101,0.0198064461227609,0.0597068309518357
480,"ivw",-0.163990099318048,0.0891484217154593,0.0658390775395246,-0.163990099318048,0.0891484217154593,0.0658390775395247,2.77555756156289e-17,4.16333634234434e-17,6.93889390390723e-17,4.67011783521274e-16
480,"egger",-0.00463243817627118,0.145120634526783,0.97461432486585,-0.00463243817627121,0.145120634526783,0.97461432486585,2.68882138776405e-17,2.77555756156289e-17,2.22044604925031e-16,1.91258642894828e-16
480,"weighted_median",-0.169974698800129,0.105221228870324,0.106223430396473,-0.169974698800129,0.109798815318124,0.12160884956488,2.77555756156289e-17,0.00457758644779997,0.0153854191684068,0.0416906724770862
480,"simple_mode",0.0767273363756482,0.177349115737124,0.666430084306661,0.0767273363756482,0.173588357333385,0.659661749155456,0,0.0037607584037383,0.00676833515120523,0.0216648078333708
480,"weighted_mode",-0.145317060711308,0.0957245997198774,0.13288921138875,-0.145317060711308,0.0940273136474034,0.126129151278771,0,0.00169728607247394,0.00676006010997848,0.0180509897245246
481,"ivw",-0.0393412805498391,0.111705994620129,0.724698821719965,-0.0393412805498392,0.111705994620129,0.724698821719964,6.93889390390723e-17,2.77555756156289e-17,4.44089209850063e-16,2.4846988480802e-16
481,"egger",-0.159984312438763,0.194014550348829,0.412050878126736,-0.159984312438764,0.194014550348829,0.412050878126735,3.33066907387547e-16,8.32667268468867e-17,8.88178419700125e-16,4.29177743098016e-16
481,"weighted_median",0.0058981524257104,0.0955952845853069,0.950802378372606,0.00589815242571041,0.101100611019106,0.953478257184479,8.67361737988404e-18,0.00550532643379913,0.0026758788118727,0.0544539382928035
481,"simple_mode",-0.121482801967398,0.147974307733905,0.414071769671064,-0.121482801967398,0.139189576527216,0.385359384282425,0,0.00878473120668855,0.0287123853886394,0.0631134272110588
481,"weighted_mode",-0.0297682151137453,0.0899712336902561,0.741601818189063,-0.0297682151137453,0.0898759291603571,0.741337793248828,0,9.53045298990735e-05,0.000264024940235252,0.00106040105275608
482,"ivw",-0.111655480147533,0.104802577492881,0.286700075309704,-0.111655480147533,0.104802577492881,0.286700075309704,2.77555756156289e-17,2.77555756156289e-17,0,2.64836765274349e-16
482,"egger",-0.144327359234469,0.182495843042352,0.431368191074799,-0.144327359234469,0.182495843042352,0.4313681910748,5.27355936696949e-16,0,1.66533453693773e-15,0
482,"weighted_median",0.162127891667893,0.0949723071003407,0.0878021635219217,0.162127891667893,0.0938439258587782,0.0840539880324328,8.32667268468867e-17,0.00112838124156249,0.0037481754894889,0.0120240200016839
482,"simple_mode",0.327862548619248,0.195877994040856,0.0980255800797413,0.327862548619248,0.188213745120321,0.0853097830849788,0,0.00766424892053474,0.0127157969947626,0.0407209840898451
482,"weighted_mode",0.179665719552634,0.160377968584265,0.265911793459265,0.179665719552634,0.156177461748316,0.253366318065688,0,0.00420050683594961,0.0125454753935775,0.0268957299531403
483,"ivw",-0.0376298272523965,0.121746799342004,0.757258632492706,-0.0376298272523965,0.121746799342004,0.757258632492706,4.16333634234434e-17,5.55111512312578e-17,1.11022302462516e-16,4.55955733795672e-16
483,"egger",-0.0103542992956966,0.208023035728715,0.960425934158197,-0.0103542992956962,0.208023035728715,0.960425934158198,3.81639164714898e-16,8.32667268468867e-17,1.4432899320127e-15,4.00276472051276e-16
483,"weighted_median",0.0671524838717054,0.0976402205277921,0.49160750406107,0.0671524838717054,0.0984405759979115,0.495136111113528,2.77555756156289e-17,0.000800355470119363,0.00352860705245822,0.00813034119321227
483,"simple_mode",0.0501390263785797,0.251468042208696,0.842461046382382,0.0501390263785797,0.245942207235877,0.838970262974019,0,0.00552583497281933,0.00349078340836295,0.0224680222029545
483,"weighted_mode",0.0501390263785797,0.191655090196266,0.794285662004716,0.0501390263785797,0.186641362642935,0.788891028113453,0,0.00501372755333143,0.00539463389126338,0.0268628962108643
484,"ivw",-0.318003444247484,0.125370146794461,0.0111961470821014,-0.318003444247485,0.125370146794461,0.0111961470821014,1.66533453693773e-16,5.55111512312578e-17,1.73472347597681e-17,4.42778066793411e-16
484,"egger",-0.631767866419133,0.204051661727079,0.00270294816395576,-0.631767866419132,0.204051661727078,0.00270294816395577,4.44089209850063e-16,1.11022302462516e-16,3.90312782094782e-18,5.44089185664213e-16
484,"weighted_median",-0.231220648533743,0.120630864651574,0.0552681839270356,-0.231220648533742,0.120498616449567,0.0550013466332863,1.0547118733939e-15,0.000132248202006607,0.000266837293749281,0.00109750805364606
484,"simple_mode",0.102185448736484,0.243393701514347,0.675716756622896,0.102185448736484,0.248402097925445,0.681886855038619,0,0.00500839641109771,0.00617009841572269,0.0201624561665374
484,"weighted_mode",-0.336917209530753,0.185016328010319,0.0722973532349411,-0.336917209530753,0.203195939379662,0.101167275796991,0,0.0181796113693422,0.0288699225620499,0.0894683792640878
485,"ivw",-0.0550639967171473,0.122216620573255,0.652318048776071,-0.0550639967171472,0.122216620573255,0.652318048776072,9.0205620750794e-17,1.38777878078145e-17,6.66133814775094e-16,1.13550740829856e-16
485,"egger",-0.137673710780484,0.212203418393172,0.518337558418579,-0.137673710780484,0.212203418393172,0.518337558418579,2.77555756156289e-17,0,2.22044604925031e-16,0
485,"weighted_median",-0.0690405912192961,0.0958309251267235,0.471253104787029,-0.0690405912192961,0.100939728002452,0.493988820691447,0,0.0051088028757281,0.0227357159044188,0.0506124097699571
485,"simple_mode",-0.0961338229578819,0.327412470292203,0.769801693679012,-0.0961338229578837,0.291071050269407,0.742044044649107,1.77635683940025e-15,0.0363414200227966,0.0277576490299052,0.124854120631921
485,"weighted_mode",-0.0961338229578819,0.282614446679806,0.734617414752058,-0.0961338229578837,0.302448837449188,0.751415551732436,1.77635683940025e-15,0.0198343907693823,0.0167981369803777,0.0655793255370488
486,"ivw",0.106981607366421,0.0945922410810578,0.258064957582461,0.106981607366421,0.0945922410810578,0.258064957582461,0,1.38777878078145e-17,1.11022302462516e-16,1.46711692726704e-16
486,"egger",0.187687637505969,0.154776021549337,0.228836225846408,0.187687637505969,0.154776021549337,0.228836225846408,5.55111512312578e-17,2.77555756156289e-17,8.32667268468867e-17,1.79327361808311e-16
486,"weighted_median",0.421861197290559,0.0785455501734472,7.83396586733774e-08,0.421861197290559,0.0763605894533548,3.30249793952114e-08,0,0.00218496072009243,4.5314679278166e-08,0.028613722546329
486,"simple_mode",0.163356148329012,0.197217988065037,0.409933190177698,0.163356148329012,0.19968560862922,0.415719165764709,0,0.00246762056418376,0.00578597558701144,0.0123575283222622
486,"weighted_mode",0.380720216241692,0.1403697203682,0.00815886234843236,0.380720216241692,0.143442580993519,0.00956774343796422,0,0.00307286062531864,0.00140888108953186,0.0214222346254177
487,"ivw",0.136510016315458,0.113728767937179,0.230018152060353,0.136510016315458,0.113728767937179,0.230018152060353,0,1.38777878078145e-17,1.94289029309402e-16,1.2202530687293e-16
487,"egger",0.280757175065496,0.194805612669705,0.15342625731982,0.280757175065496,0.194805612669705,0.15342625731982,3.88578058618805e-16,1.11022302462516e-16,3.33066907387547e-16,5.69913263488743e-16
487,"weighted_median",0.101655168520805,0.0764480766596775,0.183607817790417,0.101655168520805,0.0804881325827086,0.206595175969739,0,0.00404005592303107,0.0229873581793228,0.0501944298295101
487,"simple_mode",0.16686901151813,0.135333145418675,0.221133337217494,0.16686901151813,0.134820489121584,0.219398431410349,0,0.000512656297091157,0.00173490580714503,0.00380251028928424
487,"weighted_mode",0.0735792928278261,0.0797755309922539,0.359096121613214,0.0735792928278261,0.0848610719657599,0.38847271042119,0,0.00508554097350596,0.0293765888079769,0.0599278427163622
488,"ivw",-0.0431933146805753,0.104810880083606,0.68026087704617,-0.0431933146805754,0.104810880083606,0.680260877046169,1.17961196366423e-16,2.77555756156289e-17,7.7715611723761e-16,2.64815786237923e-16
488,"egger",-0.157122265126674,0.173593361311169,0.3681213471286,-0.157122265126674,0.173593361311169,0.3681213471286,2.77555756156289e-17,0,2.22044604925031e-16,0
488,"weighted_median",-0.0928804549600658,0.079841822423556,0.244705454054385,-0.0928804549600658,0.084009596478712,0.268902550066129,0,0.00416777405515599,0.0241970960117444,0.0496106900860083
488,"simple_mode",-0.11440245537905,0.163708336493087,0.486667003720699,-0.11440245537905,0.162293148091239,0.482886799453877,0,0.00141518840184798,0.00378020426682246,0.00871995163377065
488,"weighted_mode",-0.161386078306832,0.0982280471260994,0.10426504008663,-0.161386078306832,0.0961168894190527,0.0969940813556584,0,0.0021111577070467,0.00727095873097156,0.0219644822029396
489,"ivw",-0.0446333462598541,0.131956626709686,0.73518041119882,-0.0446333462598542,0.131956626709686,0.735180411198819,6.93889390390723e-17,0,3.33066907387547e-16,0
489,"egger",-0.378961012483108,0.214774805156161,0.0814720066996199,-0.378961012483109,0.214774805156161,0.0814720066996196,8.32667268468867e-16,1.94289029309402e-16,3.46944695195361e-16,9.04617416219449e-16
489,"weighted_median",-0.197899240906825,0.109388723628636,0.0704296460152038,-0.197899240906825,0.113386332042785,0.0809233401110207,0,0.00399760841414909,0.0104936940958169,0.0352565282087142
489,"simple_mode",0.128502425474199,0.541051910166105,0.812864906208082,0.128502425474199,0.548696536917028,0.815423917067324,0,0.00764462675092281,0.00255901085924148,0.0139323400761299
489,"weighted_mode",-0.263137587952956,0.471574227799157,0.578384641614182,-0.263137587952956,0.541439695064354,0.62828211208703,0,0.0698654672651962,0.0498974704728484,0.129036470547089
490,"ivw",0.175500760177048,0.134022268375041,0.19036857457071,0.175500760177048,0.134022268375041,0.19036857457071,1.94289029309402e-16,5.55111512312578e-17,2.22044604925031e-16,4.14193491158635e-16
490,"egger",-0.224559510980603,0.218273385752878,0.306674509023171,-0.224559510980603,0.218273385752878,0.306674509023171,1.11022302462516e-16,5.55111512312578e-17,1.11022302462516e-16,2.54319375858795e-16
490,"weighted_median",-0.14604071233841,0.0958195571644694,0.127478193037151,-0.14604071233841,0.0929409110342155,0.116106339491556,8.32667268468867e-17,0.0028786461302539,0.0113718535455942,0.0309728632764763
490,"simple_mode",-0.177260272076025,0.292801773860011,0.546610116315009,-0.177260272076025,0.274995705152155,0.521012429195873,0,0.0178060687078551,0.0255976871191357,0.0647503520027811
490,"weighted_mode",-0.078855370788127,0.239741714614186,0.743066565114655,-0.078855370788127,0.233873477533323,0.7368600678433,0,0.00586823708086354,0.00620649727135425,0.0250915030757492
491,"ivw",0.0254547484923129,0.13785814000804,0.853507873469873,0.0254547484923128,0.13785814000804,0.853507873469873,4.85722573273506e-17,8.32667268468867e-17,2.22044604925031e-16,6.04002976117555e-16
491,"egger",-0.099591118812452,0.226392020169675,0.661191651809873,-0.0995911188124521,0.226392020169675,0.661191651809873,1.52655665885959e-16,5.55111512312578e-17,2.22044604925031e-16,2.45199239750825e-16
491,"weighted_median",-0.0196460558158239,0.113513116149518,0.862594045707275,-0.0196460558158239,0.114617877417964,0.86390547076061,0,0.00110476126844565,0.00131142505333415,0.00963864707088445
491,"simple_mode",-0.28481515957136,0.30383748936335,0.351343045767626,-0.284815159571358,0.310422016339139,0.361599588106824,1.77635683940025e-15,0.00658452697578887,0.0102565423391979,0.0212115334261447
491,"weighted_mode",-0.108010079082401,0.265430235656676,0.685136700352572,-0.1080100790824,0.25898247138534,0.677741036709041,1.77635683940025e-15,0.00644776427133692,0.00739566364353161,0.0248965276948929
492,"ivw",0.095651389546291,0.125093142232064,0.444485137447802,0.095651389546291,0.125093142232064,0.444485137447802,1.38777878078145e-17,0,0,0
492,"egger",-0.215643020372233,0.211758654835842,0.311584646566801,-0.215643020372233,0.211758654835842,0.311584646566801,2.77555756156289e-17,0,0,0
492,"weighted_median",0.195668951561595,0.0958430481162569,0.0411955919501446,0.195668951561595,0.0948777136001261,0.0391765328074282,2.77555756156289e-17,0.000965334516130761,0.00201905914271642,0.0101745128492375
492,"simple_mode",0.0688318756049109,0.243082592572608,0.777774696376914,0.0688318756049109,0.260684433414889,0.792417487166261,0,0.0176018408422814,0.0146427907893468,0.0675216414409656
492,"weighted_mode",0.154662905209313,0.223310242617747,0.490546487013048,0.154662905209313,0.200333569735762,0.442345161748053,0,0.0229766728819844,0.0482013252649951,0.114692075383524
493,"ivw",0.00453042180029671,0.126117509670205,0.971344372788288,0.00453042180029665,0.126117509670205,0.971344372788288,6.15826833971767e-17,0,4.44089209850063e-16,0
493,"egger",-0.225444588972635,0.214625005132627,0.296691700619558,-0.225444588972635,0.214625005132627,0.296691700619559,1.11022302462516e-16,1.38777878078145e-16,4.44089209850063e-16,6.46606288919536e-16
493,"weighted_median",-0.106103823091317,0.0980692624292126,0.279284784279388,-0.106103823091317,0.101881672993284,0.297670595915313,0,0.00381241056407143,0.0183858116359256,0.0374199839093999
493,"simple_mode",0.0339177794129299,0.201617784673484,0.86682317277081,0.0339177794129299,0.185318735456223,0.855236516690273,0,0.0162990492172609,0.0115866560805371,0.0879514377061525
493,"weighted_mode",-0.10567616927456,0.149403610461088,0.481397714298525,-0.10567616927456,0.140859680025772,0.455294129219511,0,0.00854393043531593,0.0261035850790132,0.0606556143940745
494,"ivw",0.0779798000249975,0.115089665959368,0.498052666237687,0.0779798000249975,0.115089665959368,0.498052666237687,1.38777878078145e-17,1.38777878078145e-17,2.22044604925031e-16,1.20582397143406e-16
494,"egger",0.0361348021259157,0.192267949534388,0.851399724841993,0.0361348021259157,0.192267949534387,0.851399724841993,6.93889390390723e-18,2.22044604925031e-16,1.11022302462516e-16,1.1548706139674e-15
494,"weighted_median",0.0655377788629015,0.0864817727169722,0.448557626988678,0.0655377788629014,0.0901782145312739,0.467373944139369,2.77555756156289e-17,0.00369644181430172,0.0188163171506906,0.0409904080881951
494,"simple_mode",0.0164160953375709,0.202950022920032,0.935731045266307,0.0164160953375709,0.210576344141078,0.938053777705462,0,0.00762632122104598,0.00232273243915515,0.036216419523062
494,"weighted_mode",0.0895693851360063,0.183686689264457,0.627135927015205,0.0895693851360063,0.175129921478186,0.610430667587513,0,0.00855676778627124,0.0167052594276925,0.0488595421847263
495,"ivw",0.0266654015828314,0.121185648478993,0.825841856642818,0.0266654015828315,0.121185648478993,0.825841856642818,8.67361737988404e-17,8.32667268468867e-17,3.33066907387547e-16,6.87100559282154e-16
495,"egger",-0.0737432156782326,0.201336929894948,0.715132183210136,-0.0737432156782327,0.201336929894948,0.715132183210136,1.11022302462516e-16,1.94289029309402e-16,2.22044604925031e-16,9.64994496592238e-16
495,"weighted_median",-0.109627023293762,0.100019516252587,0.273054126683603,-0.109627023293762,0.099660278988342,0.271328989850212,3.46944695195361e-16,0.000359237264245499,0.00172513683339065,0.00360461828816997
495,"simple_mode",-0.325470536938532,0.383186799385984,0.398174297591763,-0.325470536938532,0.384420247543623,0.39968308480608,0,0.00123344815763948,0.00150878721431735,0.00320859311006898
495,"weighted_mode",-0.204200407309113,0.33641665809645,0.545557509015319,-0.204200407309113,0.336214197451578,0.545316159416517,0,0.000202460644871949,0.000241349598801288,0.0006021775594444
496,"ivw",0.0898189924655189,0.107108549336896,0.401705534747724,0.089818992465519,0.107108549336896,0.401705534747723,1.38777878078145e-17,0,1.11022302462516e-16,0
496,"egger",0.34497265960565,0.197599103183272,0.0846811426581975,0.344972659605651,0.197599103183272,0.0846811426581971,7.7715611723761e-16,2.22044604925031e-16,3.60822483003176e-16,1.1237126148244e-15
496,"weighted_median",-0.0671897822989427,0.110963904183728,0.544840010606049,-0.0671897822989429,0.111099911593568,0.545332494924887,1.66533453693773e-16,0.000136007409839753,0.000492484318837749,0.00122419008160243
496,"simple_mode",-0.064798041108358,0.174414334658271,0.711221906964624,-0.064798041108358,0.177611840128602,0.716189486868212,0,0.00319750547033082,0.00496757990358832,0.0180027720450147
496,"weighted_mode",-0.018279152286208,0.119115527763035,0.878419295960424,-0.018279152286208,0.110187514772481,0.868655848568486,0,0.00892801299055436,0.00976344739193824,0.0810256317059988
497,"ivw",-0.205605205725801,0.125374444643269,0.101019900268484,-0.205605205725801,0.125374444643269,0.101019900268484,0,2.77555756156289e-17,8.32667268468867e-17,2.21381444157959e-16
497,"egger",-0.62937799479373,0.212852195221278,0.00408351437832787,-0.62937799479373,0.212852195221278,0.00408351437832785,3.33066907387547e-16,0,2.08166817117217e-17,0
497,"weighted_median",-0.341983898320771,0.106355129677446,0.00130221850945689,-0.341983898320771,0.109138813699156,0.00172748802829566,0,0.00278368402171063,0.000425269518838769,0.0255059032379069
497,"simple_mode",-0.498765852805181,0.485603483366934,0.307428419713387,-0.498765852805193,0.464319198875163,0.285928250294964,1.13797860024079e-14,0.0212842844917714,0.0215001694184236,0.0458397682958916
497,"weighted_mode",-0.344393412269733,0.450256053854129,0.446563715696931,-0.344393412269744,0.491617246465381,0.485602800557018,1.14352971536391e-14,0.0413611926112512,0.0390390848600869,0.0841329162242151
498,"ivw",-0.252736978416405,0.139213125283567,0.0694520145775527,-0.252736978416405,0.139213125283567,0.0694520145775526,5.55111512312578e-17,2.77555756156289e-17,9.71445146547012e-17,1.99374703779496e-16
498,"egger",-0.74761525069256,0.222079699641059,0.00117236585595887,-0.747615250692561,0.222079699641059,0.00117236585595886,5.55111512312578e-16,5.55111512312578e-17,4.33680868994202e-18,2.49960493106658e-16
498,"weighted_median",-0.28798242422143,0.109710212280815,0.00866649344071687,-0.28798242422143,0.107466728820028,0.00736803219687267,5.55111512312578e-17,0.00224348346078654,0.0012984612438442,0.0208760747202386
498,"simple_mode",-0.152002841203945,1.17464158681335,0.897359100982132,-0.152002841203945,1.09789862260316,0.890229283362271,0,0.0767429642101967,0.00712981761986065,0.0698998638218858
498,"weighted_mode",-0.152002841203945,1.16708940381145,0.896698696788888,-0.152002841203945,1.11759999003796,0.892152196954348,0,0.0494894137734907,0.00454649983453947,0.0442818666916861
499,"ivw",0.0647929336394914,0.147785422346252,0.661077688366942,0.0647929336394914,0.147785422346252,0.661077688366943,5.55111512312578e-17,0,4.44089209850063e-16,0
499,"egger",0.0137542112870733,0.254299845197347,0.957001017819874,0.0137542112870732,0.254299845197347,0.957001017819875,1.12757025938492e-16,1.11022302462516e-16,3.33066907387547e-16,4.365802990417e-16
499,"weighted_median",0.0432392456168145,0.10003596861539,0.665569180088755,0.0432392456168145,0.102113937185763,0.671973408352304,0,0.00207796857037333,0.00640422826354892,0.0203495098479372
499,"simple_mode",-0.0718926845241293,0.17234114852575,0.677669813038885,-0.0718926845241293,0.166518047776593,0.667076642080291,0,0.00582310074915757,0.010593170958594,0.0349697875209904
499,"weighted_mode",-0.00294771438087413,0.123151999084842,0.98096286298292,-0.00294771438087413,0.127229975925179,0.981572929200438,0,0.00407797684033775,0.000610066217518135,0.032052012984235
500,"ivw",-0.0476411247871805,0.124789779565485,0.702631196266456,-0.0476411247871805,0.124789779565485,0.702631196266457,6.2450045135165e-17,1.38777878078145e-17,4.44089209850063e-16,1.11209330252338e-16
500,"egger",-0.163583762725541,0.230864973347486,0.480651629760496,-0.163583762725541,0.230864973347486,0.480651629760497,4.9960036108132e-16,3.33066907387547e-16,7.7715611723761e-16,1.44269138171182e-15
500,"weighted_median",0.119501743033359,0.10282995759554,0.245182803672585,0.119501743033359,0.0982538198788768,0.223887629981638,3.60822483003176e-16,0.00457613771666311,0.0212951736909466,0.0465746545254361
500,"simple_mode",0.223385287401641,0.232591544280687,0.339702702638754,0.223385287401641,0.218289470702145,0.3091916793773,0,0.0143020735785422,0.0305110232614547,0.0655188430872933
500,"weighted_mode",0.0989861147138785,0.170653690978138,0.563497120312967,0.0989861147138785,0.172592657075272,0.567878626383104,0,0.00193896609713343,0.00438150607013699,0.0112343487260168
501,"ivw",0.037269832978572,0.102192429325236,0.715333503029622,0.037269832978572,0.102192429325236,0.715333503029622,4.85722573273506e-17,2.77555756156289e-17,3.33066907387547e-16,2.71601094121116e-16
501,"egger",-0.00892398666222207,0.16414053912594,0.956777547933376,-0.00892398666222211,0.16414053912594,0.956777547933376,4.33680868994202e-17,2.77555756156289e-17,2.22044604925031e-16,1.69096408257395e-16
501,"weighted_median",0.033100302878616,0.100847577691381,0.742744495290246,0.033100302878616,0.100737684405162,0.742473808444148,2.77555756156289e-17,0.000109893286219312,0.000270686846098211,0.00109088556946899
501,"simple_mode",0.21659101189875,4.02597277113152,0.957228228257684,0.21659101189875,3.91248767628528,0.955988860320017,0,0.113485094846239,0.00123936793766743,0.0290058664041564
501,"weighted_mode",-0.0425073010714434,4.10059220870546,0.991754656454922,-0.0425073010714434,4.09328643794157,0.99173994055351,0,0.00730577076389238,1.47159014121101e-05,0.00178481786570654
502,"ivw",0.208793420662761,0.111927193188812,0.0621198082937189,0.208793420662761,0.111927193188812,0.062119808293719,0,2.77555756156289e-17,6.2450045135165e-17,2.47978840752377e-16
502,"egger",-0.167886592870693,0.176731421138156,0.344997049577767,-0.167886592870693,0.176731421138156,0.344997049577769,4.44089209850063e-16,0,1.22124532708767e-15,0
502,"weighted_median",-0.0896748422022259,0.107153646716076,0.402659507493551,-0.0896748422022259,0.102513271671455,0.381702739707658,5.55111512312578e-17,0.00464037504462096,0.020956767785893,0.045266090614032
502,"simple_mode",0.154554862201685,4.05769146371891,0.96971015621275,0.154554862201685,3.93939583341548,0.968801051693725,0,0.11829563030343,0.000909104519024706,0.0300288763317463
502,"weighted_mode",-0.212276074499228,4.0051915074559,0.957862220256586,-0.212276074499228,4.05721407625951,0.958402018793808,0,0.0520225688036033,0.000539798537221525,0.012822239060051
503,"ivw",0.0279318799888237,0.11483143223908,0.807817576568548,0.0279318799888237,0.11483143223908,0.807817576568547,6.93889390390723e-18,1.38777878078145e-17,1.11022302462516e-16,1.2085356367341e-16
503,"egger",0.183623934419357,0.177837373200588,0.304931330090448,0.183623934419357,0.177837373200588,0.304931330090447,4.16333634234434e-16,1.38777878078145e-16,8.88178419700125e-16,7.80363967261329e-16
503,"weighted_median",0.0571729660706821,0.120290286557481,0.634579125876621,0.0571729660706821,0.113964009829252,0.615895711880422,0,0.00632627672822952,0.0186834139961995,0.0555111805710238
503,"simple_mode",-0.220955152425436,9.9450271259617,0.982328977813158,-0.220955152425436,9.80482438229116,0.982076336445414,0,0.140202743670534,0.000252641367743722,0.0142993630690376
503,"weighted_mode",0.354617582018307,10.0148261594522,0.971840517897712,0.354617582018307,9.8011734700497,0.971226946446417,0,0.21365268940251,0.000613571451294259,0.0217986846223452
504,"ivw",-0.192634079981464,0.151096924960438,0.202343209159705,-0.192634079981465,0.151096924960438,0.202343209159705,2.4980018054066e-16,2.77555756156289e-17,5.27355936696949e-16,1.8369384832217e-16
504,"egger",-0.36463116594236,0.246394695516733,0.142836355307911,-0.364631165942361,0.246394695516733,0.142836355307911,3.88578058618805e-16,1.66533453693773e-16,1.38777878078145e-16,6.75880839660623e-16
504,"weighted_median",-0.0879607321348228,0.121054531551625,0.467458325361648,-0.0879607321348229,0.114513256322343,0.442411695554835,1.2490009027033e-16,0.00654127522928258,0.0250466298068128,0.0571224279123596
504,"simple_mode",-0.297360041366926,14.9826490516397,0.984214264584008,-0.297360041366926,15.3343893892208,0.984576311415901,0,0.351740337581164,0.000362046831893115,0.022938007419351
504,"weighted_mode",-0.297360041366926,14.8234452582658,0.984044748693303,-0.297360041366926,16.2005546697199,0.985400845031888,0,1.37710941145405,0.00135609633858502,0.0850038433577818
505,"ivw",-0.0563771575856216,0.12956760183046,0.663476992568982,-0.0563771575856215,0.12956760183046,0.663476992568982,3.46944695195361e-17,2.77555756156289e-17,2.22044604925031e-16,2.14216943306146e-16
505,"egger",-0.0771769557562851,0.204639202924249,0.707070599818981,-0.077176955756285,0.204639202924249,0.707070599818982,1.11022302462516e-16,0,3.33066907387547e-16,0
505,"weighted_median",-0.0551339072087802,0.125946970923906,0.661563946997905,-0.0551339072087802,0.123713754022012,0.655844990650682,0,0.00223321690189394,0.00571895634722308,0.0180514844088928
505,"simple_mode",-0.239197570174952,4.69571280163818,0.95949908705199,-0.239197570174952,5.34604543039037,0.964422360782904,0,0.650332628752189,0.00492327373091361,0.121647419053957
505,"weighted_mode",0.0414334308156441,4.68332062216271,0.992962944923376,0.0414334308156441,4.40629741203048,0.992520539211739,0,0.27702321013223,0.000442405711637339,0.0628698392840836
506,"ivw",0.155772234367671,0.135450315954161,0.250130580276496,0.155772234367671,0.135450315954161,0.250130580276496,5.55111512312578e-17,5.55111512312578e-17,5.55111512312578e-17,4.09826664782707e-16
506,"egger",-0.0177313457071956,0.217015287617193,0.935084967662823,-0.0177313457071954,0.217015287617193,0.935084967662824,1.59594559789866e-16,0,5.55111512312578e-16,0
506,"weighted_median",0.0361883431939201,0.108905693829726,0.739669803544678,0.0361883431939199,0.107977191318863,0.7375134214514,2.15105711021124e-16,0.000928502510863322,0.00215638209327873,0.00859906151958891
506,"simple_mode",-0.190205070221692,11.0088225524227,0.986257712656165,-0.190205070221692,10.5677057428061,0.985684144019266,0,0.441116809616585,0.000573568636899058,0.0417419656027867
506,"weighted_mode",-0.190205070221692,10.9822811932558,0.986224504426934,-0.190205070221692,11.9117997165137,0.987299357121567,0,0.929518523257844,0.00107485269463292,0.0780334244513218
507,"ivw",-0.159901252514064,0.11191961418045,0.153086110926419,-0.159901252514064,0.11191961418045,0.15308611092642,8.32667268468867e-17,2.77555756156289e-17,3.05311331771918e-16,2.47995633463122e-16
507,"egger",-0.137410057753895,0.180101980412899,0.44773303490073,-0.137410057753894,0.180101980412899,0.447733034900732,4.71844785465692e-16,2.77555756156289e-17,1.66533453693773e-15,1.5411032989197e-16
507,"weighted_median",0.0852745003230352,0.107946119495448,0.429543642379545,0.085274500323035,0.107110786497696,0.425954363309583,1.94289029309402e-16,0.000835332997751612,0.0035892790699627,0.00779877568884789
507,"simple_mode",0.0597178375028802,1.26356734884517,0.962421303409627,0.0597178375028802,1.31267294949211,0.963826079092827,0,0.049105600646937,0.00140477568320041,0.0374088615644413
507,"weighted_mode",0.0597178375028802,1.28651579520898,0.963091128208703,0.0597178375028802,1.24736116498481,0.961933441977514,0,0.0391546302241719,0.00115768623118961,0.0313899705420512
508,"ivw",0.134377375511727,0.131966185307288,0.308549056397837,0.134377375511726,0.131966185307288,0.308549056397837,8.32667268468867e-17,5.55111512312578e-17,1.11022302462516e-16,4.20646782370788e-16
508,"egger",0.113956999833956,0.220767383780488,0.607148458772967,0.113956999833957,0.220767383780488,0.607148458772967,1.94289029309402e-16,5.55111512312578e-17,6.66133814775094e-16,2.514463426647e-16
508,"weighted_median",0.0771429152763122,0.120212255873386,0.521053345559546,0.0771429152763122,0.11930702042862,0.517896306547577,0,0.000905235444766297,0.00315703901196862,0.00758744490906042
508,"simple_mode",0.07386849415708,9.45268790971978,0.993784169944392,0.07386849415708,9.82318262459195,0.99401860388164,0,0.370494714872176,0.000234433937248091,0.0377163623065154
508,"weighted_mode",0.07386849415708,9.48169755642048,0.993803187144005,0.07386849415708,8.90780726137633,0.993403963111887,0,0.573890295044146,0.000399224032117895,0.0644255402260999
509,"ivw",-0.192868054544486,0.153509033505962,0.20897262266189,-0.192868054544486,0.153509033505962,0.20897262266189,2.77555756156289e-17,2.77555756156289e-17,0,1.80807441632098e-16
509,"egger",0.285598223963382,0.222478274888921,0.202948219403569,0.285598223963382,0.222478274888921,0.202948219403569,0,0,0,0
509,"weighted_median",-0.141637794052272,0.0948713824248313,0.135451479550563,-0.141637794052272,0.0942897064675934,0.133056973758766,0,0.000581675957237918,0.0023945057917962,0.00616902925069382
509,"simple_mode",-0.0263267988977809,14.5324086021789,0.998559013554335,-0.0263267988977809,14.672114894726,0.998572734456577,0,0.139706292547084,1.37209022423868e-05,0.00952189193919837
509,"weighted_mode",-0.0263267988977809,14.5866869927695,0.998564375590213,-0.0263267988977809,15.4558030811454,0.998645104039381,0,0.869116088375847,8.0728449168066e-05,0.0562323474110566
510,"ivw",-0.226381540453636,0.131755631946976,0.0857615065823772,-0.226381540453636,0.131755631946976,0.0857615065823773,2.77555756156289e-17,2.77555756156289e-17,4.16333634234434e-17,2.10659500512273e-16
510,"egger",-0.493915871488425,0.204757017374909,0.018145323060197,-0.493915871488425,0.204757017374909,0.0181453230601969,2.77555756156289e-16,2.77555756156289e-17,6.93889390390723e-17,1.35553721046877e-16
510,"weighted_median",-0.150581574488056,0.127506874577084,0.237615324125277,-0.150581574488056,0.125364186087964,0.229691837724483,0,0.00214268848911997,0.00792348640079377,0.0170917114048547
510,"simple_mode",-0.230403728713186,2.2185979082592,0.917544257643082,-0.230403728713186,2.25236999594024,0.918776208627657,0,0.0337720876810432,0.00123195098457451,0.0149940230698843
510,"weighted_mode",-0.230403728713186,2.3053508193651,0.920636510580531,-0.230403728713186,2.34092520666439,0.921838607835492,0,0.0355743872992895,0.00120209725496156,0.0151967210221039
511,"ivw",-0.132603345367432,0.116778576499736,0.256161321580238,-0.132603345367432,0.116778576499736,0.256161321580238,2.77555756156289e-17,2.77555756156289e-17,0,2.3767694766935e-16
511,"egger",-0.0704278115551658,0.182565163915301,0.700692386218556,-0.0704278115551658,0.182565163915301,0.700692386218555,6.93889390390723e-17,5.55111512312578e-17,2.22044604925031e-16,3.04062122481437e-16
511,"weighted_median",-0.0781564710582576,0.0946307222501625,0.408855080111484,-0.0781564710582576,0.097115174188427,0.42094592473189,1.38777878078145e-17,0.00248445193826452,0.0120908446204055,0.0255825308354396
511,"simple_mode",-0.05762678651692,3.36998074580522,0.986398862315501,-0.05762678651692,3.3875719204367,0.986469484156064,0,0.0175911746314852,7.06218405628345e-05,0.00519285643069607
511,"weighted_mode",-0.05762678651692,3.41599770332868,0.98658206573541,-0.05762678651692,3.79924215620184,0.987935474402778,0,0.383244452873162,0.00135340866736733,0.100873920933826
512,"ivw",0.139002105465246,0.145310853211836,0.338777030614577,0.139002105465246,0.145310853211836,0.338777030614577,2.77555756156289e-17,2.77555756156289e-17,1.11022302462516e-16,1.91008276409791e-16
512,"egger",-0.208854337509279,0.227760365204428,0.361903221977383,-0.208854337509279,0.227760365204428,0.361903221977382,4.44089209850063e-16,0,7.7715611723761e-16,0
512,"weighted_median",-0.000674312409870807,0.114637003916966,0.995306747908187,-0.000674312409870807,0.115619736965419,0.995346638687557,0,0.000982733048452922,3.98907793698333e-05,0.00849969974198132
512,"simple_mode",-0.180103243515612,25.1285179696633,0.994299006117814,-0.180103243515612,25.2806016919647,0.994333301720693,0,0.152083722301441,3.42956028795971e-05,0.00601582684441327
512,"weighted_mode",-0.180103243515612,24.7264720154973,0.994206311097781,-0.180103243515612,27.9409515631399,0.99487283873382,0,3.21447954764264,0.000666527636038805,0.115045457216397
513,"ivw",0.149551551379647,0.12258535693602,0.222472866085314,0.149551551379647,0.12258535693602,0.222472866085314,0,5.55111512312578e-17,2.4980018054066e-16,4.52836722254114e-16
513,"egger",0.093713146362123,0.200666021047287,0.641761785707031,0.0937131463621227,0.200666021047287,0.641761785707031,2.63677968348475e-16,8.32667268468867e-17,7.7715611723761e-16,4.14951801068826e-16
513,"weighted_median",-0.174545661798136,0.101607129879128,0.0858242414321897,-0.174545661798136,0.0991560630910769,0.0783548282479905,1.94289029309402e-16,0.0024510667880509,0.00746941318419926,0.0247192830336512
513,"simple_mode",-0.114202782367966,10.7883545086427,0.991579983448185,-0.114202782367966,11.2708637981116,0.991940434286338,0,0.482509289468881,0.00036045083815317,0.0428103203189913
513,"weighted_mode",-0.114202782367966,10.7815735093879,0.991574687934975,-0.114202782367966,10.1783327795061,0.991075364358305,0,0.603240729881861,0.000499323576670374,0.0592671455089854
514,"ivw",-0.407947909160513,0.128039675895,0.00144202027136561,-0.407947909160513,0.128039675895,0.00144202027136562,1.66533453693773e-16,2.77555756156289e-17,1.04083408558608e-17,2.16773241744146e-16
514,"egger",-0.520591718630639,0.20187507038,0.0117473860667989,-0.520591718630638,0.20187507038,0.0117473860667989,4.44089209850063e-16,0,8.32667268468867e-17,0
514,"weighted_median",-0.245106870883273,0.110546978601834,0.0266081239472612,-0.245106870883273,0.111549344111116,0.0279993494524025,2.77555756156289e-17,0.00100236550928236,0.00139122550514132,0.0089858485253296
514,"simple_mode",0.245659359915222,20.320777353288,0.990384276426109,0.245659359915222,19.8900411857614,0.990176050161449,0,0.430736167526522,0.000208226264660105,0.0216558710715426
514,"weighted_mode",0.245659359915222,20.1840315336773,0.990319133617894,0.245659359915222,21.1293054408084,0.990752211895189,0,0.945273907131053,0.000433078277294774,0.0447375759595668
515,"ivw",0.168046537000132,0.157970583717392,0.287426682818354,0.168046537000133,0.157970583717392,0.287426682818354,8.32667268468867e-17,2.77555756156289e-17,3.88578058618805e-16,1.75700911919673e-16
515,"egger",-0.173707601936929,0.251214142279624,0.491270652044118,-0.173707601936929,0.251214142279624,0.491270652044119,7.21644966006352e-16,1.11022302462516e-16,1.4432899320127e-15,4.41942883689e-16
515,"weighted_median",0.0084560181218094,0.130162811441297,0.94820192190092,0.00845601812180949,0.122213831887254,0.944838102209046,8.32667268468867e-17,0.00794897955404372,0.00336381969187372,0.0650415704285986
515,"simple_mode",0.118237654179122,29.792020006668,0.996843146848552,0.118237654179122,32.2208033843064,0.997081107277638,0,2.42878337763834,0.000237960429086304,0.0753793550294067
515,"weighted_mode",0.118237654179122,29.5416316040408,0.996816390196326,0.118237654179122,30.8239017855031,0.996948827265445,0,1.28227018146237,0.00013243706911914,0.0415998659217582
516,"ivw",-0.0172159866191634,0.145502561213272,0.90581343807856,-0.0172159866191635,0.145502561213272,0.90581343807856,6.93889390390723e-17,0,3.33066907387547e-16,0
516,"egger",0.0923224505233853,0.232091698483748,0.69184861498472,0.0923224505233852,0.232091698483748,0.69184861498472,2.77555756156289e-17,8.32667268468867e-17,1.11022302462516e-16,3.58766502166459e-16
516,"weighted_median",0.0726827279751058,0.112305565972329,0.517510776105404,0.0726827279751058,0.10818187041712,0.501674848716244,1.38777878078145e-17,0.00412369555520881,0.0158359273891594,0.0381181758025531
516,"simple_mode",0.087376054106391,9.13111858140826,0.992388654850698,0.087376054106391,9.24630912119836,0.992483474130306,0,0.115190539790094,9.48192796079717e-05,0.012458002245026
516,"weighted_mode",0.087376054106391,9.0456609519947,0.992316749974654,0.087376054106391,9.31671021164211,0.992540270557373,0,0.271049259647411,0.000223520582719572,0.0290928078141477
517,"ivw",-0.0687886782990084,0.125207447747853,0.58273258238112,-0.0687886782990084,0.125207447747853,0.58273258238112,4.16333634234434e-17,0,2.22044604925031e-16,0
517,"egger",-0.0729296491780866,0.200822094440964,0.71744653848921,-0.0729296491780867,0.200822094440964,0.71744653848921,1.2490009027033e-16,1.11022302462516e-16,5.55111512312578e-16,5.52839082629691e-16
517,"weighted_median",0.144665767795877,0.121510447037074,0.233825425097891,0.144665767795877,0.117653827982244,0.218851321624601,2.77555756156289e-17,0.00385661905483049,0.0149741034732898,0.0327793759112754
517,"simple_mode",0.0770725884830945,20.4635383499871,0.997004165234317,0.0770725884830945,21.1156804344144,0.997096688940173,0,0.652142084427318,9.25237058559958e-05,0.0308842562025354
517,"weighted_mode",0.0770725884830945,20.4070163962688,0.996995867616637,0.0770725884830945,24.2537573935186,0.997472333012189,0,3.84674099724986,0.000476465395552794,0.158603919996241
518,"ivw",0.019036547919066,0.145510673629963,0.895913125821711,0.019036547919066,0.145510673629963,0.895913125821711,6.93889390390723e-18,2.77555756156289e-17,0,1.90745977069778e-16
518,"egger",0.200428729894587,0.229457475679427,0.385010717479822,0.200428729894587,0.229457475679427,0.385010717479822,8.32667268468867e-17,2.77555756156289e-17,4.44089209850063e-16,1.20961740442076e-16
518,"weighted_median",0.124691701449544,0.108429940746832,0.250154242919689,0.124691701449544,0.108235769120357,0.249305525076653,0,0.000194171626474268,0.000848717843035363,0.00179396911069529
518,"simple_mode",0.0201346756472898,9.46031549595927,0.998307072474431,0.0201346756472898,10.4017021386655,0.9984602875178,0,0.941386642706201,0.000153215043369404,0.0905031340213881
518,"weighted_mode",0.0201346756472898,9.48507928997416,0.99831149238948,0.0201346756472898,10.5787333411013,0.998486054006783,0,1.09365405112715,0.000174561617303115,0.103382325261759
519,"ivw",-0.120748704340895,0.133266847722305,0.364900345375253,-0.120748704340895,0.133266847722305,0.364900345375253,2.77555756156289e-17,5.55111512312578e-17,3.33066907387547e-16,4.16541339275387e-16
519,"egger",-0.413629717351913,0.216520159039184,0.0596711433399152,-0.413629717351913,0.216520159039184,0.0596711433399153,5.55111512312578e-17,0,9.71445146547012e-17,0
519,"weighted_median",-0.441200366295708,0.121147955695952,0.000270705896225709,-0.441200366295708,0.116108301882615,0.000144752325249911,0,0.00503965381333761,0.000125953570975798,0.0434047672011661
519,"simple_mode",-0.480097771904017,20.9757020946665,0.981795679263228,-0.480097771904017,21.8519825094174,0.982525564400349,0,0.876280414750926,0.000729885137121467,0.040100728360609
519,"weighted_mode",-0.480097771904017,20.6607821283716,0.981518251847204,-0.480097771904017,23.5189549751614,0.983763933665577,0,2.8581728467898,0.00224568181837226,0.121526353947628
520,"ivw",-0.264508962998468,0.153576933189901,0.0850111665215656,-0.264508962998468,0.153576933189901,0.0850111665215659,1.66533453693773e-16,2.77555756156289e-17,3.19189119579733e-16,1.80727502751397e-16
520,"egger",-0.789445082318401,0.232352080965535,0.00106161931332292,-0.789445082318401,0.232352080965536,0.00106161931332291,8.88178419700125e-16,2.4980018054066e-16,1.0842021724855e-18,1.07509336478769e-15
520,"weighted_median",-0.58698393432075,0.126772145845913,3.65263379943581e-06,-0.58698393432075,0.125348045771536,2.82937359211789e-06,1.11022302462516e-16,0.00142410007437668,8.23260207317918e-07,0.011361166946091
520,"simple_mode",-0.41618565593987,3.0120734496457,0.89044702607919,-0.41618565593987,2.91324852088092,0.886755806445522,0,0.0988249287647718,0.00369121963366847,0.0339225878109735
520,"weighted_mode",-0.612879285174427,3.01219230542322,0.839280957152675,-0.612879285174427,2.97743715768779,0.837431417465303,0,0.0347551477354351,0.00184953968737267,0.0116728400616943
521,"ivw",-0.0337370003957776,0.137360108268055,0.805984236472291,-0.0337370003957776,0.137360108268055,0.805984236472291,1.38777878078145e-17,2.77555756156289e-17,1.11022302462516e-16,2.02064310851187e-16
521,"egger",0.0249530946444532,0.222700404085164,0.911066157241682,0.0249530946444534,0.222700404085164,0.911066157241682,1.59594559789866e-16,3.33066907387547e-16,4.44089209850063e-16,1.49558286055097e-15
521,"weighted_median",0.139558932040152,0.116603999545747,0.231360227449798,0.139558932040152,0.118405382127635,0.238536131782507,0,0.00180138258188724,0.00717590433270907,0.015213688343537
521,"simple_mode",0.959829775286037,47.1033447299416,0.983792660604582,0.959829775286037,43.5549310051931,0.98247245930571,0,3.5484137247485,0.00132020129887223,0.0814698506657127
521,"weighted_mode",0.959829775286037,47.0095083191098,0.98376031342865,0.959829775286037,43.9123723353376,0.982615108244703,0,3.09713598377222,0.00114520518394667,0.0705299171750705
522,"ivw",-0.0338325194931149,0.172804775700442,0.844778738834809,-0.0338325194931148,0.172804775700442,0.844778738834809,2.77555756156289e-17,8.32667268468867e-17,1.11022302462516e-16,4.81854315133224e-16
522,"egger",0.284347614615297,0.274803113492504,0.303911792387467,0.284347614615298,0.274803113492504,0.303911792387467,2.77555756156289e-16,5.55111512312578e-17,3.88578058618805e-16,2.02003356242076e-16
522,"weighted_median",-0.140243304088523,0.113653318260027,0.217218939402756,-0.140243304088523,0.11333924090334,0.215947368929833,2.77555756156289e-17,0.000314077356686843,0.00127157047292303,0.00277112634762306
522,"simple_mode",-0.419756500132005,14.0484215841049,0.976236841518642,-0.419756500132005,14.4839052346752,0.976951116347517,0,0.435483650570275,0.000714274828874539,0.0300667287940896
522,"weighted_mode",-0.419756500132005,14.1470636650125,0.976402483572419,-0.419756500132005,14.7554811666112,0.977375216164178,0,0.608417501598671,0.00097273259175823,0.0412333216876318
523,"ivw",-0.03406447400931,0.17197843570153,0.842987087929615,-0.03406447400931,0.17197843570153,0.842987087929615,6.2450045135165e-17,2.77555756156289e-17,2.22044604925031e-16,1.61389859736827e-16
523,"egger",0.285181124794653,0.291939037237765,0.33158733942311,0.285181124794654,0.291939037237765,0.33158733942311,3.33066907387547e-16,5.55111512312578e-17,3.33066907387547e-16,1.901463804104e-16
523,"weighted_median",0.0273296247357759,0.136125019999726,0.840879545011973,0.0273296247357762,0.137244930079059,0.842160816233712,2.35922392732846e-16,0.00111991007933349,0.00128127122173871,0.00815993770180341
523,"simple_mode",-0.213434581519664,6.39986877252193,0.973477655832493,-0.213434581519664,6.37606914745787,0.973378694601705,0,0.0237996250640595,9.89612307883414e-05,0.0037326485195896
523,"weighted_mode",-0.213434581519664,6.44403029966711,0.973659348368162,-0.213434581519664,6.58086463194049,0.974206846748503,0,0.13683433227338,0.00054749838034085,0.0207927589954136
524,"ivw",-0.156682750280193,0.173562428602098,0.366660832517238,-0.156682750280193,0.173562428602098,0.366660832517239,2.77555756156289e-17,5.55111512312578e-17,1.11022302462516e-16,3.19833916120869e-16
524,"egger",-0.0910708011164707,0.293638160296471,0.75725619069106,-0.0910708011164708,0.293638160296471,0.75725619069106,6.93889390390723e-17,5.55111512312578e-17,2.22044604925031e-16,1.89046107546823e-16
524,"weighted_median",-0.0495313288088551,0.121892612230185,0.684483849998558,-0.0495313288088551,0.123686399970368,0.688818495107282,2.77555756156289e-17,0.00179378774018266,0.00433464510872439,0.0145027079825462
524,"simple_mode",-0.219014122364539,16.2332211121462,0.98926866486379,-0.219014122364539,17.0329072143034,0.989772466644868,0,0.7996861021572,0.000503801781077451,0.0469494779778794
524,"weighted_mode",-0.219014122364539,16.2876704066302,0.98930453726923,-0.219014122364539,16.3104307746881,0.989319461329187,0,0.0227603680578667,1.49240599571776e-05,0.001395448616427
525,"ivw",-0.280186489845235,0.134595910776951,0.0373711149248379,-0.280186489845235,0.134595910776951,0.0373711149248381,2.22044604925031e-16,2.77555756156289e-17,1.73472347597681e-16,2.06214107511964e-16
525,"egger",-0.284628248159178,0.208263455275063,0.17555621851338,-0.284628248159178,0.208263455275063,0.175556218513379,0,1.11022302462516e-16,2.22044604925031e-16,5.33085856641932e-16
525,"weighted_median",-0.0735493475604739,0.0896727419625819,0.412103598214707,-0.0735493475604739,0.0907505983528109,0.417678266392836,0,0.001077856390229,0.00557466817812907,0.0118771270910923
525,"simple_mode",-0.52055976030822,10.1216665310073,0.95910930749717,-0.52055976030822,10.6558370605349,0.961157438878505,0,0.534170529527579,0.00204813138133497,0.0501293822806225
525,"weighted_mode",0.0158130554773166,10.0095790453925,0.99874339298847,0.0158130554773166,10.4143983148995,0.998792238664746,0,0.404819269507014,4.88456762763878e-05,0.0388711145153585
526,"ivw",-0.190574819806234,0.0636736749799448,0.0027625670654877,-0.190574819806234,0.0636736749799448,0.00276256706548772,1.11022302462516e-16,0,1.64798730217797e-17,0
526,"egger",-0.175106190684035,0.0836657923360093,0.0395248421370025,-0.175106190684035,0.0836657923360093,0.0395248421370023,1.94289029309402e-16,1.38777878078145e-17,1.59594559789866e-16,1.65871707185656e-16
526,"weighted_median",-0.231165444113938,0.0512630915630218,6.50132680808109e-06,-0.231165444113938,0.050275633826355,4.26644181408775e-06,0,0.000987457736666753,2.23488499399333e-06,0.01964088091017
526,"simple_mode",-0.0877760220023442,0.349338801292111,0.80224688394248,-0.0877760220023442,0.337609004194366,0.795528808431686,0,0.0117297970977451,0.00671807551079451,0.034743732992951
526,"weighted_mode",-0.24949807198858,0.318893049650603,0.436267914753018,-0.24949807198858,0.300833154582695,0.409339903566376,0,0.0180598950679083,0.0269280111866422,0.0600329278631552
527,"ivw",0.00793537747935578,0.0941346349447112,0.932819367185433,0.00793537747935578,0.0941346349447112,0.932819367185433,8.67361737988404e-18,2.77555756156289e-17,0,2.94849771626892e-16
527,"egger",0.0886543520864761,0.140372434382289,0.5294715560996,0.0886543520864758,0.140372434382289,0.529471556099601,3.05311331771918e-16,8.32667268468867e-17,1.11022302462516e-15,5.9318431865418e-16
527,"weighted_median",0.057931242052009,0.0909758877161642,0.524270903077703,0.057931242052009,0.0880087814740126,0.51038143088994,0,0.00296710624215163,0.0138894721877627,0.0337137521103819
527,"simple_mode",-0.100609298339907,0.290452514739596,0.729949248564921,-0.100609298339907,0.281057890602642,0.721299569742356,0,0.00939462413695474,0.00864967882256495,0.0334259398190561
527,"weighted_mode",0.023246747344364,0.254934655423398,0.92756906966996,0.023246747344364,0.238772291896211,0.922681424764908,0,0.0161623635271872,0.00488764490505267,0.0676894433555659
528,"ivw",0.0135927173652667,0.0876278901871652,0.876727803527862,0.0135927173652666,0.0876278901871652,0.876727803527862,4.68375338513738e-17,4.16333634234434e-17,4.44089209850063e-16,4.75115437956092e-16
528,"egger",0.158047424462561,0.123678630715087,0.204984575649985,0.158047424462561,0.123678630715087,0.204984575649985,0,1.38777878078145e-17,1.38777878078145e-16,1.12208452887743e-16
528,"weighted_median",0.155536342355561,0.0867927869262474,0.0731261962399413,0.155536342355561,0.089638406718005,0.0827137245548432,5.55111512312578e-17,0.00284561979175758,0.00958752831490185,0.0317455418491503
528,"simple_mode",-0.0569847081475534,0.444584792845499,0.898328092667205,-0.0569847081475534,0.441424614418093,0.897604287976453,0,0.00316017842740574,0.000723804690752505,0.0071590444306592
528,"weighted_mode",0.095663042307081,0.432508112649803,0.82550728606836,0.095663042307081,0.431208486365145,0.824990039881792,0,0.00129962628465746,0.000517246186567677,0.0030139162974565
529,"ivw",-0.0452635556141284,0.125875410016633,0.71915366230747,-0.0452635556141285,0.125875410016633,0.71915366230747,7.63278329429795e-17,2.77555756156289e-17,4.44089209850063e-16,2.20500379001438e-16
529,"egger",0.0629714595025856,0.181205629654372,0.729117974818978,0.0629714595025858,0.181205629654372,0.729117974818977,1.94289029309402e-16,2.77555756156289e-17,6.66133814775094e-16,1.53171707019088e-16
529,"weighted_median",-0.0140919907569303,0.0968971446948506,0.884369432530471,-0.0140919907569303,0.0930127640122638,0.879576587210633,5.20417042793042e-18,0.00388438068258683,0.00479284531983759,0.0417618025207236
529,"simple_mode",-0.0115033908079221,0.292190962729833,0.968692728914046,-0.0115033908079221,0.312761042504155,0.970750813866745,0,0.0205700797743221,0.00205808495269899,0.0657693157997733
529,"weighted_mode",-0.0115033908079221,0.253041668382342,0.963852181026763,-0.0115033908079221,0.252147574089817,0.96372409371072,0,0.000894094292525405,0.000128087316043302,0.00354591669482777
530,"ivw",-0.0172866313347647,0.103203628147106,0.866976467461474,-0.0172866313347646,0.103203628147106,0.866976467461474,3.81639164714898e-17,8.32667268468867e-17,4.44089209850063e-16,8.06819763431169e-16
530,"egger",-0.16246831486206,0.136677381090568,0.238074616288033,-0.16246831486206,0.136677381090568,0.238074616288033,2.22044604925031e-16,5.55111512312578e-17,4.71844785465692e-16,4.06147314122693e-16
530,"weighted_median",-0.352232009349247,0.0886738870061144,7.1206511030385e-05,-0.352232009349247,0.0915265144245041,0.000118884541517667,0,0.00285262741838978,4.76780304872815e-05,0.0311672244521316
530,"simple_mode",0.0100205811285782,0.233476331832568,0.96587169121345,0.0100205811285782,0.237491792171465,0.966448375798519,0,0.00401546033889738,0.000576684585069209,0.0169077857478051
530,"weighted_mode",-0.141658406904992,0.180178284269672,0.434037100208057,-0.141658406904992,0.181016885328621,0.436161485917977,0,0.000838601058948452,0.00212438570991991,0.0046327228392315
531,"ivw",0.0132133684909987,0.109170405477389,0.903663831992863,0.0132133684909986,0.109170405477389,0.903663831992863,3.12250225675825e-17,1.38777878078145e-17,2.22044604925031e-16,1.2712042010954e-16
531,"egger",0.175148301039896,0.155912635441906,0.264638274713101,0.175148301039896,0.155912635441906,0.2646382747131,1.38777878078145e-16,2.77555756156289e-17,3.88578058618805e-16,1.78020052941577e-16
531,"weighted_median",-0.0240219271401951,0.0906771561495697,0.791073342812711,-0.0240219271401951,0.0889614343511337,0.787140018866067,0,0.00171572179843602,0.00393332394664447,0.019286130118631
531,"simple_mode",-0.131770507750772,0.559558235553977,0.814422617558063,-0.131770507750772,0.561855099141904,0.815167258103811,0,0.00229686358792769,0.000744640545747854,0.00408799989790176
531,"weighted_mode",-0.131770507750772,0.540036973646214,0.807845662528581,-0.131770507750772,0.507025559706055,0.795608637572056,0,0.0330114139401588,0.0122370249565243,0.0651079877694864
532,"ivw",-0.062865207293721,0.100605995706212,0.532059392670043,-0.062865207293721,0.100605995706212,0.532059392670042,5.55111512312578e-17,0,4.44089209850063e-16,0
532,"egger",-0.228643991854572,0.133554166970518,0.0907718502298406,-0.228643991854572,0.133554166970518,0.0907718502298404,2.22044604925031e-16,2.77555756156289e-17,1.66533453693773e-16,2.07822610445063e-16
532,"weighted_median",0.0754300434739782,0.109418325414191,0.490588545613912,0.0754300434739782,0.106518410777599,0.478857761708197,0,0.00289991463659219,0.0117307839057151,0.0272245390766012
532,"simple_mode",-0.0890032780041959,0.260987149050173,0.733967376363292,-0.0890032780041959,0.283073329182804,0.75401221139575,0,0.0220861801326311,0.0200448350324582,0.0780228225541102
532,"weighted_mode",0.0115640630860572,0.23213696769248,0.96039189946316,0.0115640630860572,0.230685209339547,0.960142846650301,0,0.00145175835293321,0.00024905281285803,0.00629324418799801
533,"ivw",0.104014057191423,0.102169667301179,0.308653137458615,0.104014057191423,0.102169667301179,0.308653137458615,1.38777878078145e-17,1.38777878078145e-17,0,1.35830801591093e-16
533,"egger",0.0958539865272762,0.147958092682154,0.518939858028849,0.0958539865272763,0.147958092682154,0.518939858028849,9.71445146547012e-17,2.77555756156289e-17,6.66133814775094e-16,1.87590790827873e-16
533,"weighted_median",0.120295409418057,0.0799518074586556,0.132427203965434,0.120295409418057,0.079964569209321,0.132488987118688,1.38777878078145e-17,1.27617506653771e-05,6.17831532545299e-05,0.000159592564451526
533,"simple_mode",0.0771412239315263,0.372903517595565,0.83663331056142,0.0771412239315263,0.354719330497314,0.828388060072043,0,0.018184187098251,0.00824525048937641,0.0512635921835917
533,"weighted_mode",0.0771412239315263,0.352109846774146,0.827136628433833,0.0771412239315263,0.331331895969614,0.816487242296441,0,0.0207779508045324,0.0106493861373924,0.0627103851373184
534,"ivw",0.226912258305834,0.113889395769354,0.0463281247894755,0.226912258305834,0.113889395769354,0.0463281247894755,0,1.38777878078145e-17,2.08166817117217e-17,1.21853204278293e-16
534,"egger",0.145408398347669,0.163011395762289,0.375060800650083,0.145408398347669,0.163011395762289,0.375060800650082,1.66533453693773e-16,1.11022302462516e-16,9.99200722162641e-16,6.81070804549233e-16
534,"weighted_median",0.0884142029530445,0.0710396528971901,0.213287875185447,0.0884142029530445,0.070438147144717,0.209404925587519,1.38777878078145e-17,0.000601505752473155,0.00388294959792843,0.00853948857055178
534,"simple_mode",0.143496572550211,0.287701546405835,0.619294049077125,0.143496572550211,0.290296918051191,0.622425454562329,0,0.00259537164535584,0.00313140548520408,0.00894040371761083
534,"weighted_mode",0.143496572550211,0.259635074529743,0.582000742054221,0.143496572550211,0.251239694454547,0.569476567120435,0,0.00839538007519691,0.0125241749337865,0.0334158186803391
535,"ivw",0.0654966747126454,0.1060123042722,0.536693047486274,0.0654966747126454,0.1060123042722,0.536693047486274,1.38777878078145e-17,1.38777878078145e-17,0,1.30907331022458e-16
535,"egger",-0.153002806372468,0.149475721578321,0.309111258266758,-0.153002806372468,0.149475721578321,0.309111258266757,1.11022302462516e-16,5.55111512312578e-17,4.9960036108132e-16,3.7137235830082e-16
535,"weighted_median",0.0840513163786488,0.0779089666044695,0.280659020699462,0.0840513163786488,0.0783281579658135,0.283241314318482,1.38777878078145e-17,0.000419191361344023,0.00258229361902051,0.00535173266205214
535,"simple_mode",-0.166780987444799,0.321433321748995,0.605268562989122,-0.166780987444799,0.316111169887963,0.59921766322956,0,0.00532215186103213,0.00605089975956263,0.0168363296460496
535,"weighted_mode",-0.0158046318205088,0.297142833709102,0.95771254543048,-0.0158046318205088,0.302772666873855,0.958498119723438,0,0.00562983316475235,0.000785574292958113,0.0185942582693501
536,"ivw",0.0173267710878155,0.104041927716104,0.867734817384892,0.0173267710878155,0.104041927716104,0.867734817384892,3.46944695195361e-18,1.38777878078145e-17,1.11022302462516e-16,1.33386492469481e-16
536,"egger",0.0821849487811082,0.149540418128538,0.584136056402923,0.0821849487811081,0.149540418128538,0.584136056402923,4.16333634234434e-17,0,4.44089209850063e-16,0
536,"weighted_median",-0.0132117425092822,0.0876887547792102,0.880238937943327,-0.0132117425092822,0.0863983804888338,0.878464082209307,0,0.00129037429037641,0.00177485573401981,0.0149351675699892
536,"simple_mode",0.0376282787282249,0.174568934512737,0.829880622267882,0.0376282787282249,0.171124363118614,0.826511219449919,0,0.0034445713941233,0.00336940281796305,0.0201290531128856
536,"weighted_mode",0.0376282787282249,0.133158356397162,0.778217413232961,0.0376282787282249,0.139061895955805,0.787397331101485,0,0.00590353955864234,0.00917991786852423,0.0424526036989928
537,"ivw",-0.0618390593849696,0.0964928380373014,0.521609207263527,-0.0618390593849696,0.0964928380373014,0.521609207263527,6.93889390390723e-18,1.38777878078145e-17,1.11022302462516e-16,1.43821946686341e-16
537,"egger",-0.179339611679936,0.137497077875027,0.195866070312487,-0.179339611679936,0.137497077875027,0.195866070312487,1.11022302462516e-16,2.77555756156289e-17,1.94289029309402e-16,2.01863021706223e-16
537,"weighted_median",-0.0841577426221106,0.0691749090516478,0.223758928562141,-0.0841577426221107,0.0697786887921082,0.227791830258745,1.11022302462516e-16,0.000603779740460456,0.00403290169660414,0.00865278139947997
537,"simple_mode",-0.190651746663375,0.232941943229143,0.415500613562104,-0.190651746663375,0.240790178245949,0.430804246465315,0,0.00784823501680626,0.0153036329032104,0.0325936675406663
537,"weighted_mode",-0.190651746663375,0.201216158836587,0.346203688464083,-0.190651746663375,0.217796526385346,0.383962999595045,0,0.0165803675487587,0.0377593111309624,0.0761277869024558
538,"ivw",0.114436020151679,0.11792134628791,0.331825406575321,0.114436020151679,0.11792134628791,0.331825406575322,2.35922392732846e-16,2.77555756156289e-17,8.32667268468867e-16,2.35373632419889e-16
538,"egger",0.126078781559128,0.177916970324086,0.480608838370897,0.126078781559128,0.177916970324086,0.480608838370898,2.22044604925031e-16,5.55111512312578e-17,5.55111512312578e-16,3.12005938107765e-16
538,"weighted_median",0.0772694343976122,0.0822513818398319,0.347509899249738,0.0772694343976122,0.084293163210328,0.359312976368845,5.55111512312578e-17,0.00204178137049611,0.0118030771191068,0.0242223840313297
538,"simple_mode",-0.126851440387119,0.265853294012238,0.634541444156818,-0.126851440387119,0.277335142066398,0.648612322582516,0,0.0114818480541599,0.0140708784256974,0.0414006244163999
538,"weighted_mode",-0.002969479338018,0.262036855357576,0.990986194156029,-0.002969479338018,0.24299432689586,0.990279851250215,0,0.0190425284617166,0.000706342905814505,0.0783661442017027
539,"ivw",0.22385410731893,0.112513544950426,0.0466378006645339,0.22385410731893,0.112513544950426,0.0466378006645338,2.22044604925031e-16,2.77555756156289e-17,1.59594559789866e-16,2.46686526745364e-16
539,"egger",0.19808045108012,0.166536795958002,0.237796768357434,0.19808045108012,0.166536795958003,0.237796768357435,5.55111512312578e-17,1.11022302462516e-16,2.22044604925031e-16,6.66653287184133e-16
539,"weighted_median",0.0136147330046286,0.0972091452708651,0.888615671985634,0.0136147330046287,0.094317358090985,0.885223910185448,6.93889390390723e-17,0.00289178717988003,0.00339176180018608,0.0306601800390806
539,"simple_mode",-0.0898419940364145,0.375810957128274,0.811661605527701,-0.0898419940364145,0.381805086741044,0.814563163662551,0,0.00599412961277002,0.00290155813485082,0.0156994493288024
539,"weighted_mode",0.116133803504483,0.349628927219874,0.740624183929552,0.116133803504483,0.357808264160183,0.746343323141696,0,0.00817933694030903,0.00571913921214406,0.0228595528935221
540,"ivw",-0.0443922396734179,0.11659077263235,0.703386835168824,-0.0443922396734179,0.11659077263235,0.703386835168824,0,1.38777878078145e-17,0,1.1902989828857e-16
540,"egger",0.0393090836407227,0.170291619585098,0.818033137635832,0.0393090836407228,0.170291619585098,0.818033137635831,1.38777878078145e-16,5.55111512312578e-17,6.66133814775094e-16,3.25976999728502e-16
540,"weighted_median",-0.080174974894716,0.0910156588320268,0.378376223449682,-0.080174974894716,0.0871838948351309,0.357777838100708,0,0.00383176399689597,0.0205983853489743,0.0439503649629559
540,"simple_mode",-0.227336059374091,0.227226773652199,0.320057293045687,-0.227336059374091,0.227137602666236,0.319868508429866,0,8.91709859623946e-05,0.000188784615820781,0.000392585749412111
540,"weighted_mode",-0.109303459747476,0.190399512642112,0.567508324519547,-0.109303459747476,0.188727579260009,0.564088446587351,0,0.00167193338210206,0.00341987793219589,0.00885897752017812
541,"ivw",0.0671073416355401,0.113454593212339,0.554191655809082,0.0671073416355402,0.113454593212339,0.554191655809082,4.16333634234434e-17,1.38777878078145e-17,2.22044604925031e-16,1.2232019361121e-16
541,"egger",0.191157197849466,0.161928762179289,0.241298761795021,0.191157197849466,0.161928762179289,0.241298761795021,5.55111512312578e-17,2.77555756156289e-17,1.66533453693773e-16,1.71406087727008e-16
541,"weighted_median",-0.0320753962271836,0.103895758873517,0.757529421067246,-0.0320753962271836,0.102891567654707,0.755238281774523,0,0.00100419121881071,0.00229113929272273,0.00975970375124101
541,"simple_mode",-0.131999673941158,0.356777738690555,0.712364999476979,-0.131999673941158,0.362896025445744,0.717000117016246,0,0.00611828675518916,0.00463511753926793,0.0168596135702343
541,"weighted_mode",0.0406803997412588,0.293952135507437,0.890274696078645,0.0406803997412588,0.29908126098539,0.892144622376919,0,0.0051291254779528,0.0018699262982742,0.0171496049637271
542,"ivw",0.0608984707045797,0.122333323190769,0.618619585586065,0.0608984707045796,0.122333323190768,0.618619585586065,9.0205620750794e-17,2.77555756156289e-17,4.44089209850063e-16,2.26884833107545e-16
542,"egger",0.0308004448485383,0.189336697053013,0.871184136507946,0.0308004448485382,0.189336697053013,0.871184136507946,1.17961196366423e-16,1.66533453693773e-16,3.33066907387547e-16,8.79562474078365e-16
542,"weighted_median",-0.0211571024057337,0.102047991488875,0.835756031438958,-0.0211571024057337,0.103154463214766,0.837493072419081,3.46944695195361e-18,0.00110647172589118,0.00173704098012295,0.010726358234132
542,"simple_mode",-0.140829171353507,0.233215675904705,0.547625488626053,-0.140829171353507,0.244265103106008,0.565847414572616,0,0.0110494272013027,0.0182219259465634,0.0452353899955467
542,"weighted_mode",-0.0393208486542698,0.189756990155358,0.836360556187724,-0.0393208486542698,0.19776354589491,0.842895840157259,0,0.00800655573955231,0.00653528396953496,0.0404854984942822
543,"ivw",-0.0624186160952788,0.123073892375826,0.612039931538614,-0.0624186160952789,0.123073892375826,0.612039931538613,9.0205620750794e-17,1.38777878078145e-17,6.66133814775094e-16,1.12759802586208e-16
543,"egger",-0.157438373481976,0.19243684799874,0.415713115825953,-0.157438373481976,0.19243684799874,0.415713115825952,2.77555756156289e-17,0,3.33066907387547e-16,0
543,"weighted_median",-0.0828183157948715,0.0782344020140109,0.289785610309625,-0.0828183157948715,0.0804658891626202,0.30336922197102,0,0.0022314871486093,0.0135836116613955,0.0277320883647914
543,"simple_mode",-0.0245500081956996,0.246269823919965,0.920838785195206,-0.0245500081956996,0.223411269509232,0.912770740523693,0,0.0228585544107333,0.00806804467151245,0.102316031151637
543,"weighted_mode",-0.0245500081956996,0.228440079828187,0.914683423237196,-0.0245500081956996,0.222845333942466,0.912550118593287,0,0.00559474588572093,0.0021333046439086,0.0251059593070294
544,"ivw",0.190619075076286,0.102962860998301,0.0641209174987355,0.190619075076286,0.102962860998301,0.0641209174987355,0,1.38777878078145e-17,2.77555756156289e-17,1.34784403553466e-16
544,"egger",0.265215779355035,0.147519225195464,0.0759753954999598,0.265215779355035,0.147519225195464,0.0759753954999598,5.55111512312578e-17,2.77555756156289e-17,8.32667268468867e-17,1.88148870622474e-16
544,"weighted_median",0.0772040870295256,0.0765760563432525,0.313357787090396,0.0772040870295256,0.0742775674959252,0.29861884809719,2.77555756156289e-17,0.00229848884732733,0.014738938993206,0.0309445896630019
544,"simple_mode",0.126414612752195,0.282470023493936,0.655684948267784,0.126414612752195,0.280051722538245,0.652909441168129,0,0.00241830095569162,0.00277550709965446,0.00863519400549794
544,"weighted_mode",0.126414612752195,0.230478535963409,0.584865786922803,0.126414612752195,0.238253680244541,0.597155839081609,0,0.00777514428113232,0.0122900521588065,0.0326338895296475
545,"ivw",-0.0294048591181288,0.145270772349215,0.839592971484896,-0.0294048591181288,0.145270772349215,0.839592971484896,6.93889390390723e-18,0,0,0
545,"egger",0.09999981488534,0.213832644052752,0.641303069941658,0.0999998148853402,0.213832644052752,0.641303069941657,1.94289029309402e-16,2.77555756156289e-17,8.88178419700125e-16,1.29800460255178e-16
545,"weighted_median",0.0658490309725617,0.123399909138031,0.593602385082315,0.0658490309725619,0.123520847257352,0.593963981933789,1.66533453693773e-16,0.000120938119320818,0.000361596851473633,0.000979090752744332
545,"simple_mode",0.226857817011653,0.275814386251065,0.413206156627796,0.226857817011653,0.262003245644128,0.389125017066353,0,0.0138111406069369,0.0240811395614424,0.0527136241117264
545,"weighted_mode",0.132927605091751,0.218526198764774,0.544696208496234,0.132927605091751,0.211936313026923,0.532288612918481,0,0.00658988573785155,0.0124075955777528,0.0310937075564508
546,"ivw",0.0292938678261097,0.12331346892958,0.812225396212063,0.0292938678261097,0.12331346892958,0.812225396212063,3.46944695195361e-18,1.38777878078145e-17,0,1.12540729964701e-16
546,"egger",-0.00789751144899655,0.18451020183593,0.96596556402612,-0.00789751144899657,0.184510201835929,0.96596556402612,1.73472347597681e-17,5.55111512312578e-17,1.11022302462516e-16,3.00856812679765e-16
546,"weighted_median",-0.133956170932848,0.110152251353584,0.223946768098157,-0.133956170932848,0.116532342022616,0.250341931859439,0,0.00638009066903229,0.0263951637612821,0.0547495275414106
546,"simple_mode",0.240779431797679,0.236676001287956,0.312021906442924,0.240779431797679,0.238984730523398,0.316690191439285,0,0.00230872923544206,0.00466828499636018,0.0096605721645301
546,"weighted_mode",-0.0517664152517494,0.184661537085805,0.779938030590291,-0.0517664152517494,0.187919939366666,0.783656239303544,0,0.00325840228086169,0.00371820871325257,0.0173393110483287
547,"ivw",0.153609512983698,0.122641112422375,0.210383215993941,0.153609512983698,0.122641112422375,0.210383215993941,1.11022302462516e-16,2.77555756156289e-17,1.66533453693773e-16,2.26315426103107e-16
547,"egger",0.0577205180181496,0.169479203089049,0.734315674681949,0.0577205180181495,0.169479203089049,0.73431567468195,1.59594559789866e-16,0,6.66133814775094e-16,0
547,"weighted_median",-0.0854466143293264,0.0659396861652259,0.195034108012442,-0.0854466143293263,0.0639537086457704,0.181526482341487,1.38777878078145e-17,0.00198597751945553,0.0135076256709548,0.0310533597114055
547,"simple_mode",0.35112576919729,0.285928768624315,0.222996591655886,0.351125769197296,0.264798211403862,0.188562703661881,6.38378239159465e-15,0.0211305572204525,0.0344338879940057,0.0797987158161912
547,"weighted_mode",-0.0431270354803467,0.229718460458064,0.851551030054002,-0.0431270354803404,0.227177897850764,0.849910878598368,6.32827124036339e-15,0.00254056260730004,0.0016401514556339,0.0111831416318896
548,"ivw",0.0289397763085844,0.12863700306382,0.822000739466015,0.0289397763085844,0.12863700306382,0.822000739466015,2.42861286636753e-17,2.77555756156289e-17,1.11022302462516e-16,2.15766653097932e-16
548,"egger",-0.0646275462471262,0.187908382686952,0.731800412387142,-0.0646275462471261,0.187908382686953,0.731800412387143,1.2490009027033e-16,5.55111512312578e-17,6.66133814775094e-16,2.95416044976222e-16
548,"weighted_median",-0.260010327845775,0.10220518976781,0.0109590086692623,-0.260010327845775,0.101047532505916,0.0100777895647503,5.55111512312578e-17,0.00115765726189433,0.000881219104512021,0.0114565614140707
548,"simple_mode",0.267537803973601,0.316848945877423,0.400949561080343,0.267537803973601,0.326283167140773,0.414647586825393,0,0.00943422126335075,0.0136980257450495,0.0289142138285068
548,"weighted_mode",-0.158030887935754,0.283758464516347,0.579117390143497,-0.158030887935754,0.287151398428455,0.583600766648946,0,0.00339293391210782,0.00448337650544905,0.0118158362824522
549,"ivw",0.0841084162566043,0.14595980916174,0.56445049082108,0.0841084162566044,0.14595980916174,0.564450490821079,5.55111512312578e-17,2.77555756156289e-17,4.44089209850063e-16,1.90159029222028e-16
549,"egger",0.220994758966585,0.204078495378402,0.282109950602698,0.220994758966586,0.204078495378402,0.282109950602697,3.05311331771918e-16,5.55111512312578e-17,6.66133814775094e-16,2.72008822528455e-16
549,"weighted_median",-0.0721687449561598,0.10155131470951,0.477293196842795,-0.0721687449561598,0.104569298384651,0.490098397457009,2.77555756156289e-17,0.00301798367514061,0.0128052006142139,0.0288610875444451
549,"simple_mode",-0.0761296984151657,0.234865942568478,0.746666768937978,-0.0761296984151657,0.2297655982634,0.741246127063711,0,0.00510034430507783,0.0054206418742675,0.0221980328805832
549,"weighted_mode",-0.0761296984151657,0.176526539435095,0.667421398273936,-0.0761296984151657,0.167839070806343,0.651338687142419,0,0.0086874686287515,0.0160827111315165,0.0517607049837359
550,"ivw",0.295548251418426,0.110404785338763,0.00742953973954415,0.295548251418426,0.110404785338763,0.00742953973954414,0,1.38777878078145e-17,9.54097911787244e-18,1.25699151220957e-16
550,"egger",0.178068478724399,0.156464361671792,0.25848524050886,0.178068478724399,0.156464361671792,0.258485240508859,2.22044604925031e-16,2.77555756156289e-17,8.32667268468867e-16,1.77392316813016e-16
550,"weighted_median",0.0182904862477502,0.0792648923760144,0.817507926122421,0.0182904862477502,0.0807097572399903,0.820718843473842,0,0.00144486486397588,0.00321091735142098,0.0179019850063429
550,"simple_mode",0.0510655163321234,0.510472158199029,0.920563045724291,0.0510655163321234,0.480688737142597,0.915659308734656,0,0.0297834210564322,0.00490373698963531,0.0619598895399059
550,"weighted_mode",0.0510655163321234,0.491021678657527,0.917427616548186,0.0510655163321234,0.416802997051689,0.902792932162681,0,0.0742186816058385,0.0146346843855045,0.178066573731077
551,"ivw",-0.0373283798467888,0.0836703318581499,0.655498727628551,-0.0373283798467888,0.0836703318581499,0.655498727628551,0,0,0,0
551,"egger",-0.0333350297458916,0.117338581657291,0.777073380327449,-0.0333350297458916,0.117338581657291,0.77707338032745,2.08166817117217e-17,1.38777878078145e-17,2.22044604925031e-16,1.18271310355081e-16
551,"weighted_median",-0.0499002830809356,0.0764026221309261,0.513677210854363,-0.0499002830809356,0.0745072744966075,0.50302542149094,0,0.00189534763431867,0.0106517893634235,0.0254384239273841
551,"simple_mode",0.0150533725773292,1.17932865166952,0.989847179622827,0.0150533725773292,1.29038968388208,0.990720968762232,0,0.111061032212561,0.000873789139404724,0.0860678240068062
551,"weighted_mode",0.0150533725773292,1.18492563329195,0.989895133726773,0.0150533725773292,1.20536538716713,0.990066475975265,0,0.0204397538751795,0.000171342248491801,0.0169573094538722
552,"ivw",0.213003528377967,0.0767273415360922,0.00550136181154013,0.213003528377967,0.0767273415360922,0.00550136181154017,1.94289029309402e-16,0,3.72965547335014e-17,0
552,"egger",0.267296141692619,0.106211881207855,0.0138474372247441,0.267296141692618,0.106211881207855,0.0138474372247442,4.9960036108132e-16,4.16333634234434e-17,1.14491749414469e-16,3.91984050654067e-16
552,"weighted_median",0.0982142883953067,0.0722671802554228,0.174132599605123,0.0982142883953067,0.0735840245616432,0.181967030185983,0,0.00131684430622035,0.00783443058086059,0.0178957907516624
552,"simple_mode",0.0867424453200339,0.823379441380206,0.916359097053745,0.0867424453200339,0.934635275769138,0.926284570917258,0,0.111255834388932,0.00992547386351328,0.119036630943955
552,"weighted_mode",0.0867424453200339,0.832858854467355,0.917307579799856,0.0867424453200339,0.765695033175087,0.910084209194423,0,0.067163821292268,0.00722337060543354,0.087716151185886
553,"ivw",-0.176848252445559,0.0754956677594179,0.0191552714675269,-0.176848252445559,0.0754956677594179,0.019155271467527,1.38777878078145e-16,1.38777878078145e-17,1.11022302462516e-16,1.83822306891023e-16
553,"egger",-0.0973537985695184,0.108646413414966,0.372908666725551,-0.0973537985695183,0.108646413414967,0.372908666725551,6.93889390390723e-17,4.16333634234434e-17,3.33066907387547e-16,3.83200532027026e-16
553,"weighted_median",-0.0491928267753284,0.0915652087963151,0.591099325176196,-0.0491928267753284,0.0860609867886524,0.567590107911302,6.93889390390723e-18,0.00550422200766265,0.0235092172648936,0.0639572263002266
553,"simple_mode",-0.100925714141299,1.44901859990236,0.944643045115945,-0.100925714141299,1.34771659313787,0.94048969588641,0,0.101302006764491,0.00415334922953503,0.0751656596648637
553,"weighted_mode",-0.100925714141299,1.32886001233787,0.939646872988821,-0.100925714141299,1.2435176912759,0.935513755281569,0,0.0853423210619693,0.00413311770725144,0.068629760284636
554,"ivw",-0.0194640523601653,0.122153189375115,0.873399955544939,-0.0194640523601653,0.122153189375115,0.873399955544939,2.08166817117217e-17,2.77555756156289e-17,1.11022302462516e-16,2.27219409968867e-16
554,"egger",0.270165419555524,0.177228738060814,0.131355369408699,0.270165419555524,0.177228738060814,0.131355369408699,1.11022302462516e-16,2.77555756156289e-17,1.11022302462516e-16,1.56608775299776e-16
554,"weighted_median",0.214867050867117,0.100954895225919,0.0333083219294748,0.214867050867117,0.103410894489336,0.0377278780247003,2.77555756156289e-17,0.00245599926341669,0.00441955609522549,0.0237499083200558
554,"simple_mode",-0.216516330914632,0.344187918767018,0.531077106209499,-0.216516330914632,0.376787814684987,0.56712921617567,0,0.0325998959179688,0.0360521099661718,0.0865205684669603
554,"weighted_mode",0.109231586559568,0.29956185918805,0.71633203481003,0.109231586559568,0.32049877611148,0.734123405003662,0,0.0209369169234309,0.0177913701936327,0.0653260432924345
555,"ivw",-0.143233792507026,0.0842928511293402,0.0892739542703277,-0.143233792507026,0.0842928511293402,0.0892739542703276,5.55111512312578e-17,1.38777878078145e-17,8.32667268468867e-17,1.64637779145947e-16
555,"egger",-0.140786630415747,0.123885248652986,0.259170372629041,-0.140786630415748,0.123885248652986,0.25917037262904,3.05311331771918e-16,4.16333634234434e-17,8.32667268468867e-16,3.36063929128982e-16
555,"weighted_median",-0.195650986516679,0.0805071088476696,0.0150891429287327,-0.195650986516679,0.0815948444156956,0.0164922854107749,1.11022302462516e-16,0.00108773556802601,0.00140314248204223,0.0133309350096238
555,"simple_mode",-0.148359851548451,0.430553957941232,0.73130395900015,-0.148359851548451,0.434538856858807,0.733672240775217,0,0.00398489891757453,0.00236828177506698,0.00917040870954684
555,"weighted_mode",-0.0241867958783959,0.421461206065106,0.954377493126116,-0.0241867958783959,0.388629830177428,0.950528150903637,0,0.032831375887678,0.00384934222247924,0.0844798143073292
556,"ivw",-0.0488312083954891,0.100707175503632,0.627759264418827,-0.048831208395489,0.100707175503632,0.627759264418827,2.77555756156289e-17,1.38777878078145e-17,2.22044604925031e-16,1.37803366427589e-16
556,"egger",-0.0749745905225653,0.139177463372341,0.591591282115617,-0.0749745905225653,0.139177463372341,0.591591282115617,1.38777878078145e-17,5.55111512312578e-17,0,3.98851580465646e-16
556,"weighted_median",0.133798145795515,0.0738376794964226,0.0699772602853399,0.133798145795515,0.072878915881575,0.0663729670582247,2.77555756156289e-17,0.000958763614847549,0.00360429322711525,0.0131555691141934
556,"simple_mode",-0.00714009651924652,1.04745028046824,0.994577907269398,-0.00714009651924652,1.09744364534511,0.994824903729846,0,0.0499933648768733,0.000246996460448123,0.0455543800257298
556,"weighted_mode",-0.00714009651924652,1.00447625961378,0.994345940378731,-0.00714009651924652,1.06726161320861,0.994678554799662,0,0.0627853535948293,0.000332614420931132,0.0588284566949538
557,"ivw",0.102458073984364,0.103544578096182,0.322415197972776,0.102458073984364,0.103544578096182,0.322415197972776,5.55111512312578e-17,1.38777878078145e-17,2.22044604925031e-16,1.34027180012491e-16
557,"egger",0.0486204967689084,0.141688136216942,0.732384600401485,0.0486204967689082,0.141688136216942,0.732384600401486,1.31838984174237e-16,2.77555756156289e-17,7.7715611723761e-16,1.95892022837619e-16
557,"weighted_median",0.0604382046443955,0.0839333776917467,0.471479716191285,0.0604382046443955,0.0836078337943061,0.469755274632337,6.93889390390723e-18,0.000325543897440689,0.00172444155894796,0.00389370089699489
557,"simple_mode",-0.0293310134660898,0.469365850104755,0.950325993302765,-0.0293310134660933,0.467522835573112,0.950130433596411,3.5527136788005e-15,0.00184301453164365,0.000195559706354653,0.00394208451739987
557,"weighted_mode",0.0989897954211645,0.442817478154473,0.823673914742299,0.0989897954211609,0.455602085226165,0.828542359913216,3.5527136788005e-15,0.0127846070716911,0.00486844517091678,0.0280609055275608
558,"ivw",-0.0695984874604215,0.106683830312145,0.514155517612047,-0.0695984874604215,0.106683830312145,0.514155517612047,1.38777878078145e-17,2.77555756156289e-17,0,2.60166658193834e-16
558,"egger",-0.0478457355158978,0.159155162506781,0.764481708564086,-0.0478457355158975,0.159155162506781,0.764481708564087,2.56739074444567e-16,1.38777878078145e-16,9.99200722162641e-16,8.71965922388672e-16
558,"weighted_median",0.13292848406216,0.0904812003151011,0.14179801692132,0.13292848406216,0.085135477856616,0.118435082800468,0,0.00534572245848511,0.0233629341208526,0.0627907729312132
558,"simple_mode",-0.252876181799892,1.57474290845493,0.872822038433003,-0.252876181799892,1.46474497977389,0.863363662937004,0,0.109997928681038,0.00945837549599982,0.0750969828877772
558,"weighted_mode",0.109763463413396,1.56895876828111,0.944398380630235,0.109763463413396,1.62218704881937,0.946219953285212,0,0.0532282805382673,0.00182157265497707,0.0328126652083721
559,"ivw",-0.255630403097789,0.124007756491145,0.0392642692542601,-0.255630403097789,0.124007756491145,0.03926426925426,1.66533453693773e-16,1.38777878078145e-17,9.71445146547012e-17,1.11910643337907e-16
559,"egger",-0.217070496647474,0.17580721353942,0.220553682038077,-0.217070496647475,0.17580721353942,0.220553682038075,3.60822483003176e-16,1.11022302462516e-16,1.08246744900953e-15,6.31500267977468e-16
559,"weighted_median",-0.0957093059161786,0.093215757468474,0.304538062641422,-0.0957093059161786,0.0905553025414492,0.290550138402997,0,0.00266045492702485,0.013987924238425,0.0293793389493354
559,"simple_mode",-0.427215179132342,0.52047278047804,0.414157226793803,-0.427215179132342,0.519837902149598,0.413589688250093,0,0.000634878328442001,0.000567538543710056,0.00122130057430729
559,"weighted_mode",-0.151097407630788,0.493364422778411,0.760193097456692,-0.151097407630788,0.546595489463857,0.782919113047762,0,0.0532310666854465,0.02272601559107,0.0973865824206849
560,"ivw",-0.0427164241832813,0.11554750593202,0.711615633001501,-0.0427164241832814,0.11554750593202,0.711615633001501,6.2450045135165e-17,1.38777878078145e-17,3.33066907387547e-16,1.20104607155945e-16
560,"egger",-0.0248138828187017,0.164898367306134,0.880764811131521,-0.0248138828187017,0.164898367306134,0.880764811131521,3.81639164714898e-17,2.77555756156289e-17,2.22044604925031e-16,1.68319287019384e-16
560,"weighted_median",-0.0444801775514548,0.0891559920421727,0.617847833867835,-0.0444801775514548,0.0871818904419159,0.609911536611193,1.38777878078145e-17,0.00197410160025682,0.00793629725664224,0.022643482382067
560,"simple_mode",0.0411591302101941,2.26545798138308,0.985549406943561,0.0411591302101941,1.98399223012208,0.983499604029395,0,0.281465751260999,0.00204980291416634,0.141868373770637
560,"weighted_mode",0.0411591302101941,2.25642250289243,0.985491548367681,0.0411591302101941,2.18506449683945,0.985017799336949,0,0.0713580060529879,0.00047374903073194,0.0326571623657804
561,"ivw",-0.194297508409832,0.0764020300173798,0.0109875812494965,-0.194297508409832,0.0764020300173798,0.0109875812494965,2.77555756156289e-17,1.38777878078145e-17,0,1.81641610892506e-16
561,"egger",-0.178864599808427,0.10778977449365,0.100954003402948,-0.178864599808427,0.10778977449365,0.100954003402948,8.32667268468867e-17,0,1.66533453693773e-16,0
561,"weighted_median",-0.291969134495829,0.0648849523724546,6.80182852129165e-06,-0.291969134495829,0.0654090116143934,8.05394898807593e-06,0,0.000524059241938768,1.25212046678428e-06,0.00801203425956444
561,"simple_mode",-0.288597693625812,0.576002819600887,0.617705226121053,-0.288597693625812,0.562266508683663,0.609155697677929,0,0.0137363109172247,0.00854952844312407,0.0244302491880286
561,"weighted_mode",-0.288597693625812,0.540057694653343,0.594540273010131,-0.288597693625812,0.541297146618892,0.595383073173305,0,0.00123945196554853,0.000842800163174062,0.00228978108103937
562,"ivw",-0.0386354188692484,0.0883422889985763,0.661866414041962,-0.0386354188692484,0.0883422889985763,0.661866414041962,1.38777878078145e-17,1.38777878078145e-17,1.11022302462516e-16,1.57091105122238e-16
562,"egger",0.0119163252039128,0.125117133997183,0.924361286533696,0.0119163252039129,0.125117133997182,0.924361286533695,9.8879238130678e-17,2.77555756156289e-17,6.66133814775094e-16,2.21836727943704e-16
562,"weighted_median",0.0310013746490067,0.0541711703789314,0.567128579939764,0.0310013746490067,0.0526736613164516,0.556159472818354,6.93889390390723e-18,0.00149750906247977,0.0109691071214102,0.028429940601301
562,"simple_mode",0.0271751096750017,0.842770733732653,0.974356024221704,0.0271751096750017,0.77040305101225,0.97194812942292,0,0.0723676827204032,0.00240789479878356,0.0939348340135954
562,"weighted_mode",0.0271751096750017,0.847297025359291,0.974492967603074,0.0271751096750017,0.83416930758748,0.974091693968724,0,0.0131277177718108,0.000401273634349941,0.0157374739784873
563,"ivw",0.274318417990549,0.0976691877587222,0.0049749931593391,0.274318417990549,0.0976691877587222,0.00497499315933909,5.55111512312578e-17,2.77555756156289e-17,7.80625564189563e-18,2.84179445458225e-16
563,"egger",0.248183046987916,0.152072263214084,0.106608392479942,0.248183046987915,0.152072263214084,0.106608392479942,1.11022302462516e-16,0,1.2490009027033e-16,0
563,"weighted_median",0.0900833497702928,0.0731603053384196,0.218205235338642,0.0900833497702928,0.0725208941779524,0.214173486506513,0,0.00063941116046716,0.00403174883212881,0.00881692328418024
563,"simple_mode",0.0500302145090302,0.289308015749625,0.863137358103183,0.0500302145090302,0.270335802463994,0.853639156538842,0,0.0189722132856313,0.00949820156434167,0.0701801726323624
563,"weighted_mode",0.143946444075114,0.265068537388118,0.588584146927524,0.143946444075114,0.257461601513362,0.577636951815424,0,0.00760693587475519,0.0109471951120995,0.0295459044379493
564,"ivw",-0.0422227942355907,0.123950483847022,0.73337278193084,-0.0422227942355908,0.123950483847022,0.73337278193084,9.0205620750794e-17,4.16333634234434e-17,4.44089209850063e-16,3.35887058535623e-16
564,"egger",0.250891333969853,0.176733496361551,0.159608412953439,0.250891333969853,0.176733496361551,0.159608412953439,0,2.77555756156289e-17,8.32667268468867e-17,1.57047623608646e-16
564,"weighted_median",0.189799263372446,0.0913673340641316,0.0377719606877281,0.189799263372446,0.0925466850588654,0.0402816678537688,0,0.00117935099473382,0.00250970716604071,0.0127433088930595
564,"simple_mode",-0.00473568268007707,1.62934021828621,0.997688095565272,-0.00473568268007707,1.64705188218206,0.997712956688287,0,0.0177116638958528,2.48611230146967e-05,0.0107535555421532
564,"weighted_mode",-0.00473568268007707,1.64460141455349,0.997709548987259,-0.00473568268007707,1.74547751625258,0.997841920315805,0,0.10087610169909,0.000132371328546377,0.0577928393576012
565,"ivw",-0.0829085942686208,0.118271695131621,0.483302297693432,-0.0829085942686207,0.118271695131621,0.483302297693432,4.16333634234434e-17,1.38777878078145e-17,4.9960036108132e-16,1.17338199916475e-16
565,"egger",-0.087532395231625,0.166778651157015,0.6011446688573,-0.0875323952316249,0.166778651157015,0.6011446688573,8.32667268468867e-17,5.55111512312578e-17,4.44089209850063e-16,3.32843267685362e-16
565,"weighted_median",-0.198360824046253,0.0732058881404701,0.00673584320525562,-0.198360824046253,0.074847337120382,0.00804428262961905,0,0.00164144897991197,0.00130843942436343,0.0219306262996628
565,"simple_mode",-0.22120638081778,1.02884349210137,0.830303922186707,-0.22120638081778,1.11248960678472,0.842886899912783,0,0.0836461146833494,0.0125829777260758,0.0751882212410958
565,"weighted_mode",-0.22120638081778,1.03063436228697,0.830594234880671,-0.22120638081778,0.982561806072509,0.822443381973236,0,0.0480725562144579,0.00815085290743489,0.0489257326280708
566,"ivw",-0.0770983227423295,0.117473615978804,0.51162898969828,-0.0770983227423295,0.117473615978804,0.51162898969828,2.77555756156289e-17,1.38777878078145e-17,2.22044604925031e-16,1.18135359094747e-16
566,"egger",-0.301585391166602,0.172820773867937,0.084811554261492,-0.301585391166602,0.172820773867937,0.0848115542614919,1.66533453693773e-16,0,1.80411241501588e-16,0
566,"weighted_median",-0.123832920151667,0.0891960979703354,0.165038964707935,-0.123832920151667,0.0890242034937556,0.164224564656946,1.38777878078145e-17,0.000171894476579781,0.000814400050988845,0.00193087351342423
566,"simple_mode",-0.0719892356488036,0.290554986983093,0.804943556183805,-0.0719892356488036,0.26798732824455,0.788897999665504,0,0.0225676587385432,0.0160455565183012,0.0842116636125019
566,"weighted_mode",-0.0719892356488036,0.239128262428904,0.764148849328113,-0.0719892356488036,0.213680358084721,0.737062509452393,0,0.0254479043441831,0.0270863398757208,0.119093325059355
567,"ivw",-0.109225741615408,0.110886457942791,0.3246126399228,-0.109225741615408,0.110886457942791,0.3246126399228,1.38777878078145e-17,4.16333634234434e-17,1.11022302462516e-16,3.75459404113379e-16
567,"egger",0.105459003770609,0.164004230259946,0.52204599927047,0.105459003770608,0.164004230259946,0.522045999270471,4.02455846426619e-16,8.32667268468867e-17,1.33226762955019e-15,5.0771084815867e-16
567,"weighted_median",-0.00430430427983186,0.0743670646447909,0.953844871990316,-0.00430430427983191,0.0729790137875076,0.952968015726585,4.85722573273506e-17,0.00138805085728338,0.000876856263730796,0.0190198631804612
567,"simple_mode",0.0479684021615769,0.97908112324312,0.961045252125185,0.0479684021615769,0.876288649211836,0.95648006672661,0,0.102792474031284,0.0045651853985752,0.11730435413461
567,"weighted_mode",0.0479684021615769,0.976162246424451,0.960928866114696,0.0479684021615769,0.948412889275655,0.959786666767677,0,0.0277493571487962,0.00114219934701976,0.0292587305197736
568,"ivw",0.057317165229149,0.108086399730395,0.595910697355633,0.057317165229149,0.108086399730395,0.595910697355633,6.93889390390723e-18,2.77555756156289e-17,1.11022302462516e-16,2.56790638645204e-16
568,"egger",-0.139893343983442,0.151714450560137,0.359257712141782,-0.139893343983442,0.151714450560137,0.359257712141782,1.11022302462516e-16,0,3.33066907387547e-16,0
568,"weighted_median",-0.08467633220027,0.0683480313681379,0.215382771378769,-0.08467633220027,0.0686003076864693,0.217074996445108,0,0.000252276318331357,0.00169222506633884,0.00367748085743814
568,"simple_mode",-0.0272320862927664,1.22095628576934,0.98226039157908,-0.0272320862927664,1.12131091174538,0.980684260940886,0,0.0996453740239527,0.0015761306381944,0.0888650712128085
568,"weighted_mode",-0.0272320862927664,1.17627896450237,0.981586726999675,-0.0272320862927664,1.00680580840641,0.978487975832246,0,0.169473156095959,0.00309875116742842,0.1683275510341
569,"ivw",0.0494518975747216,0.12093083007622,0.682593136759194,0.0494518975747216,0.12093083007622,0.682593136759194,6.93889390390723e-18,1.38777878078145e-17,0,1.14758062927937e-16
569,"egger",0.266495139739678,0.166633324388149,0.113698222856425,0.266495139739678,0.166633324388149,0.113698222856425,2.22044604925031e-16,2.77555756156289e-17,2.91433543964104e-16,1.66566775988794e-16
569,"weighted_median",0.113618508155817,0.091990332550809,0.216788239268672,0.113618508155817,0.0920811171669546,0.217241716877706,0,9.07846161457004e-05,0.000453477609034164,0.000985920012037826
569,"simple_mode",0.094694955663169,0.581512929769695,0.871048111493295,0.094694955663169,0.545260048625142,0.862558620303748,0,0.0362528811445522,0.00848949118954767,0.0664873233165767
569,"weighted_mode",0.094694955663169,0.549402134223136,0.863584443250082,0.094694955663169,0.591386751526857,0.873182380857977,0,0.0419846173037212,0.00959793760789451,0.07099350331289
570,"ivw",0.0870163225339252,0.110191220287406,0.429711919307616,0.0870163225339252,0.110191220287406,0.429711919307616,4.16333634234434e-17,1.38777878078145e-17,1.66533453693773e-16,1.25942772678419e-16
570,"egger",0.21510191325032,0.158757319548164,0.179259977608241,0.21510191325032,0.158757319548164,0.179259977608241,1.66533453693773e-16,8.32667268468867e-17,0,5.24490631889419e-16
570,"weighted_median",0.074344933839214,0.080136920219444,0.353550822685886,0.074344933839214,0.0795119523238865,0.349780143125402,0,0.000624967895557466,0.00377067956048427,0.00786004968173466
570,"simple_mode",-0.145555775984183,0.500455042595789,0.771911862851752,-0.145555775984183,0.471785972936934,0.758478166166841,0,0.0286690696588557,0.0134336966849107,0.0607671090354526
570,"weighted_mode",0.0961222927712056,0.46331391769992,0.83616596795138,0.0961222927712056,0.418305974658886,0.818834690315793,0,0.0450079430410341,0.017331277635587,0.107595745142623
571,"ivw",0.000709573292435635,0.110141740370898,0.994859771993766,0.00070957329243561,0.110141740370898,0.994859771993766,2.4828229749918e-17,5.55111512312578e-17,2.22044604925031e-16,5.03997404111523e-16
571,"egger",0.262173740017919,0.159286784596466,0.103703098433513,0.262173740017919,0.159286784596466,0.103703098433513,2.77555756156289e-16,5.55111512312578e-17,2.4980018054066e-16,3.48498159291047e-16
571,"weighted_median",-0.0695971039115884,0.106564946158353,0.513694609616148,-0.0695971039115884,0.105381635274002,0.508978470325535,0,0.00118331088435088,0.00471613929061232,0.0112288149759126
571,"simple_mode",-0.235267383382864,0.872819862603658,0.78819302232386,-0.235267383382864,0.793834507825583,0.767707390599252,0,0.0789853547780756,0.0204856317246082,0.0994985151180022
571,"weighted_mode",0.00181942493294782,0.849128003109885,0.998295643966603,0.00181942493294782,0.803300205088072,0.998198411634282,0,0.0458277980218127,9.72323323206181e-05,0.0570494041101212
572,"ivw",-0.419236753262219,0.12505375906798,0.000800990634310812,-0.419236753262219,0.12505375906798,0.000800990634310813,5.55111512312578e-17,0,1.40946282423116e-18,0
572,"egger",-0.27482281338775,0.18053461783926,0.131884066083519,-0.27482281338775,0.18053461783926,0.131884066083519,0,2.77555756156289e-17,0,1.53741016253964e-16
572,"weighted_median",0.00711297022021738,0.0947515028770911,0.940159227758107,0.00711297022021738,0.0962291231615882,0.941076411250194,0,0.00147762028449712,0.00091718349208636,0.0153552296430665
572,"simple_mode",-0.0712794627681826,0.491188129330585,0.884979448964537,-0.0712794627681826,0.476748039273385,0.881521433530122,0,0.0144400900572003,0.00345801543441515,0.0302887245833428
572,"weighted_mode",-0.0712794627681826,0.452323260991169,0.875175820835183,-0.0712794627681826,0.430016458722354,0.868758979757274,0,0.0223068022688153,0.00641684107790885,0.0518742988003116
573,"ivw",-0.306794948824889,0.130780922188304,0.0189827633457689,-0.306794948824889,0.130780922188304,0.0189827633457689,1.11022302462516e-16,2.77555756156289e-17,2.42861286636753e-17,2.12229545037656e-16
573,"egger",-0.357463210842547,0.191697686741597,0.0658874026199487,-0.357463210842547,0.191697686741597,0.065887402619949,4.9960036108132e-16,2.77555756156289e-17,3.19189119579733e-16,1.44788265771003e-16
573,"weighted_median",-0.191024833141226,0.0898127505993349,0.0334264553965888,-0.191024833141226,0.0904863321993293,0.0347645368235577,2.77555756156289e-17,0.000673581599994408,0.00133808142696899,0.00744401484315441
573,"simple_mode",-0.169533436905676,1.07060478740148,0.87457280844761,-0.169533436905676,1.02016975083426,0.868428155024645,0,0.0504350365672215,0.00614465342296422,0.0494378867104983
573,"weighted_mode",-0.169533436905676,1.08314090959957,0.876012455980978,-0.169533436905676,1.06841691430128,0.874318134531382,0,0.0147239952982876,0.00169432144959636,0.0137811327218802
574,"ivw",0.253567006476431,0.143539423755863,0.0773066131688168,0.253567006476431,0.143539423755863,0.0773066131688169,5.55111512312578e-17,5.55111512312578e-17,9.71445146547012e-17,3.86731044188063e-16
574,"egger",0.0969311737336829,0.218685705213148,0.658785461182559,0.0969311737336828,0.218685705213148,0.658785461182559,5.55111512312578e-17,2.77555756156289e-17,2.22044604925031e-16,1.26919935569525e-16
574,"weighted_median",0.115341138515138,0.0897192478438272,0.198590194629293,0.115341138515138,0.0917415754625812,0.208666900160205,4.16333634234434e-17,0.00202232761875397,0.0100767055309119,0.0220437419845577
574,"simple_mode",-0.128989451008234,0.459162995309187,0.779485779317872,-0.128989451008234,0.457278924317861,0.778601291860077,0,0.00188407099132631,0.000884487457794791,0.00412017893485218
574,"weighted_mode",0.185658573953199,0.441051812844681,0.674910036194655,0.185658573953199,0.471657186504131,0.694888242954995,0,0.0306053736594493,0.0199782067603398,0.0648890222288202
575,"ivw",0.272750149971171,0.115154414624265,0.0178574795911256,0.272750149971171,0.115154414624264,0.0178574795911256,1.11022302462516e-16,2.77555756156289e-17,1.38777878078145e-17,2.41029192898875e-16
575,"egger",0.396918742166756,0.181562660592043,0.0317294594587323,0.396918742166755,0.181562660592043,0.0317294594587325,6.10622663543836e-16,1.11022302462516e-16,1.80411241501588e-16,6.1148202003921e-16
575,"weighted_median",0.202845429618726,0.083750953638337,0.0154350361534244,0.202845429618726,0.0853150322925507,0.0174254908882445,0,0.00156407865421375,0.00199045473482013,0.0183329785172023
575,"simple_mode",0.223608563789147,0.506795581827058,0.660228943583092,0.223608563789147,0.538498773779847,0.679060942103364,0,0.0317031919527896,0.0188319985202725,0.0588732853192173
575,"weighted_mode",0.223608563789147,0.479449813779906,0.642191299167444,0.223608563789147,0.441849860797764,0.614179571359909,0,0.037599952982142,0.028011727807535,0.0850966726893496
576,"ivw",0.084308437209825,0.0664117573535743,0.204269707389285,0.084308437209825,0.0664117573535743,0.204269707389285,5.55111512312578e-17,2.77555756156289e-17,2.22044604925031e-16,4.17931654298184e-16
576,"egger",-0.0362659016400128,0.0953863656534635,0.704804488443665,-0.0362659016400129,0.0953863656534635,0.704804488443665,9.71445146547012e-17,1.38777878078145e-17,7.7715611723761e-16,1.45490267007678e-16
576,"weighted_median",-0.00495377098889073,0.0621931389157364,0.936514508592017,-0.00495377098889071,0.0585300835611475,0.932550522012377,1.82145964977565e-17,0.00366305535458897,0.0039639865796407,0.062584147018381
576,"simple_mode",0.0799479794790597,0.257240348684914,0.756757893462267,0.0799479794790597,0.230410342186016,0.729505568026865,0,0.0268300064988981,0.0272523254354018,0.11644445403079
576,"weighted_mode",0.0799479794790597,0.221290804180052,0.718830652481698,0.0799479794790597,0.226547235725574,0.72508189221206,0,0.0052564315455228,0.00625123973036201,0.0232023645253837
577,"ivw",-0.021231822904785,0.0800571804817847,0.790849057432562,-0.0212318229047851,0.0800571804817847,0.790849057432562,3.46944695195361e-17,1.38777878078145e-17,2.22044604925031e-16,1.73348445752122e-16
577,"egger",0.0737630465206306,0.116251557099769,0.527556914508509,0.0737630465206304,0.116251557099769,0.52755691450851,1.80411241501588e-16,4.16333634234434e-17,9.99200722162641e-16,3.58131662595391e-16
577,"weighted_median",-0.106397665387627,0.0752250394118309,0.157246949092808,-0.106397665387627,0.076632965508282,0.165013465149062,4.16333634234434e-17,0.0014079260964511,0.00776651605625481,0.0183723295465962
577,"simple_mode",-0.16837503846833,0.633160740286647,0.790970529756352,-0.16837503846833,0.629953486931838,0.789931638586543,0,0.00320725335480865,0.00103889116980893,0.00509125422962486
577,"weighted_mode",-0.0543328864064902,0.593892594062909,0.927332266400481,-0.0543328864064902,0.625393453831794,0.930982956248378,0,0.031500859768885,0.00365068984789718,0.0503696666088824
578,"ivw",-0.0925856313156654,0.0767181237749122,0.227498132200306,-0.0925856313156653,0.0767181237749122,0.227498132200306,1.38777878078145e-17,1.38777878078145e-17,5.55111512312578e-17,1.80893211733531e-16
578,"egger",0.0117521056843837,0.115308674662355,0.919076262393509,0.0117521056843838,0.115308674662355,0.919076262393508,1.2490009027033e-16,2.77555756156289e-17,8.88178419700125e-16,2.40706743849952e-16
578,"weighted_median",-0.0543094717466963,0.0838544553746622,0.517202603697988,-0.0543094717466963,0.0795135636637175,0.494593271070156,6.93889390390723e-18,0.00434089171094466,0.0226093326278326,0.0545930972142484
578,"simple_mode",0.10166083544293,2.88652077090414,0.971991633214107,0.10166083544293,3.09618244707442,0.973887538137333,0,0.209661676170275,0.00189590492322578,0.0677161891310326
578,"weighted_mode",0.10166083544293,2.9397213707756,0.972498298631137,0.10166083544293,2.98249154414123,0.972892528782036,0,0.0427701733656289,0.000394230150899122,0.0143404173096974
579,"ivw",0.0879555715531081,0.107936194296049,0.415138215020415,0.0879555715531082,0.107936194296049,0.415138215020415,2.77555756156289e-17,0,0,0
579,"egger",0.0546201760086746,0.16223643448416,0.737247091943472,0.0546201760086748,0.16223643448416,0.737247091943471,1.94289029309402e-16,8.32667268468867e-17,7.7715611723761e-16,5.13243077066123e-16
579,"weighted_median",0.082009280532374,0.084599488837093,0.332354282918719,0.082009280532374,0.0881950092490181,0.352441994994439,0,0.00359552041192514,0.0200877120757202,0.0407678443773752
579,"simple_mode",0.206514100981468,1.93918938677493,0.915452883855785,0.206514100981472,1.83076930924489,0.910466774628115,3.5527136788005e-15,0.108420077530047,0.00498610922767007,0.0592210482132046
579,"weighted_mode",0.206514100981468,1.93441257338658,0.915244904975885,0.206514100981472,1.89857851730047,0.913651541535621,3.5527136788005e-15,0.0358340560861101,0.00159336344026373,0.0188741501916188
580,"ivw",0.0732868480912539,0.0833411657282282,0.379206369336436,0.0732868480912539,0.0833411657282282,0.379206369336436,0,1.38777878078145e-17,5.55111512312578e-17,1.66517802895502e-16
580,"egger",0.21876712029148,0.125590386772633,0.0853677002751204,0.218767120291481,0.125590386772633,0.0853677002751198,4.9960036108132e-16,2.77555756156289e-17,5.82867087928207e-16,2.2100079734508e-16
580,"weighted_median",0.155565255448506,0.0765745015395566,0.0421988003641385,0.155565255448506,0.0787150414063887,0.04811977554011,2.77555756156289e-17,0.0021405398668321,0.00592097517597151,0.0271935303416911
580,"simple_mode",0.171897158862869,1.20402800026491,0.886827636434603,0.171897158862869,1.16073570209278,0.882637194789072,0,0.0432922981721311,0.00419044164553151,0.0372972917900914
580,"weighted_mode",0.171897158862869,1.16828651643774,0.88339018618889,0.171897158862869,1.24420179019817,0.890457971539747,0,0.0759152737604218,0.00706778535085684,0.0610152423493384
581,"ivw",-0.0583080871135407,0.105495036624132,0.580462488864486,-0.0583080871135407,0.105495036624132,0.580462488864486,1.38777878078145e-17,2.77555756156289e-17,0,2.63098402577167e-16
581,"egger",0.00117118322013087,0.158318106372655,0.994115993135242,0.00117118322013103,0.158318106372655,0.994115993135241,1.61329283265843e-16,2.77555756156289e-17,7.7715611723761e-16,1.75315232423869e-16
581,"weighted_median",0.03396029781571,0.0913303616415963,0.710011848323795,0.03396029781571,0.0861298745019067,0.693365663198887,6.93889390390723e-18,0.0052004871396896,0.0166461851249082,0.0603795973204915
581,"simple_mode",0.0733500925977773,0.281354059368652,0.79498252636377,0.0733500925977773,0.292308783888321,0.802500913389072,0,0.0109547245196691,0.00751838702530117,0.0374765491955058
581,"weighted_mode",0.00821296551537865,0.258640573086556,0.974746060012808,0.00821296551537865,0.279671000293876,0.976644506131245,0,0.02103042720732,0.00189844611843681,0.0751970250230499
582,"ivw",0.0457687323553459,0.100589431233756,0.649105368531638,0.0457687323553459,0.100589431233756,0.649105368531638,1.38777878078145e-17,4.16333634234434e-17,1.11022302462516e-16,4.13894013643374e-16
582,"egger",0.295670041294848,0.148110634154162,0.0493056790693511,0.295670041294849,0.148110634154162,0.0493056790693508,4.9960036108132e-16,8.32667268468867e-17,2.70616862252382e-16,5.62192764364359e-16
582,"weighted_median",0.0544128666498937,0.0908728250933922,0.549319333539879,0.0544128666498937,0.0880230183058034,0.536465698756034,0,0.00284980678758884,0.0128536347838445,0.0323756994754286
582,"simple_mode",0.123701838374744,2.0698471874423,0.952490999161854,0.123701838374744,2.01312105870836,0.95115396245643,0,0.0567261287339393,0.00133703670542396,0.0281782004557319
582,"weighted_mode",0.123701838374744,2.14292104210899,0.954109208575954,0.123701838374744,1.97657534650373,0.950252010212725,0,0.166345695605262,0.00385719836322951,0.0841585401231998
583,"ivw",0.16411303633447,0.096879779985363,0.0902678544358961,0.16411303633447,0.096879779985363,0.0902678544358958,1.66533453693773e-16,0,3.33066907387547e-16,0
583,"egger",0.213998382056546,0.139153678096117,0.12802974710157,0.213998382056546,0.139153678096117,0.128029747101569,2.22044604925031e-16,2.77555756156289e-17,4.16333634234434e-16,1.99459877707706e-16
583,"weighted_median",0.268559194516225,0.0758186535366434,0.000396916416415863,0.268559194516225,0.0783674162513153,0.000610459470207659,0,0.00254876271467185,0.000213543053791796,0.0325232454582687
583,"simple_mode",0.0898639437238573,0.908130929666705,0.921418617741337,0.0898639437238573,0.918969561670905,0.922342428206303,0,0.0108386320042003,0.000923810464965258,0.0117943318867854
583,"weighted_mode",0.303651230602175,0.929507628683239,0.744752830502124,0.303651230602175,0.885818210272388,0.732643086806797,0,0.0436894184108512,0.0121097436953261,0.0493209756857637
584,"ivw",-0.28625489274365,0.122539091244728,0.0194897208156554,-0.28625489274365,0.122539091244728,0.0194897208156554,2.77555756156289e-16,4.16333634234434e-17,7.28583859910259e-17,3.39755770999603e-16
584,"egger",0.0187806784522253,0.187817561760823,0.920599042539751,0.0187806784522253,0.187817561760823,0.920599042539751,4.5102810375397e-17,8.32667268468867e-17,1.11022302462516e-16,4.43338344222161e-16
584,"weighted_median",-0.125679463668984,0.0902058504963603,0.163543660251869,-0.125679463668984,0.0823760163446197,0.127089508016035,2.22044604925031e-16,0.00782983415174054,0.0364541522358341,0.0950499247133348
584,"simple_mode",-0.338009301079988,1.47613922697027,0.81946007500248,-0.338009301079988,1.51990600366052,0.82457141690502,0,0.043766776690255,0.00511134190253992,0.0287957127512146
584,"weighted_mode",-0.125997629393621,1.47602727868451,0.932183714113069,-0.125997629393621,1.34550428235579,0.925623659345311,0,0.130522996328712,0.00656005476775845,0.0970067490979546
585,"ivw",-0.0645579733722683,0.102086093720805,0.527133675740794,-0.0645579733722683,0.102086093720805,0.527133675740793,4.16333634234434e-17,1.38777878078145e-17,2.22044604925031e-16,1.35942000540924e-16
585,"egger",0.118716335642086,0.145870904469094,0.418149441081507,0.118716335642086,0.145870904469094,0.418149441081508,1.38777878078145e-17,5.55111512312578e-17,2.22044604925031e-16,3.80549852853068e-16
585,"weighted_median",0.0841258742209022,0.0781829055333551,0.281921147903904,0.0841258742209022,0.0765746537126632,0.271937108994187,0,0.00160825182069187,0.0099840389097165,0.0210024040947887
585,"simple_mode",-0.251984126079632,1.78813308025572,0.888282829245798,-0.251984126079632,1.66974622100253,0.880420623179062,0,0.118386859253189,0.0078622060667356,0.0709011092608482
585,"weighted_mode",0.0121307148602341,1.72831619729616,0.994417107505238,0.0121307148602341,1.89590384234803,0.994910597856772,0,0.167587645051869,0.000493490351533565,0.0883945911752129
586,"ivw",-0.0142084145496477,0.0970645175674914,0.883620516540224,-0.0142084145496477,0.0970645175674915,0.883620516540225,4.5102810375397e-17,2.77555756156289e-17,4.44089209850063e-16,2.85949761160969e-16
586,"egger",-0.00822391597539994,0.147177020377054,0.955578541926287,-0.00822391597539992,0.147177020377054,0.955578541926287,1.56125112837913e-17,5.55111512312578e-17,1.11022302462516e-16,3.77172680144247e-16
586,"weighted_median",-0.016925782533004,0.0928592823821967,0.855368126977932,-0.016925782533004,0.0943764227863405,0.857668120961405,6.93889390390723e-18,0.00151714040414376,0.00229999398347358,0.0160754175603628
586,"simple_mode",-0.110570142741876,0.473941799669158,0.816117813420708,-0.110570142741876,0.481149060276585,0.818823144796726,0,0.00720726060742727,0.00270533137601792,0.0149792677622278
586,"weighted_mode",-0.110570142741876,0.460160168113577,0.810715476692419,-0.110570142741876,0.469632381031927,0.814461653522144,0,0.00947221291835004,0.00374617682972478,0.0201694203826761
587,"ivw",-0.121891679454439,0.0944243286562261,0.196740876473136,-0.121891679454439,0.0944243286562262,0.196740876473136,1.38777878078145e-16,4.16333634234434e-17,2.77555756156289e-16,4.40917759394608e-16
587,"egger",-0.326783774620074,0.139280063623357,0.0214395464806466,-0.326783774620074,0.139280063623357,0.0214395464806464,3.88578058618805e-16,5.55111512312578e-17,1.07552855510562e-16,3.98557767616849e-16
587,"weighted_median",-0.0425788022482939,0.0735671423648587,0.562741190717757,-0.0425788022482938,0.0763890257323433,0.577258106260518,4.85722573273506e-17,0.00282188336748461,0.0145169155427616,0.0369409524526743
587,"simple_mode",-0.172678117556983,0.588616604524829,0.769995292313897,-0.172678117556983,0.604873873688363,0.776006780863282,0,0.0162572691635333,0.0060114885493846,0.0268771224394281
587,"weighted_mode",-0.172678117556983,0.57980403978234,0.766601946070671,-0.172678117556983,0.558937723333187,0.758160543365398,0,0.0208663164491527,0.00844140270527294,0.0373320954698099
588,"ivw",0.132096887843376,0.0844908915198313,0.117947890501178,0.132096887843376,0.0844908915198313,0.117947890501178,2.77555756156289e-17,1.38777878078145e-17,1.66533453693773e-16,1.6425188038828e-16
588,"egger",0.252950446814179,0.121575334569662,0.0406700129034236,0.252950446814179,0.121575334569662,0.0406700129034235,0,4.16333634234434e-17,5.55111512312578e-17,3.4244909603426e-16
588,"weighted_median",0.138600398816252,0.0545167418366204,0.011011123769716,0.138600398816252,0.055410806754311,0.0123729810929679,0,0.000894064917690576,0.00136185732325186,0.0161352084559032
588,"simple_mode",0.191581722592329,0.92073974160833,0.835693718951754,0.191581722592325,0.934685008513728,0.838110319129759,3.5527136788005e-15,0.0139452669053983,0.00241660017800438,0.0149197502670693
588,"weighted_mode",0.191581722592329,0.923886363373632,0.836245237816697,0.191581722592325,1.0764245253995,0.859183271732298,3.5527136788005e-15,0.152538162025869,0.0229380339156017,0.14170818150883
589,"ivw",0.12994628834812,0.110416290988538,0.239244982797811,0.12994628834812,0.110416290988539,0.239244982797811,1.11022302462516e-16,5.55111512312578e-17,1.66533453693773e-16,5.02744212237848e-16
589,"egger",0.461608262639533,0.160660883053369,0.00520177735150472,0.461608262639533,0.160660883053369,0.00520177735150473,5.55111512312578e-17,5.55111512312578e-17,1.12757025938492e-17,3.45517528450393e-16
589,"weighted_median",0.215870936002715,0.0866019155054531,0.0126782748542938,0.215870936002715,0.080535609390392,0.0073525260962278,0,0.00606630611506104,0.00532574875806595,0.0753245199357087
589,"simple_mode",0.00199992465437404,4.79436914673154,0.999668195835875,0.00199992465437404,5.09850909162568,0.999687988856339,0,0.304139944894136,1.9793020463954e-05,0.0596527218895593
589,"weighted_mode",0.00199992465437404,4.88035326175087,0.999674041700765,0.00199992465437404,4.84835857041825,0.999671890676985,0,0.0319946913326161,2.1510237790956e-06,0.00659907695932977
590,"ivw",0.0695810514936268,0.11526149503207,0.546056458712058,0.0695810514936268,0.11526149503207,0.546056458712058,0,0,0,0
590,"egger",0.0871763681484726,0.166879068591365,0.602840725695397,0.0871763681484725,0.166879068591365,0.602840725695398,6.93889390390723e-17,2.77555756156289e-17,1.11022302462516e-16,1.66321491664084e-16
590,"weighted_median",0.186140721802769,0.0912666509093443,0.0413975433814514,0.186140721802769,0.0922915077439219,0.0437082348664472,0,0.00102485683457763,0.00231069148499578,0.0111045627017089
590,"simple_mode",0.110559006809755,0.389662289177106,0.777341029548771,0.110559006809755,0.387683427581455,0.776235258496256,0,0.00197886159565092,0.00110577105251453,0.00510432341149054
590,"weighted_mode",0.110559006809755,0.363167200728002,0.761581045801035,0.110559006809755,0.400818390901183,0.783378706249485,0,0.0376511901731811,0.02179766044845,0.0939357849536986
591,"ivw",-0.107409954919027,0.11907859103715,0.367052113179603,-0.107409954919027,0.11907859103715,0.367052113179603,0,2.77555756156289e-17,1.66533453693773e-16,2.3308619436864e-16
591,"egger",0.0445501213451021,0.173206476146819,0.797678473811596,0.0445501213451022,0.173206476146819,0.797678473811596,6.2450045135165e-17,2.77555756156289e-17,2.22044604925031e-16,1.60245599547339e-16
591,"weighted_median",-0.11064436883524,0.0933422583148996,0.235874337456871,-0.11064436883524,0.0951729964340247,0.245007854093797,8.32667268468867e-17,0.00183073811912512,0.00913351663692677,0.0192358987078254
591,"simple_mode",-0.0887305413086357,3.39883552996133,0.979236874719666,-0.0887305413086357,3.19819191909975,0.977934595650276,0,0.200643610861587,0.0013022790693894,0.0627365761458323
591,"weighted_mode",-0.0887305413086357,3.38213587757922,0.979134378350452,-0.0887305413086357,3.36264780121538,0.979013480892413,0,0.0194880763638356,0.000120897458038782,0.0057954556991642
592,"ivw",-0.0369189168377037,0.104508948810922,0.723892916299635,-0.0369189168377037,0.104508948810922,0.723892916299635,2.08166817117217e-17,2.77555756156289e-17,0,2.65580851510089e-16
592,"egger",-0.0629478043561755,0.146163159540582,0.667867851979349,-0.0629478043561755,0.146163159540582,0.667867851979349,0,0,0,0
592,"weighted_median",-0.0448839036359271,0.0721266535833833,0.533749296144572,-0.0448839036359271,0.06784257390261,0.508234630674489,0,0.00428407968077321,0.0255146654700829,0.0631473635850422
592,"simple_mode",-0.0387601435186674,0.630084479451056,0.951099977487545,-0.0387601435186674,0.62018899333566,0.950320768130423,0,0.00989548611539581,0.000779209357122057,0.015955597764116
592,"weighted_mode",-0.0387601435186674,0.602513582729537,0.948865377315923,-0.0387601435186674,0.631464727356858,0.951206726591899,0,0.0289511446273211,0.00234134927597596,0.0458476037901638
593,"ivw",0.0905091160301087,0.110867386953492,0.414286964436499,0.0905091160301086,0.110867386953492,0.4142869644365,9.71445146547012e-17,1.38777878078145e-17,4.44089209850063e-16,1.25174663074147e-16
593,"egger",0.0559146489787862,0.165187831534072,0.735879735733363,0.0559146489787861,0.165187831534072,0.735879735733364,9.71445146547012e-17,5.55111512312578e-17,5.55111512312578e-16,3.3604867087203e-16
593,"weighted_median",-0.0724867286258759,0.0870662938626168,0.405100604870847,-0.0724867286258759,0.0908597670621761,0.424994185533658,0,0.00379347319955926,0.019893580662811,0.0417508576371691
593,"simple_mode",0.189067493722295,1.78078511735784,0.915709290978447,0.189067493722295,1.85499384761521,0.919069277777274,0,0.0742087302573775,0.00335998679882699,0.0400048390202374
593,"weighted_mode",-0.106789651648805,1.82277791419678,0.953425988569719,-0.106789651648805,1.72079526551851,0.95066927229468,0,0.101982648678271,0.00275671627503882,0.0592648356965011
594,"ivw",0.00183709933554501,0.118412959213655,0.987621841335034,0.00183709933554509,0.118412959213655,0.987621841335033,7.35089072945172e-17,2.77555756156289e-17,5.55111512312578e-16,2.3439643599776e-16
594,"egger",0.231722934289176,0.166987572702138,0.169091997753609,0.231722934289176,0.166987572702138,0.169091997753609,5.55111512312578e-17,2.77555756156289e-17,0,1.66213420355164e-16
594,"weighted_median",0.0570401897672899,0.0850833644476777,0.50260057076253,0.0570401897672899,0.0832205239721095,0.493085156443184,0,0.00186284047556823,0.00951541431934527,0.0223843877285913
594,"simple_mode",0.0636121842330597,1.51810245170091,0.966679595580701,0.0636121842330597,1.61315110040133,0.968641808484479,0,0.0950486487004227,0.00196221290377863,0.058921107066025
594,"weighted_mode",0.0636121842330597,1.48892874229291,0.966027121805083,0.0636121842330597,1.41708495107103,0.964305897385748,0,0.0718437912218728,0.00172122441933464,0.0506982952345752
595,"ivw",0.128213790259851,0.104535287151706,0.220006040233566,0.128213790259851,0.104535287151705,0.220006040233567,8.32667268468867e-17,2.77555756156289e-17,1.66533453693773e-16,2.65513936699184e-16
595,"egger",0.184573909224832,0.15130100639589,0.226082361947962,0.184573909224832,0.15130100639589,0.226082361947963,1.38777878078145e-16,2.77555756156289e-17,2.77555756156289e-16,1.83446074000357e-16
595,"weighted_median",0.224835464165342,0.0712880427660982,0.00161103458055582,0.224835464165342,0.0698294953491927,0.00128289959315518,0,0.00145854741690543,0.000328134987400638,0.0208872684760465
595,"simple_mode",0.157388651623719,1.03495435556984,0.879507479442511,0.157388651623719,0.980517893829009,0.872874390023659,0,0.0544364617408274,0.00663308941885132,0.0555180706883871
595,"weighted_mode",0.157388651623719,1.01172997656148,0.876763816393785,0.157388651623719,1.03163007391405,0.87912224398016,0,0.0199000973525729,0.0023584275863755,0.0192899546608514
596,"ivw",-0.0265929654589951,0.0991538219067927,0.788546070345818,-0.0265929654589951,0.0991538219067927,0.788546070345818,1.38777878078145e-17,4.16333634234434e-17,0,4.19886622853327e-16
596,"egger",0.0482078344736664,0.154053193827741,0.755148334639887,0.0482078344736664,0.154053193827741,0.755148334639887,5.55111512312578e-17,1.38777878078145e-16,1.11022302462516e-16,9.00843887945114e-16
596,"weighted_median",-0.13523457948944,0.0892806407804646,0.129845009280339,-0.13523457948944,0.0928917369823541,0.145439614258602,0,0.00361109620188951,0.0155946049782625,0.0388742456455032
596,"simple_mode",-0.0861489228921694,0.451083788960964,0.849017517703181,-0.0861489228921694,0.442261243354858,0.846043591596469,0,0.00882254560610574,0.00297392610671243,0.0199487197638676
596,"weighted_mode",-0.0861489228921694,0.402975507870628,0.83125425104607,-0.0861489228921694,0.397707606459154,0.829054025888323,0,0.00526790141147421,0.00220022515774687,0.0132456642164204
597,"ivw",-0.0791582589214145,0.116660121361613,0.497430999880694,-0.0791582589214145,0.116660121361613,0.497430999880694,5.55111512312578e-17,2.77555756156289e-17,3.33066907387547e-16,2.37918281685946e-16
597,"egger",-0.0893477326915805,0.172589604179345,0.606103933461826,-0.0893477326915807,0.172589604179345,0.606103933461825,2.35922392732846e-16,8.32667268468867e-17,7.7715611723761e-16,4.82455054247422e-16
597,"weighted_median",0.0728180575494295,0.0733469557288301,0.320812747015315,0.0728180575494295,0.0721516850381084,0.3128616012521,2.77555756156289e-17,0.00119527069072166,0.00795114576321454,0.016566081444811
597,"simple_mode",0.181047041375593,0.787485289590681,0.818744958248661,0.181047041375593,0.880730458186027,0.837646751008928,0,0.0932451685953459,0.0189017927602669,0.105872537651753
597,"weighted_mode",0.072640513458176,0.787463037109797,0.926730158335762,0.072640513458176,0.831261095382719,0.93058043672714,0,0.0437980582729214,0.0038502783913783,0.0526886901314159
598,"ivw",0.050376553709267,0.120665008248436,0.67631931350479,0.050376553709267,0.120665008248436,0.67631931350479,2.77555756156289e-17,2.77555756156289e-17,0,2.30021743822229e-16
598,"egger",0.146974036922708,0.183350854205347,0.425158989674331,0.146974036922708,0.183350854205347,0.425158989674332,1.38777878078145e-16,2.77555756156289e-17,6.66133814775094e-16,1.51379581709194e-16
598,"weighted_median",0.13247459332572,0.0755004999499782,0.0793245410118967,0.13247459332572,0.0753326680081441,0.0786577402858303,0,0.000167831941834146,0.000666800726066369,0.00222787731102264
598,"simple_mode",0.573336321897892,1.14291955766987,0.61728022498559,0.573336321897892,1.18383721458149,0.629477562853981,0,0.0409176569116141,0.0121973378683911,0.0345635839181483
598,"weighted_mode",0.0607830929934551,1.13038754793852,0.957249294770743,0.0607830929934551,1.17317067142279,0.958806886727511,0,0.0427831234842653,0.00155759195676752,0.0364679449686371
599,"ivw",0.0692340366441663,0.125816483196653,0.582128744601228,0.0692340366441664,0.125816483196653,0.582128744601227,4.16333634234434e-17,2.77555756156289e-17,2.22044604925031e-16,2.20603651528287e-16
599,"egger",-0.204968412801161,0.190669714075291,0.285609844466701,-0.204968412801162,0.190669714075291,0.2856098444667,6.10622663543836e-16,5.55111512312578e-17,1.22124532708767e-15,2.91137748333424e-16
599,"weighted_median",0.00113263309927712,0.0845462147567936,0.989311367340164,0.00113263309927709,0.0816363973985395,0.988930409720589,2.77555756156289e-17,0.00290981735825413,0.000380957619574462,0.0356436277319874
599,"simple_mode",0.0116053492399999,0.743873674839366,0.987590883264194,0.0116053492399999,0.671944579768404,0.986262662060998,0,0.0719290950709611,0.00132822120319687,0.107046172015782
599,"weighted_mode",0.0116053492399999,0.687206701611346,0.98656772387011,0.0116053492399999,0.723800331358185,0.987246767443187,0,0.0365936297468393,0.000679043573076799,0.0505576305528525
600,"ivw",0.278645614932208,0.109249261523946,0.0107553346886721,0.278645614932208,0.109249261523946,0.0107553346886721,2.77555756156289e-16,5.55111512312578e-17,4.16333634234434e-17,5.08114658688934e-16
600,"egger",0.404309798815305,0.163790272336496,0.0157012067848328,0.404309798815306,0.163790272336496,0.0157012067848328,6.10622663543836e-16,1.66533453693773e-16,2.77555756156289e-17,1.01674813356218e-15
600,"weighted_median",0.322263498431661,0.0816811552133632,7.96722947422618e-05,0.322263498431662,0.0841060501441545,0.00012729564480696,3.33066907387547e-16,0.00242489493079123,4.76233500646986e-05,0.0288313971068081
600,"simple_mode",0.337577289712445,1.41963682727186,0.812643434939181,0.337577289712445,1.44226659330345,0.815528783484325,0,0.0226297660315873,0.00288534854514477,0.0156904182185589
600,"weighted_mode",0.337577289712445,1.422490113029,0.813012149917275,0.337577289712445,1.45213403169524,0.816759527237059,0,0.0296439186662403,0.00374737731978392,0.0204140375607296
601,"ivw",-0.224187219470058,0.0992540448063801,0.0239007302008855,-0.224187219470058,0.0992540448063801,0.0239007302008856,1.38777878078145e-16,0,9.0205620750794e-17,0
601,"egger",0.0283991790330402,0.165953564369377,0.864555798110858,0.0283991790330404,0.165953564369377,0.864555798110857,1.38777878078145e-16,2.77555756156289e-17,6.66133814775094e-16,1.67249047774901e-16
601,"weighted_median",-0.022775519440547,0.0992303105261762,0.818463379236451,-0.0227755194405468,0.098430585604767,0.817014467267798,1.2490009027033e-16,0.000799724921409256,0.00144891196865327,0.00812476037296405
601,"simple_mode",-0.207931500480888,1.39975122874322,0.882278799291211,-0.207931500480888,1.58382718602011,0.8958760173186,0,0.184075957276898,0.0135972180273888,0.11622224880446
601,"weighted_mode",0.0138627013014982,1.38563704835215,0.992042242050596,0.0138627013014982,1.49645835223878,0.992631541814035,0,0.110821303886636,0.0005892997634388,0.0740557221127078
602,"ivw",-0.138958127889983,0.0950711695426714,0.143844779255608,-0.138958127889983,0.0950711695426714,0.143844779255609,8.32667268468867e-17,0,1.94289029309402e-16,0
602,"egger",-0.454285698587058,0.145512661000088,0.00250026670216905,-0.454285698587057,0.145512661000088,0.00250026670216909,1.49880108324396e-15,1.94289029309402e-16,3.98986399474666e-17,1.33520360341211e-15
602,"weighted_median",-0.203390194591891,0.103252374234177,0.0488572239348459,-0.203390194591891,0.101952835682843,0.046048991353405,2.77555756156289e-17,0.00129953855133402,0.00280823258144092,0.0127464679391228
602,"simple_mode",0.271544802688315,2.01353748469227,0.893057458244193,0.271544802688315,2.0141564552293,0.893090121680488,0,0.000618970537035857,3.2663436294933e-05,0.000307310057979279
602,"weighted_mode",-0.14511704439876,2.01216303734834,0.9426842539456,-0.14511704439876,2.06775023527843,0.944222474997751,0,0.0555871979300915,0.00153822105215085,0.026882936334236
603,"ivw",-0.08547190314024,0.0855261272084307,0.317617426854225,-0.08547190314024,0.0855261272084308,0.317617426854226,2.77555756156289e-17,2.77555756156289e-17,2.77555756156289e-16,3.24527445841052e-16
603,"egger",-0.0370236265006401,0.133645754724881,0.782473095661117,-0.03702362650064,0.133645754724881,0.782473095661117,8.32667268468867e-17,1.11022302462516e-16,7.7715611723761e-16,8.30720756458467e-16
603,"weighted_median",-0.195165693633927,0.0802162348317735,0.0149745100607965,-0.195165693633927,0.0842379680576065,0.0205125787498247,2.77555756156289e-17,0.00402173322583303,0.00553806868902819,0.0477425241677571
603,"simple_mode",-0.133194778912806,0.411650985083067,0.747103279542597,-0.133194778912806,0.419592891944037,0.751728018794313,0,0.00794190686097007,0.00462473925171569,0.0189276487124794
603,"weighted_mode",-0.133194778912806,0.399831373361267,0.739898866720186,-0.133194778912806,0.381210267078125,0.727695949324843,0,0.0186211062831424,0.0122029173953435,0.0488473367358865
604,"ivw",-0.0447380635883353,0.131110116611008,0.7329341235452,-0.0447380635883353,0.131110116611008,0.7329341235452,4.85722573273506e-17,5.55111512312578e-17,2.22044604925031e-16,4.23393348020233e-16
604,"egger",0.0476315138013738,0.219217005923459,0.828543187192777,0.0476315138013738,0.219217005923459,0.828543187192777,2.77555756156289e-17,8.32667268468867e-17,1.11022302462516e-16,3.79836986168673e-16
604,"weighted_median",-0.0102015028071943,0.118136547754815,0.931185420974988,-0.0102015028071943,0.118426622110449,0.931353558498271,4.33680868994202e-17,0.000290074355634842,0.000168137523282819,0.00244940158273118
604,"simple_mode",0.105542786450075,0.638904820287559,0.869203435865595,0.105542786450075,0.701008778409257,0.8806983504712,0,0.0621039581216974,0.0114949146056055,0.08859226879102
604,"weighted_mode",-0.0151043107782125,0.629205174237679,0.980907355606464,-0.0151043107782125,0.601265306333238,0.98002033469954,0,0.0279398679044413,0.000887020906924163,0.0464684517968116
605,"ivw",0.153942258940431,0.101483957576921,0.12928883906948,0.153942258940431,0.101483957576922,0.12928883906948,2.77555756156289e-17,2.77555756156289e-17,0,2.73497174118294e-16
605,"egger",0.290266744293167,0.151880672948843,0.0595669965594796,0.290266744293167,0.151880672948843,0.0595669965594797,3.33066907387547e-16,8.32667268468867e-17,1.66533453693773e-16,5.48237805576045e-16
605,"weighted_median",0.21047491777389,0.0796638476090726,0.00824087935724156,0.21047491777389,0.0784239898691688,0.00727889324952062,0,0.00123985773990379,0.00096198610772094,0.0158096743352664
605,"simple_mode",0.170927456921976,0.422292052038401,0.686719939086466,0.170927456921976,0.427036891117208,0.690015840508917,0,0.00474483907880702,0.00329590142245051,0.0111110753602426
605,"weighted_mode",0.170927456921976,0.3970732195764,0.667998216080414,0.170927456921976,0.401255918982671,0.671251411049217,0,0.00418269940627075,0.00325319496880316,0.0104240192066834
606,"ivw",-0.423740152630933,0.122167688706255,0.000523348223156398,-0.423740152630933,0.122167688706255,0.000523348223156401,1.11022302462516e-16,1.38777878078145e-17,2.60208521396521e-18,1.13596221347715e-16
606,"egger",-0.362233695562544,0.199287893390123,0.0728630124533949,-0.362233695562544,0.199287893390123,0.0728630124533949,0,0,0,0
606,"weighted_median",-0.0696322093524017,0.102509910873764,0.496964933735787,-0.0696322093524017,0.1008455882805,0.489890216343022,0,0.00166432259326391,0.00707471739276494,0.0165036728095098
606,"simple_mode",-0.028415517553647,0.542523688465923,0.958357617761957,-0.028415517553647,0.520538749466586,0.956600584942562,0,0.0219849389993373,0.00175703281939554,0.0422349710215926
606,"weighted_mode",-0.028415517553647,0.525728036919648,0.957028541970277,-0.028415517553647,0.555794002466236,0.959350997111268,0,0.0300659655465885,0.00232245514099083,0.054095519946556
607,"ivw",-0.186959026819273,0.116577819629555,0.108774185190344,-0.186959026819273,0.116577819629555,0.108774185190344,8.32667268468867e-17,1.38777878078145e-17,1.2490009027033e-16,1.19043123742693e-16
607,"egger",0.206743012606828,0.183187512845082,0.262445266037923,0.206743012606829,0.183187512845082,0.262445266037922,3.05311331771918e-16,2.77555756156289e-17,6.66133814775094e-16,1.51514561143156e-16
607,"weighted_median",-0.0940634641320993,0.10592639738453,0.374536570713693,-0.0940634641320993,0.106070406172462,0.375185430462584,1.38777878078145e-17,0.000144008787931707,0.000648859748890562,0.0013576716930598
607,"simple_mode",0.0436103806541572,0.32321707631413,0.893005119852118,0.0436103806541572,0.335581591232665,0.896924508293627,0,0.0123645149185351,0.00391938844150896,0.0368450333438064
607,"weighted_mode",0.0436103806541572,0.288743057930535,0.880323419504583,0.0436103806541572,0.299855819420159,0.884726504755984,0,0.011112761489624,0.00440308525140098,0.0370603495743824
608,"ivw",0.00372545475254232,0.114355865599761,0.97401132762029,0.00372545475254231,0.114355865599761,0.97401132762029,9.97465998686664e-18,1.38777878078145e-17,1.11022302462516e-16,1.21356151999985e-16
608,"egger",0.085195566962177,0.190388186083065,0.655735338549847,0.085195566962177,0.190388186083065,0.655735338549847,2.77555756156289e-17,5.55111512312578e-17,0,2.9156825522272e-16
608,"weighted_median",-0.0488977133894338,0.082316216711811,0.552496832204248,-0.0488977133894338,0.0870794601942728,0.574436409328723,0,0.00476324348246178,0.0219395771244749,0.0546999656616504
608,"simple_mode",0.247137177860399,1.22693110764006,0.840869605283203,0.247137177860399,1.31972059931342,0.851921323682982,0,0.0927894916733616,0.0110517183997794,0.0703099517592095
608,"weighted_mode",0.0823146328192048,1.21964752989333,0.946357535386498,0.0823146328192048,1.21971351774069,0.946360433045536,0,6.59878473610043e-05,2.89765903849215e-06,5.41011035798269e-05
609,"ivw",0.238292178772133,0.140574444630521,0.0900504648933389,0.238292178772133,0.140574444630521,0.0900504648933387,1.38777878078145e-16,0,2.22044604925031e-16,0
609,"egger",0.0332812205135568,0.225286149401631,0.882928613444269,0.0332812205135573,0.225286149401631,0.882928613444268,4.78783679369599e-16,1.11022302462516e-16,1.66533453693773e-15,4.9280571733946e-16
609,"weighted_median",-0.0271263022516331,0.097232631196351,0.780257467716661,-0.0271263022516331,0.0947347861668049,0.774618180587126,0,0.0024978450295461,0.00563928712953454,0.0263667141777045
609,"simple_mode",0.130629135572241,0.972672740056878,0.893499153714653,0.130629135572241,0.978535359683968,0.894133384689829,0,0.00586261962708956,0.000634230975176342,0.00599121898771545
609,"weighted_mode",-0.067756975447249,0.938927358631607,0.942649099438715,-0.067756975447249,0.99543632978303,0.945899557825213,0,0.0565089711514232,0.00325045838649818,0.056768041772938
610,"ivw",-0.104996644035971,0.14109015802801,0.45676685608857,-0.104996644035971,0.14109015802801,0.456766856088569,2.63677968348475e-16,2.77555756156289e-17,1.16573417585641e-15,1.96722266128008e-16
610,"egger",0.057249706878907,0.228744804878576,0.803014272111185,0.0572497068789067,0.228744804878576,0.803014272111186,2.56739074444567e-16,1.66533453693773e-16,6.66133814775094e-16,7.2803163237816e-16
610,"weighted_median",-0.0224640873007205,0.113215901893702,0.842717935394733,-0.0224640873007205,0.116024542082636,0.846477381937287,2.08166817117217e-17,0.00280864018893416,0.00375944654255411,0.0242072938924747
610,"simple_mode",-0.0187624999954416,0.589161024011084,0.974673098120807,-0.0187624999954416,0.549110827405433,0.97282654662476,0,0.0400501966056507,0.00184655149604629,0.072936454003082
610,"weighted_mode",-0.0187624999954416,0.576407456183326,0.974112914287236,-0.0187624999954416,0.578933002764794,0.974225804415841,0,0.00252554658146742,0.000112890128605492,0.0043624159780255
611,"ivw",0.103036688980658,0.104298538919767,0.323200862902064,0.103036688980658,0.104298538919767,0.323200862902064,4.16333634234434e-17,1.38777878078145e-17,1.66533453693773e-16,1.33058314637467e-16
611,"egger",0.041909188478386,0.164677115380291,0.799767670350978,0.0419091884783858,0.164677115380292,0.79976767035098,2.22044604925031e-16,8.32667268468867e-17,1.11022302462516e-15,5.05636297153964e-16
611,"weighted_median",0.174546382455266,0.086363156070731,0.0432720416367538,0.174546382455266,0.0879950389624983,0.047301180574348,0,0.00163188289176738,0.00402913893759414,0.0185451692619042
611,"simple_mode",-0.187140605293438,0.243692354100898,0.444757047825025,-0.187140605293438,0.248047064021936,0.452763314538933,0,0.0043547099210382,0.00800626671390803,0.0175559825237564
611,"weighted_mode",0.150514152236884,0.222239075723936,0.500169329104142,0.150514152236884,0.218492495772466,0.492870049618997,0,0.00374657995146963,0.00729927948514564,0.0171474079154244
612,"ivw",0.0349582313278295,0.104183664847472,0.737214558834158,0.0349582313278295,0.104183664847472,0.737214558834158,2.77555756156289e-17,2.77555756156289e-17,0,2.66410052442135e-16
612,"egger",0.0792108807404024,0.161644602235054,0.625453105247552,0.0792108807404023,0.161644602235054,0.625453105247553,5.55111512312578e-17,2.77555756156289e-17,2.22044604925031e-16,1.71707407682369e-16
612,"weighted_median",0.0720323432475564,0.0716615680967983,0.314813084509876,0.0720323432475564,0.0727420681338317,0.322055228786403,1.38777878078145e-17,0.00108050003703346,0.00724214427652742,0.0148538536881511
612,"simple_mode",0.160045711616715,1.09406656438156,0.884059730913232,0.160045711616715,1.07598056874792,0.882125292436615,0,0.0180859956336403,0.00193443847661745,0.0168088496753119
612,"weighted_mode",0.160045711616715,1.04129147003158,0.878229164186015,0.160045711616715,1.11430181590214,0.886150408569877,0,0.0730103458705633,0.00792124438386177,0.0655211584766681
613,"ivw",0.102148503183206,0.114150255179542,0.370861904302374,0.102148503183206,0.114150255179542,0.370861904302374,0,1.38777878078145e-17,1.66533453693773e-16,1.21574741869711e-16
613,"egger",0.259705718400032,0.209365748498313,0.21843828137786,0.259705718400032,0.209365748498313,0.218438281377861,7.21644966006352e-16,2.77555756156289e-16,6.93889390390723e-16,1.32569801004736e-15
613,"weighted_median",0.026910661803118,0.0975390139264438,0.782627646893602,0.0269106618031181,0.100277705820304,0.788421176965793,9.0205620750794e-17,0.00273869189386014,0.00579353007219174,0.0273110744951409
613,"simple_mode",0.00252846512242844,2.82367858602489,0.999287735451459,0.00252846512242844,2.86420387382811,0.999297813197125,0,0.0405252878032281,1.00777456661927e-05,0.0141488838045123
613,"weighted_mode",0.00252846512242844,2.80899420606174,0.999284011997566,0.00252846512242844,2.94319001042602,0.999316657719065,0,0.134195804364278,3.26457214996356e-05,0.045595358739633
614,"ivw",0.133086592188479,0.119534772014553,0.265548968270428,0.133086592188479,0.119534772014553,0.265548968270428,5.55111512312578e-17,4.16333634234434e-17,1.11022302462516e-16,3.48295000038772e-16
614,"egger",-0.0881171059885715,0.192917557439698,0.649081051535486,-0.0881171059885717,0.192917557439698,0.649081051535485,2.08166817117217e-16,1.66533453693773e-16,4.44089209850063e-16,8.63236378813411e-16
614,"weighted_median",-0.0590298435720139,0.0973907214521289,0.544439301605563,-0.0590298435720139,0.0959774958735343,0.538529374472743,0,0.00141322557859455,0.00590992713282046,0.0147245514766993
614,"simple_mode",0.334095960776776,0.824694362172508,0.686461028788957,0.334095960776776,0.94241150423468,0.723876687174264,0,0.117717142062172,0.0374156583853068,0.124910552909441
614,"weighted_mode",0.0114521848737797,0.812300127936948,0.98878609314437,0.0114521848737797,0.873323057702562,0.989569611047963,0,0.0610229297656143,0.000783517903593323,0.0698744058426058
615,"ivw",0.121287201622639,0.134670831641755,0.367790565962017,0.121287201622639,0.134670831641755,0.367790565962017,2.77555756156289e-17,5.55111512312578e-17,5.55111512312578e-17,4.12198770546885e-16
615,"egger",0.109973329694782,0.234118555941849,0.639823313375507,0.109973329694782,0.234118555941848,0.639823313375508,2.08166817117217e-16,2.22044604925031e-16,5.55111512312578e-16,9.48428047626365e-16
615,"weighted_median",0.0472671094896914,0.0930405586869573,0.611434456693458,0.0472671094896914,0.095118945330919,0.619240995262999,0,0.0020783866439617,0.00780653856954183,0.0218503962247583
615,"simple_mode",-0.0678716769468302,0.807391828712957,0.933213857325872,-0.0678716769468302,0.78799517226067,0.93157396505967,0,0.0193966564522876,0.00163989226620198,0.0246151970660439
615,"weighted_mode",0.077282141151142,0.786634659557918,0.921981250919501,0.077282141151142,0.731651614547236,0.916139471411562,0,0.0549830450106814,0.00584177950793907,0.0751492157161523
616,"ivw",0.0076507117981773,0.132355884478726,0.953904678235156,0.00765071179817743,0.132355884478726,0.953904678235155,1.34441069388203e-16,2.77555756156289e-17,7.7715611723761e-16,2.09704130080367e-16
616,"egger",-0.0766854415646109,0.219676588860975,0.72794387495465,-0.0766854415646111,0.219676588860975,0.727943874954649,1.80411241501588e-16,2.4980018054066e-16,3.33066907387547e-16,1.13712700035937e-15
616,"weighted_median",-0.17478872060298,0.115564205377179,0.130411420074008,-0.17478872060298,0.114005261058564,0.125235541464074,5.55111512312578e-17,0.001558944318615,0.00517587860993404,0.0136743190984334
616,"simple_mode",-0.035892716160386,0.518987400721011,0.945033405407945,-0.035892716160386,0.54945433776699,0.948076757484995,0,0.0304669370459787,0.00304335207704998,0.055449443114414
616,"weighted_mode",-0.165557367136416,0.512790868239814,0.747636599356814,-0.165557367136416,0.542792808258333,0.761140716469693,0,0.0300019400185192,0.0135041171128789,0.0552732821106949
617,"ivw",-0.0854745146150596,0.127109247456429,0.501297755798632,-0.0854745146150596,0.127109247456429,0.501297755798632,4.16333634234434e-17,2.77555756156289e-17,1.11022302462516e-16,2.18360002683071e-16
617,"egger",-0.181810698162446,0.199439667328264,0.364714187642821,-0.181810698162445,0.199439667328264,0.364714187642821,2.77555756156289e-16,5.55111512312578e-17,3.33066907387547e-16,2.78335558692495e-16
617,"weighted_median",0.0276557440257249,0.113085187745292,0.806799669161804,0.0276557440257251,0.113284507314986,0.807132892032575,1.59594559789866e-16,0.000199319569694018,0.0003332228707702,0.00175946009227734
617,"simple_mode",0.132616587570605,0.580117244431504,0.819753594839906,0.132616587570605,0.595605643119194,0.824361898564053,0,0.0154883986876905,0.004608303724147,0.0260044525545083
617,"weighted_mode",-0.0319504653272318,0.55442378018128,0.9541866842286,-0.0319504653272318,0.570438946009431,0.955471519813471,0,0.0160151658281509,0.00128483558487091,0.0280751620137207
618,"ivw",0.136119988595576,0.127210613647342,0.284602919266232,0.136119988595576,0.127210613647342,0.284602919266232,8.32667268468867e-17,0,2.22044604925031e-16,0
618,"egger",-0.100012694605774,0.216612666703299,0.645540839061354,-0.100012694605774,0.216612666703299,0.645540839061354,2.22044604925031e-16,2.77555756156289e-17,4.44089209850063e-16,1.28134591748721e-16
618,"weighted_median",-0.0205259525657852,0.0862990427096273,0.811999906171869,-0.0205259525657851,0.0855266327869523,0.81033423855187,1.04083408558608e-17,0.000772409922674994,0.00166566761999865,0.00903122100690056
618,"simple_mode",0.0221110960352566,1.03388440963929,0.982989994619105,0.0221110960352566,0.990744533904074,0.982249451785347,0,0.0431398757352194,0.000740542833757907,0.0435428854350826
618,"weighted_mode",0.0221110960352566,1.02854760254035,0.982901748826778,0.0221110960352566,0.956199057609644,0.981608275213018,0,0.0723485449307101,0.00129347361376009,0.0756626398603348
619,"ivw",0.179789092374013,0.112920128168436,0.111344419488614,0.179789092374013,0.112920128168436,0.111344419488614,8.32667268468867e-17,4.16333634234434e-17,6.93889390390723e-17,3.68697451010163e-16
619,"egger",-0.0584214505102279,0.174760225764514,0.739031848237145,-0.0584214505102275,0.174760225764514,0.739031848237146,3.33066907387547e-16,8.32667268468867e-17,1.33226762955019e-15,4.76462687563055e-16
619,"weighted_median",0.00344414877963209,0.102707398949176,0.973249072383421,0.00344414877963206,0.0993678452218308,0.972350381541767,2.77555756156289e-17,0.00333955372734508,0.000898690841653726,0.0336079917994578
619,"simple_mode",0.186160287981256,1.01170223883764,0.854467844398874,0.186160287981256,1.0540206992556,0.860248378539255,0,0.0423184604179663,0.00578053414038071,0.0401495534649875
619,"weighted_mode",0.0242952201028446,1.01705124951933,0.981000775752964,0.0242952201028446,0.994562837052812,0.980571263108727,0,0.0224884124665173,0.000429512644237295,0.0226113540831238
620,"ivw",-0.125871484072571,0.137029754428206,0.358320290728191,-0.125871484072571,0.137029754428206,0.358320290728191,5.55111512312578e-17,0,3.88578058618805e-16,0
620,"egger",0.137740736623344,0.223988649728836,0.540336197441252,0.137740736623344,0.223988649728836,0.540336197441253,3.60822483003176e-16,8.32667268468867e-17,1.11022302462516e-15,3.71745295789276e-16
620,"weighted_median",-0.1635091891523,0.134647044753071,0.224612539795189,-0.1635091891523,0.132999174522797,0.21892185901426,0,0.00164787023027388,0.0056906807809288,0.0123900786315889
620,"simple_mode",-0.092660755432068,0.470412611252732,0.844338475694426,-0.0926607554320645,0.45634398049324,0.839604966313995,3.5527136788005e-15,0.0140686307594926,0.00473350938043149,0.0308290047877622
620,"weighted_mode",-0.092660755432068,0.418258647924314,0.825230049075625,-0.0926607554320645,0.426913672667863,0.828716713525263,3.5527136788005e-15,0.00865502474354835,0.00348666444963808,0.0202734775146963
621,"ivw",-0.0814481101661853,0.117279942672071,0.487383721600335,-0.0814481101661854,0.117279942672071,0.487383721600334,8.32667268468867e-17,2.77555756156289e-17,5.55111512312578e-16,2.36660890031613e-16
621,"egger",-0.0739713314290674,0.189470577582495,0.697270553672793,-0.0739713314290674,0.189470577582495,0.697270553672793,1.38777878078145e-17,8.32667268468867e-17,1.11022302462516e-16,4.39470486179484e-16
621,"weighted_median",0.113470718135041,0.124815231455483,0.363292305310294,0.113470718135041,0.122318975277722,0.353582701456144,1.38777878078145e-17,0.00249625617776089,0.00970960385415037,0.0204077590749367
621,"simple_mode",-0.180706060575027,0.8938634638393,0.840296243464093,-0.180706060575027,0.986469270151794,0.855110868944606,0,0.092605806312494,0.0148146254805136,0.0938760173423793
621,"weighted_mode",0.0941578708759403,0.872101435736524,0.914289139886213,0.0941578708759403,0.880120662684196,0.915067069963431,0,0.00801922694767221,0.000777930077218048,0.00911150855521916
622,"ivw",-0.0823080824902373,0.157080467763713,0.600287761448149,-0.0823080824902373,0.157080467763713,0.600287761448149,1.38777878078145e-17,0,0,0
622,"egger",0.120289019190789,0.232968150125518,0.607046539203411,0.120289019190789,0.232968150125518,0.60704653920341,3.7470027081099e-16,1.38777878078145e-16,7.7715611723761e-16,5.95694638959765e-16
622,"weighted_median",0.154343638293443,0.114984354939946,0.17949835260088,0.154343638293443,0.115634271157524,0.181955932466569,2.77555756156289e-17,0.000649916217577498,0.00245757986568901,0.00562044635272655
622,"simple_mode",-0.156265094585833,1.19120093319065,0.895955967417949,-0.156265094585833,1.24902035951812,0.90074635537331,0,0.0578194263274661,0.00479038795536135,0.0462918205350738
622,"weighted_mode",0.101866511833985,1.23945860481918,0.934701323739008,0.101866511833985,1.31446815435166,0.938419790532261,0,0.0750095495324865,0.00371846679325294,0.0570645620315416
623,"ivw",-0.0731147563594904,0.157713654986583,0.642940234212721,-0.0731147563594901,0.157713654986583,0.642940234212722,2.22044604925031e-16,8.32667268468867e-17,8.88178419700125e-16,5.2796143018796e-16
623,"egger",0.24337013487048,0.253867788945064,0.34062384195801,0.24337013487048,0.253867788945064,0.34062384195801,2.77555756156289e-16,5.55111512312578e-17,8.88178419700125e-16,2.18661656376068e-16
623,"weighted_median",0.101660434255909,0.127243988026502,0.424324645533369,0.101660434255909,0.127580014241079,0.425545892594406,1.2490009027033e-16,0.00033602621457729,0.00122124706103666,0.00263384681821969
623,"simple_mode",-0.120236681802644,0.747591862684413,0.872626184420421,-0.120236681802644,0.694891948060285,0.863060028773188,0,0.052699914624128,0.00956615564723295,0.0758390060083932
623,"weighted_mode",0.0777633712969487,0.751153885105179,0.917802026935196,0.0777633712969487,0.746286417217853,0.917267865957868,0,0.00486746788732584,0.000534160977328724,0.00652225174547823
624,"ivw",-0.255848106435599,0.140777170856772,0.0691562397726032,-0.255848106435599,0.140777170856772,0.0691562397726032,5.55111512312578e-17,2.77555756156289e-17,0,1.9715963495152e-16
624,"egger",-0.194209321566667,0.218182654536572,0.376069071320592,-0.194209321566667,0.218182654536572,0.376069071320593,1.94289029309402e-16,5.55111512312578e-17,7.7715611723761e-16,2.5442513452394e-16
624,"weighted_median",-0.14867134792438,0.0870329701025029,0.0875957680913449,-0.14867134792438,0.0893233076941746,0.0960288655426708,0,0.00229033759167166,0.00843309745132587,0.0256409849880764
624,"simple_mode",-0.000911705136662277,0.907625260464002,0.999200998795888,-0.000911705136662277,1.02318443131604,0.999291238529331,0,0.115559170852042,9.02397334423544e-05,0.112940704837941
624,"weighted_mode",-0.156430603432987,0.873301095934995,0.858286368943195,-0.156430603432987,0.850645552196575,0.854554367418117,0,0.0226555437384194,0.00373200152507835,0.0266333535512144
625,"ivw",-0.147007919859398,0.134887786952573,0.275777705091323,-0.147007919859398,0.134887786952573,0.275777705091323,2.77555756156289e-17,2.77555756156289e-17,0,2.05767892280625e-16
625,"egger",-0.351795024297396,0.225072717825174,0.121993322804828,-0.351795024297395,0.225072717825174,0.121993322804829,5.55111512312578e-16,2.22044604925031e-16,2.08166817117217e-16,9.86546068624385e-16
625,"weighted_median",-0.176594682630524,0.0949995003032828,0.0630411476931916,-0.176594682630524,0.098608131473163,0.0733136083351923,2.77555756156289e-17,0.00360863116988014,0.0102724606420007,0.0365956753866922
625,"simple_mode",-0.0156754817016674,1.39495669250438,0.991061789092071,-0.0156754817016674,1.57023083709358,0.99205946487287,0,0.175274144589199,0.000997675780798457,0.111623170586576
625,"weighted_mode",-0.197412092811756,1.39358974747273,0.887702477296418,-0.197412092811756,1.53731747730356,0.898140165732834,0,0.143727729830828,0.0104376884364155,0.0934925491661785
