"pair","method_code","b_parallel","se_parallel","pval_parallel","b_serial","se_serial","pval_serial","abs_beta_delta","abs_se_delta","abs_pval_delta"
1,"ivw",-0.068584997541576,0.122358553148448,0.575121562032903,-0.068584997541576,0.122358553148448,0.575121562032903,0,0,0
1,"egger",0.0747652352076674,0.184742246158331,0.686777901526523,0.0747652352076674,0.184742246158331,0.686777901526523,0,0,0
1,"weighted_median",0.0213984032103163,0.122965186654205,0.861849735183584,0.0213984032103163,0.122965186654205,0.861849735183584,0,0,0
1,"simple_mode",0.00507167735738775,0.824480626371404,0.99510708050583,0.00507167735738775,0.824480626371404,0.99510708050583,0,0,0
1,"weighted_mode",0.00507167735738775,0.807945127532419,0.995006942765222,0.00507167735738775,0.807945127532419,0.995006942765222,0,0,0
2,"ivw",0.056116202616628,0.132047511944845,0.670858701922398,0.056116202616628,0.132047511944845,0.670858701922398,0,0,0
2,"egger",0.115585222774118,0.194262680119804,0.553526441057109,0.115585222774118,0.194262680119804,0.553526441057109,0,0,0
2,"weighted_median",-0.0653926362987833,0.117821618013408,0.57888514957116,-0.0653926362987833,0.117821618013408,0.57888514957116,0,0,0
2,"simple_mode",0.0675510498801165,0.875346747964604,0.938678119424736,0.0675510498801165,0.875346747964604,0.938678119424736,0,0,0
2,"weighted_mode",0.0675510498801165,0.849592679722368,0.936823146544891,0.0675510498801165,0.849592679722368,0.936823146544891,0,0,0
3,"ivw",-0.0125373812691036,0.110659808737147,0.909795404221192,-0.0125373812691036,0.110659808737147,0.909795404221192,0,0,0
3,"egger",-0.248785356432441,0.158388518910065,0.120192715993888,-0.248785356432441,0.158388518910065,0.120192715993888,0,0,0
3,"weighted_median",0.118714155364996,0.115761690422259,0.305125118018315,0.118714155364996,0.115761690422259,0.305125118018315,0,0,0
3,"simple_mode",0.0781361683584871,0.607201555622196,0.897927922295337,0.0781361683584871,0.607201555622196,0.897927922295337,0,0,0
3,"weighted_mode",0.0781361683584871,0.561256719531625,0.889624669582323,0.0781361683584871,0.561256719531625,0.889624669582323,0,0,0
4,"ivw",0.243562419519363,0.179161166456426,0.174000904476762,0.243562419519363,0.179161166456426,0.174000904476762,0,0,0
4,"egger",0.676990325024688,0.268374039625948,0.0136333491368836,0.676990325024688,0.268374039625948,0.0136333491368836,0,0,0
4,"weighted_median",0.037803451898714,0.143934078011633,0.792824822969064,0.037803451898714,0.143934078011633,0.792824822969064,0,0,0
4,"simple_mode",0.331828613370888,0.980981645734705,0.736041111310842,0.331828613370888,0.980981645734705,0.736041111310842,0,0,0
4,"weighted_mode",0.0602297153698369,0.97052580781473,0.950668846321171,0.0602297153698369,0.97052580781473,0.950668846321171,0,0,0
5,"ivw",-0.0813802235882589,0.116793003334356,0.485934081587198,-0.0813802235882589,0.116793003334356,0.485934081587198,0,0,0
5,"egger",-0.198961861325392,0.165423435227396,0.232623440514422,-0.198961861325392,0.165423435227396,0.232623440514422,0,0,0
5,"weighted_median",-0.285422891987123,0.0920084391067501,0.00192128252924272,-0.285422891987123,0.0920084391067501,0.00192128252924272,0,0,0
5,"simple_mode",-0.271076744513413,1.59179973622807,0.86520218774676,-0.271076744513413,1.59179973622807,0.86520218774676,0,0,0
5,"weighted_mode",-0.271076744513413,1.60833002537336,0.866574332901021,-0.271076744513413,1.60833002537336,0.866574332901021,0,0,0
6,"ivw",0.0186261865484552,0.161550888629035,0.908210433727667,0.0186261865484552,0.161550888629035,0.908210433727667,0,0,0
6,"egger",0.203265815504275,0.238521341301871,0.396651924583697,0.203265815504275,0.238521341301871,0.396651924583697,0,0,0
6,"weighted_median",0.192101609433767,0.155497066610062,0.216680396921819,0.192101609433767,0.155497066610062,0.216680396921819,0,0,0
6,"simple_mode",0.210349756129961,0.701431981351764,0.765032212359359,0.210349756129961,0.701431981351764,0.765032212359359,0,0,0
6,"weighted_mode",0.210349756129961,0.640294943374521,0.743366250314553,0.210349756129961,0.640294943374521,0.743366250314553,0,0,0
7,"ivw",-0.14531145436534,0.142714336235125,0.308583860947636,-0.14531145436534,0.142714336235125,0.308583860947636,0,0,0
7,"egger",-0.504002407090554,0.206089357108621,0.0166584468099261,-0.504002407090554,0.206089357108621,0.0166584468099261,0,0,0
7,"weighted_median",-0.189133345509298,0.142080631044917,0.183133376870565,-0.189133345509298,0.142080631044917,0.183133376870565,0,0,0
7,"simple_mode",0.200870721918821,0.523058072623263,0.701961452932774,0.200870721918821,0.523058072623263,0.701961452932774,0,0,0
7,"weighted_mode",-0.173281764339653,0.516464007157552,0.738103588965924,-0.173281764339653,0.516464007157552,0.738103588965924,0,0,0
8,"ivw",-0.225831828589107,0.150620917023004,0.133785686491253,-0.225831828589107,0.150620917023004,0.133785686491253,0,0,0
8,"egger",-0.47668253994634,0.210934970886357,0.0265493935345069,-0.47668253994634,0.210934970886357,0.0265493935345069,0,0,0
8,"weighted_median",-0.0199548979304139,0.11442049206971,0.861551360789562,-0.0199548979304139,0.11442049206971,0.861551360789562,0,0,0
8,"simple_mode",-0.311344561979742,0.531597787886988,0.559720958149017,-0.311344561979742,0.531597787886988,0.559720958149017,0,0,0
8,"weighted_mode",-0.165940029675022,0.475525910230707,0.728024032694357,-0.165940029675022,0.475525910230707,0.728024032694357,0,0,0
9,"ivw",0.1788304949942,0.202138118369722,0.376321387021772,0.1788304949942,0.202138118369722,0.376321387021772,0,0,0
9,"egger",0.476939269364924,0.294597985249465,0.109394068985024,0.476939269364924,0.294597985249465,0.109394068985024,0,0,0
9,"weighted_median",0.310424375156836,0.13486862260745,0.0213532400070728,0.310424375156836,0.13486862260745,0.0213532400070728,0,0,0
9,"simple_mode",0.25931160936484,0.806011394082361,0.748492075524995,0.25931160936484,0.806011394082361,0.748492075524995,0,0,0
9,"weighted_mode",0.25931160936484,0.790667282596444,0.74378397337797,0.25931160936484,0.790667282596444,0.74378397337797,0,0,0
10,"ivw",0.425105814200431,0.171171102578089,0.0130093253564184,0.425105814200431,0.171171102578089,0.0130093253564184,0,0,0
10,"egger",0.253963050147784,0.266080992709892,0.342727211300408,0.253963050147784,0.266080992709892,0.342727211300408,0,0,0
10,"weighted_median",0.238874160286797,0.138043014058182,0.0835529766241001,0.238874160286797,0.138043014058182,0.0835529766241001,0,0,0
10,"simple_mode",0.447632084849757,1.13514662486067,0.694367427557819,0.447632084849757,1.13514662486067,0.694367427557819,0,0,0
10,"weighted_mode",0.173847675520491,1.11353500570809,0.876325048846217,0.173847675520491,1.11353500570809,0.876325048846217,0,0,0
11,"ivw",0.40707033772227,0.14333340297172,0.00451101069812956,0.40707033772227,0.14333340297172,0.00451101069812956,0,0,0
11,"egger",0.128575334684142,0.224416112730212,0.568297134502181,0.128575334684142,0.224416112730212,0.568297134502181,0,0,0
11,"weighted_median",0.112629364557213,0.125929330673679,0.371115679856071,0.112629364557213,0.125929330673679,0.371115679856071,0,0,0
11,"simple_mode",0.114148240753658,0.943494200749543,0.904002875520186,0.114148240753658,0.943494200749543,0.904002875520186,0,0,0
11,"weighted_mode",0.114148240753658,0.911302086226316,0.900629346595123,0.114148240753658,0.911302086226316,0.900629346595123,0,0,0
12,"ivw",-0.421965597761434,0.142748917478825,0.00311658522993807,-0.421965597761434,0.142748917478825,0.00311658522993807,0,0,0
12,"egger",-0.373476200915811,0.215171142131602,0.0864641268841753,-0.373476200915811,0.215171142131602,0.0864641268841753,0,0,0
12,"weighted_median",-0.149974427639405,0.107148020180156,0.161605008544303,-0.149974427639405,0.107148020180156,0.161605008544303,0,0,0
12,"simple_mode",-0.245066242303235,0.616048304789792,0.691821429692634,-0.245066242303235,0.616048304789792,0.691821429692634,0,0,0
12,"weighted_mode",-0.0478924409038466,0.601047864186617,0.936687047917897,-0.0478924409038466,0.601047864186617,0.936687047917897,0,0,0
13,"ivw",-0.253348983931429,0.185767810594477,0.172632479625545,-0.253348983931429,0.185767810594477,0.172632479625545,0,0,0
13,"egger",-0.0672478844603745,0.269740656856488,0.803763305781884,-0.0672478844603745,0.269740656856488,0.803763305781884,0,0,0
13,"weighted_median",-0.156784215000442,0.140417064380538,0.264182083300728,-0.156784215000442,0.140417064380538,0.264182083300728,0,0,0
13,"simple_mode",-0.433288711443688,0.939125871845398,0.645766551034156,-0.433288711443688,0.939125871845398,0.645766551034156,0,0,0
13,"weighted_mode",-0.233449159159471,0.90303455913957,0.796664235420774,-0.233449159159471,0.90303455913957,0.796664235420774,0,0,0
14,"ivw",0.0451700012949854,0.164724258537592,0.783918754217345,0.0451700012949854,0.164724258537592,0.783918754217345,0,0,0
14,"egger",-0.285775452366928,0.237890650430239,0.233183515746889,-0.285775452366928,0.237890650430239,0.233183515746889,0,0,0
14,"weighted_median",-0.130640981730184,0.129280025877719,0.312242777707765,-0.130640981730184,0.129280025877719,0.312242777707765,0,0,0
14,"simple_mode",0.337581082318094,1.18683549608924,0.77680066558979,0.337581082318094,1.18683549608924,0.77680066558979,0,0,0
14,"weighted_mode",-0.286600806194557,1.16244098001869,0.805879611500109,-0.286600806194557,1.16244098001869,0.805879611500109,0,0,0
15,"ivw",-0.0241873277542355,0.164966117512102,0.883431987606408,-0.0241873277542355,0.164966117512102,0.883431987606408,0,0,0
15,"egger",0.0271443488055992,0.232348163328065,0.907290586743322,0.0271443488055992,0.232348163328065,0.907290586743322,0,0,0
15,"weighted_median",0.101531900208495,0.153682049874746,0.508829057695064,0.101531900208495,0.153682049874746,0.508829057695064,0,0,0
15,"simple_mode",0.0591926112454206,1.39440187990289,0.96624429427693,0.0591926112454206,1.39440187990289,0.96624429427693,0,0,0
15,"weighted_mode",0.0591926112454206,1.37443370866933,0.965754186265526,0.0591926112454206,1.37443370866933,0.965754186265526,0,0,0
16,"ivw",0.117939914607869,0.172363259311205,0.493816015857778,0.117939914607869,0.172363259311205,0.493816015857778,0,0,0
16,"egger",0.00524419914776251,0.247599991407738,0.983154705752808,0.00524419914776251,0.247599991407738,0.983154705752808,0,0,0
16,"weighted_median",-0.132966230040792,0.133604184247712,0.31962682433451,-0.132966230040792,0.133604184247712,0.31962682433451,0,0,0
16,"simple_mode",0.325785300324527,0.980127741119559,0.74045296007583,0.325785300324527,0.980127741119559,0.74045296007583,0,0,0
16,"weighted_mode",0.0894279483597377,0.93154715320397,0.92375818181293,0.0894279483597377,0.93154715320397,0.92375818181293,0,0,0
17,"ivw",0.212895420808634,0.164535031680019,0.195692525036275,0.212895420808634,0.164535031680019,0.195692525036275,0,0,0
17,"egger",0.0309224389729939,0.240872878728685,0.898173136022704,0.0309224389729939,0.240872878728685,0.898173136022704,0,0,0
17,"weighted_median",0.267733250746986,0.133604157717699,0.0450776628611229,0.267733250746986,0.133604157717699,0.0450776628611229,0,0,0
17,"simple_mode",0.281662949219082,1.3415894187706,0.834236065021869,0.281662949219082,1.3415894187706,0.834236065021869,0,0,0
17,"weighted_mode",0.281662949219082,1.33348091542772,0.833243137015996,0.281662949219082,1.33348091542772,0.833243137015996,0,0,0
18,"ivw",-0.628017272726355,0.156607409118113,6.06833521258102e-05,-0.628017272726355,0.156607409118113,6.06833521258102e-05,0,0,0
18,"egger",-1.06371736432259,0.212248825386406,3.17043976034061e-06,-1.06371736432259,0.212248825386406,3.17043976034061e-06,0,0,0
18,"weighted_median",-0.611261826258888,0.160447423221369,0.000139117005982505,-0.611261826258888,0.160447423221369,0.000139117005982505,0,0,0
18,"simple_mode",-0.455143087969642,0.781731416564284,0.562032684595918,-0.455143087969642,0.781731416564284,0.562032684595918,0,0,0
18,"weighted_mode",-0.650226486045491,0.751810891103193,0.389658675855749,-0.650226486045491,0.751810891103193,0.389658675855749,0,0,0
19,"ivw",0.131301312206847,0.153598405696111,0.39264243026082,0.131301312206847,0.153598405696111,0.39264243026082,0,0,0
19,"egger",0.0361268621557295,0.226155007004213,0.873485527477701,0.0361268621557295,0.226155007004213,0.873485527477701,0,0,0
19,"weighted_median",0.318273778578958,0.125722866083265,0.01135594789323,0.318273778578958,0.125722866083265,0.01135594789323,0,0,0
19,"simple_mode",0.0684368488149575,0.95097459151836,0.942807192244655,0.0684368488149575,0.95097459151836,0.942807192244655,0,0,0
19,"weighted_mode",0.260767847686601,0.92389283344042,0.778472510308376,0.260767847686601,0.92389283344042,0.778472510308376,0,0,0
20,"ivw",-0.0419119195338013,0.191534646666929,0.826789013349523,-0.0419119195338013,0.191534646666929,0.826789013349523,0,0,0
20,"egger",-0.455331046474579,0.290275545243697,0.120684426100189,-0.455331046474579,0.290275545243697,0.120684426100189,0,0,0
20,"weighted_median",0.090589352031156,0.160422034237255,0.572281950640048,0.090589352031156,0.160422034237255,0.572281950640048,0,0,0
20,"simple_mode",-0.0732953184948724,1.25859573607412,0.953704240649,-0.0732953184948724,1.25859573607412,0.953704240649,0,0,0
20,"weighted_mode",-0.0732953184948724,1.25922175651913,0.953727230217429,-0.0732953184948724,1.25922175651913,0.953727230217429,0,0,0
21,"ivw",0.0620811595554393,0.15688947605041,0.692326384271241,0.0620811595554393,0.15688947605041,0.692326384271241,0,0,0
21,"egger",0.543761277242091,0.216500655018529,0.0140317029059588,0.543761277242091,0.216500655018529,0.0140317029059588,0,0,0
21,"weighted_median",0.11190035257595,0.125949245367374,0.374295557252271,0.11190035257595,0.125949245367374,0.374295557252271,0,0,0
21,"simple_mode",0.105314722449321,0.830709904614885,0.89943126019754,0.105314722449321,0.830709904614885,0.89943126019754,0,0,0
21,"weighted_mode",0.288668921813632,0.827753800176261,0.728191130443324,0.288668921813632,0.827753800176261,0.728191130443324,0,0,0
22,"ivw",0.201219270616461,0.15287345834276,0.188091066210887,0.201219270616461,0.15287345834276,0.188091066210887,0,0,0
22,"egger",0.439466362829608,0.214556160677556,0.0438147226971686,0.439466362829608,0.214556160677556,0.0438147226971686,0,0,0
22,"weighted_median",0.306533052573765,0.0856709226751095,0.000346194942610932,0.306533052573765,0.0856709226751095,0.000346194942610932,0,0,0
22,"simple_mode",0.457243119042153,1.31423535526385,0.728806017124349,0.457243119042153,1.31423535526385,0.728806017124349,0,0,0
22,"weighted_mode",0.145271590017574,1.29842856636312,0.911193270415653,0.145271590017574,1.29842856636312,0.911193270415653,0,0,0
23,"ivw",-0.33594104883451,0.200061441252294,0.0931151397574298,-0.33594104883451,0.200061441252294,0.0931151397574298,0,0,0
23,"egger",-0.3206338238778,0.300933397654485,0.289870968618668,-0.3206338238778,0.300933397654485,0.289870968618668,0,0,0
23,"weighted_median",-0.379631307980284,0.13726728705382,0.00568119642420212,-0.379631307980284,0.13726728705382,0.00568119642420212,0,0,0
23,"simple_mode",-0.525025456312815,1.6156680768617,0.746050124852651,-0.525025456312815,1.6156680768617,0.746050124852651,0,0,0
23,"weighted_mode",-0.0375035016376719,1.60331489001455,0.9813957322089,-0.0375035016376719,1.60331489001455,0.9813957322089,0,0,0
24,"ivw",-0.383831280981905,0.196251345286892,0.0504869775751037,-0.383831280981905,0.196251345286892,0.0504869775751037,0,0,0
24,"egger",-0.14213054917301,0.29584771388796,0.632241367380074,-0.14213054917301,0.29584771388796,0.632241367380074,0,0,0
24,"weighted_median",-0.285919416534274,0.126525468596982,0.0238350588954013,-0.285919416534274,0.126525468596982,0.0238350588954013,0,0,0
24,"simple_mode",-0.237953558566444,1.11273452803933,0.831204720893306,-0.237953558566444,1.11273452803933,0.831204720893306,0,0,0
24,"weighted_mode",-0.237953558566444,1.09683934254763,0.828796886002123,-0.237953558566444,1.09683934254763,0.828796886002123,0,0,0
25,"ivw",0.196315430921844,0.186211460484885,0.291763560952011,0.196315430921844,0.186211460484885,0.291763560952011,0,0,0
25,"egger",0.540086564549662,0.265605592157355,0.0453262327845591,0.540086564549662,0.265605592157355,0.0453262327845591,0,0,0
25,"weighted_median",0.0546183936573421,0.155474193968172,0.725361802540132,0.0546183936573421,0.155474193968172,0.725361802540132,0,0,0
25,"simple_mode",0.0914871445658109,1.91235219189312,0.961961428627504,0.0914871445658109,1.91235219189312,0.961961428627504,0,0,0
25,"weighted_mode",0.0914871445658109,1.89907989488146,0.961695791913772,0.0914871445658109,1.89907989488146,0.961695791913772,0,0,0
26,"ivw",0.130419924052934,0.113505158349854,0.250546909174014,0.130419924052934,0.113505158349854,0.250546909174014,0,0,0
26,"egger",0.0542136788897377,0.163715771982937,0.741400707671708,0.0542136788897377,0.163715771982937,0.741400707671708,0,0,0
26,"weighted_median",0.346030566487003,0.114943388052123,0.00260866543225517,0.346030566487003,0.114943388052123,0.00260866543225517,0,0,0
26,"simple_mode",0.173734907928043,3.44391927595126,0.959890489636057,0.173734907928043,3.44391927595126,0.959890489636057,0,0,0
26,"weighted_mode",0.173734907928043,3.50147793904598,0.960549273307834,0.173734907928043,3.50147793904598,0.960549273307834,0,0,0
27,"ivw",-0.373406248201943,0.129049911669303,0.00380971200040564,-0.373406248201943,0.129049911669303,0.00380971200040564,0,0,0
27,"egger",-0.157438558567826,0.192968492512928,0.416993109266276,-0.157438558567826,0.192968492512928,0.416993109266276,0,0,0
27,"weighted_median",-0.242861217386189,0.139797897932225,0.0823464362559838,-0.242861217386189,0.139797897932225,0.0823464362559838,0,0,0
27,"simple_mode",-0.326309143587028,14.770238967953,0.982428629369121,-0.326309143587028,14.770238967953,0.982428629369121,0,0,0
27,"weighted_mode",-0.326309143587028,14.7172513347198,0.982365376309339,-0.326309143587028,14.7172513347198,0.982365376309339,0,0,0
28,"ivw",-0.00294866923634138,0.12376722926736,0.980992746407193,-0.00294866923634138,0.12376722926736,0.980992746407193,0,0,0
28,"egger",-0.12996120910148,0.175957229831135,0.462314083223922,-0.12996120910148,0.175957229831135,0.462314083223922,0,0,0
28,"weighted_median",-0.264330468201888,0.138920237797688,0.057073187688863,-0.264330468201888,0.138920237797688,0.057073187688863,0,0,0
28,"simple_mode",0.462985963454986,9.16806635289271,0.959848394091509,0.462985963454986,9.16806635289271,0.959848394091509,0,0,0
28,"weighted_mode",-0.106420475986654,9.11562852009104,0.990714008709062,-0.106420475986654,9.11562852009104,0.990714008709062,0,0,0
29,"ivw",0.207479581290008,0.153399294730086,0.176200757915043,0.207479581290008,0.153399294730086,0.176200757915043,0,0,0
29,"egger",0.66913062382605,0.207031841713084,0.00178591390661907,0.66913062382605,0.207031841713084,0.00178591390661907,0,0,0
29,"weighted_median",0.642472015729989,0.125644882008722,3.16418281247609e-07,0.642472015729989,0.125644882008722,3.16418281247609e-07,0,0,0
29,"simple_mode",0.637662321633739,19.375675862157,0.973826957101394,0.637662321633739,19.375675862157,0.973826957101394,0,0,0
29,"weighted_mode",0.637662321633739,19.5431049066967,0.974051105041312,0.637662321633739,19.5431049066967,0.974051105041312,0,0,0
30,"ivw",-0.154851681356376,0.158377226508947,0.328203145595804,-0.154851681356376,0.158377226508947,0.328203145595804,0,0,0
30,"egger",-0.307424519951193,0.231622479179857,0.188196350815601,-0.307424519951193,0.231622479179857,0.188196350815601,0,0,0
30,"weighted_median",-0.0290192112060239,0.142271835441394,0.838376805654404,-0.0290192112060239,0.142271835441394,0.838376805654404,0,0,0
30,"simple_mode",-0.40294856450049,7.04702996683811,0.954542698412843,-0.40294856450049,7.04702996683811,0.954542698412843,0,0,0
30,"weighted_mode",-0.0401082757837649,7.02565963595679,0.995459076571772,-0.0401082757837649,7.02565963595679,0.995459076571772,0,0,0
31,"ivw",-0.220898659105675,0.174351731957015,0.205165514047503,-0.220898659105675,0.174351731957015,0.205165514047503,0,0,0
31,"egger",-0.493286201296495,0.274937948944846,0.0765635558718895,-0.493286201296495,0.274937948944846,0.0765635558718895,0,0,0
31,"weighted_median",-0.157199805180629,0.138070289830196,0.25489126574204,-0.157199805180629,0.138070289830196,0.25489126574204,0,0,0
31,"simple_mode",-0.0834263681319095,11.9726605865083,0.994457460597003,-0.0834263681319095,11.9726605865083,0.994457460597003,0,0,0
31,"weighted_mode",-0.0834263681319095,11.959347839133,0.994451290928144,-0.0834263681319095,11.959347839133,0.994451290928144,0,0,0
32,"ivw",-0.0431270922410888,0.145891608409637,0.767527549114287,-0.0431270922410888,0.145891608409637,0.767527549114287,0,0,0
32,"egger",-0.178420669749662,0.218592683720387,0.416795635649025,-0.178420669749662,0.218592683720387,0.416795635649025,0,0,0
32,"weighted_median",-0.0474424705659071,0.12376210774163,0.701470654593369,-0.0474424705659071,0.12376210774163,0.701470654593369,0,0,0
32,"simple_mode",0.0420054247492229,10.8220419548183,0.996912586891247,0.0420054247492229,10.8220419548183,0.996912586891247,0,0,0
32,"weighted_mode",0.0420054247492229,10.8209490441464,0.996912275065587,0.0420054247492229,10.8209490441464,0.996912275065587,0,0,0
33,"ivw",-0.393705014231741,0.134397439687984,0.00339607684898928,-0.393705014231741,0.134397439687984,0.00339607684898928,0,0,0
33,"egger",-0.729610715794397,0.177875151595228,9.79111653003531e-05,-0.729610715794397,0.177875151595228,9.79111653003531e-05,0,0,0
33,"weighted_median",-0.265084928204868,0.156702142674218,0.0907130332031207,-0.265084928204868,0.156702142674218,0.0907130332031207,0,0,0
33,"simple_mode",-0.309986133396586,19.5913789029868,0.987414844130358,-0.309986133396586,19.5913789029868,0.987414844130358,0,0,0
33,"weighted_mode",-0.309986133396586,19.5498766616582,0.987388129490654,-0.309986133396586,19.5498766616582,0.987388129490654,0,0,0
34,"ivw",-0.00196830480378361,0.204576146568088,0.99232336804443,-0.00196830480378361,0.204576146568088,0.99232336804443,0,0,0
34,"egger",-0.342788230086599,0.299648532725325,0.256048483145708,-0.342788230086599,0.299648532725325,0.256048483145708,0,0,0
34,"weighted_median",-0.208706022755931,0.154213523173553,0.175941459172842,-0.208706022755931,0.154213523173553,0.175941459172842,0,0,0
34,"simple_mode",0.522936691517552,23.1205241041919,0.982010726009081,0.522936691517552,23.1205241041919,0.982010726009081,0,0,0
34,"weighted_mode",-0.669490727210487,23.2199868529513,0.977069086010909,-0.669490727210487,23.2199868529513,0.977069086010909,0,0,0
35,"ivw",0.080784093785741,0.163749827101064,0.621773430512606,0.080784093785741,0.163749827101064,0.621773430512606,0,0,0
35,"egger",0.0211155120140191,0.244836706859047,0.931488543551528,0.0211155120140191,0.244836706859047,0.931488543551528,0,0,0
35,"weighted_median",0.131401209536703,0.129267147033486,0.309387096410692,0.131401209536703,0.129267147033486,0.309387096410692,0,0,0
35,"simple_mode",0.0685409904715146,24.1084363439359,0.997738584206235,0.0685409904715146,24.1084363439359,0.997738584206235,0,0,0
35,"weighted_mode",0.0685409904715146,24.2808594883217,0.997754642919885,0.0685409904715146,24.2808594883217,0.997754642919885,0,0,0
36,"ivw",0.169749079853175,0.156334665366263,0.277564938327535,0.169749079853175,0.156334665366263,0.277564938327535,0,0,0
36,"egger",-0.0570568650380538,0.233270070525253,0.807395736040644,-0.0570568650380538,0.233270070525253,0.807395736040644,0,0,0
36,"weighted_median",0.0374792013551898,0.135052714250591,0.781384420399945,0.0374792013551898,0.135052714250591,0.781384420399945,0,0,0
36,"simple_mode",0.18855359227233,14.8830717853249,0.989923025630832,0.18855359227233,14.8830717853249,0.989923025630832,0,0,0
36,"weighted_mode",0.18855359227233,14.8420487990779,0.989895174684888,0.18855359227233,14.8420487990779,0.989895174684888,0,0,0
37,"ivw",-0.415188524533478,0.176501772837952,0.0186567527690992,-0.415188524533478,0.176501772837952,0.0186567527690992,0,0,0
37,"egger",-0.571449183055632,0.274078778449051,0.0402600505082504,-0.571449183055632,0.274078778449051,0.0402600505082504,0,0,0
37,"weighted_median",-0.167318362772528,0.153086044432106,0.274407233414804,-0.167318362772528,0.153086044432106,0.274407233414804,0,0,0
37,"simple_mode",0.0343636015279429,2.82633107804522,0.990329153525493,0.0343636015279429,2.82633107804522,0.990329153525493,0,0,0
37,"weighted_mode",0.0343636015279429,2.83623031990842,0.990362905825897,0.0343636015279429,2.83623031990842,0.990362905825897,0,0,0
38,"ivw",-0.0438613460521003,0.149052356962561,0.768553086704507,-0.0438613460521003,0.149052356962561,0.768553086704507,0,0,0
38,"egger",-0.343300193492797,0.213685775228842,0.112089894824119,-0.343300193492797,0.213685775228842,0.112089894824119,0,0,0
38,"weighted_median",-0.0343667506961198,0.132894197476627,0.79594207610459,-0.0343667506961198,0.132894197476627,0.79594207610459,0,0,0
38,"simple_mode",0.387810378940628,14.2525025444611,0.978359179057959,0.387810378940628,14.2525025444611,0.978359179057959,0,0,0
38,"weighted_mode",-0.274246822636299,14.3142046218957,0.984761326390024,-0.274246822636299,14.3142046218957,0.984761326390024,0,0,0
39,"ivw",0.101533416802804,0.186585567109252,0.586327633229323,0.101533416802804,0.186585567109252,0.586327633229323,0,0,0
39,"egger",-0.12048869458824,0.281262750118639,0.669522161746356,-0.12048869458824,0.281262750118639,0.669522161746356,0,0,0
39,"weighted_median",-0.0891287231251398,0.150900813041187,0.554758695793919,-0.0891287231251398,0.150900813041187,0.554758695793919,0,0,0
39,"simple_mode",-0.369861895151505,19.2899365439344,0.984749589498168,-0.369861895151505,19.2899365439344,0.984749589498168,0,0,0
39,"weighted_mode",-0.369861895151505,19.5659256935289,0.984964679586882,-0.369861895151505,19.5659256935289,0.984964679586882,0,0,0
40,"ivw",0.228189846331631,0.199039245586496,0.251606296595262,0.228189846331631,0.199039245586496,0.251606296595262,0,0,0
40,"egger",0.574760107875635,0.295855480681936,0.0555700532468344,0.574760107875635,0.295855480681936,0.0555700532468344,0,0,0
40,"weighted_median",0.152591992607966,0.1363139343803,0.262962728763117,0.152591992607966,0.1363139343803,0.262962728763117,0,0,0
40,"simple_mode",0.0915781534505149,12.9307636937659,0.994366689205486,0.0915781534505149,12.9307636937659,0.994366689205486,0,0,0
40,"weighted_mode",0.0915781534505149,12.9307636937659,0.994366689205486,0.0915781534505149,12.9307636937659,0.994366689205486,0,0,0
41,"ivw",-0.191761539670583,0.172413471888729,0.266043999640656,-0.191761539670583,0.172413471888729,0.266043999640656,0,0,0
41,"egger",-0.403923411237893,0.255023104771974,0.117168768210081,-0.403923411237893,0.255023104771974,0.117168768210081,0,0,0
41,"weighted_median",-0.338335455409307,0.147154846658218,0.0214947298321236,-0.338335455409307,0.147154846658218,0.0214947298321236,0,0,0
41,"simple_mode",-0.328852378039156,28.4853376623376,0.990817318327794,-0.328852378039156,28.4853376623376,0.990817318327794,0,0,0
41,"weighted_mode",-0.328852378039156,28.485317324042,0.990817311771725,-0.328852378039156,28.485317324042,0.990817311771725,0,0,0
42,"ivw",0.435887818276592,0.1416216245784,0.00208511192931016,0.435887818276592,0.1416216245784,0.00208511192931016,0,0,0
42,"egger",0.28187228382362,0.216684616352035,0.197047324644462,0.28187228382362,0.216684616352035,0.197047324644462,0,0,0
42,"weighted_median",0.260983276537962,0.122065342284545,0.0325117071078593,0.260983276537962,0.122065342284545,0.0325117071078593,0,0,0
42,"simple_mode",0.520828519760026,22.3360850813386,0.981454115847464,0.520828519760026,22.3360850813386,0.981454115847464,0,0,0
42,"weighted_mode",0.520828519760026,22.2867220772616,0.981413046010619,0.520828519760026,22.2867220772616,0.981413046010619,0,0,0
43,"ivw",-0.0888130588127386,0.1581497955925,0.574405241116617,-0.0888130588127386,0.1581497955925,0.574405241116617,0,0,0
43,"egger",0.0884193141406788,0.218645285415426,0.687000566981109,0.0884193141406788,0.218645285415426,0.687000566981109,0,0,0
43,"weighted_median",0.16076591035743,0.114045503205223,0.158638737831713,0.16076591035743,0.114045503205223,0.158638737831713,0,0,0
43,"simple_mode",-0.133084213773355,28.0376984689849,0.996224432735448,-0.133084213773355,28.0376984689849,0.996224432735448,0,0,0
43,"weighted_mode",-0.133084213773355,28.0960045630043,0.99623226790329,-0.133084213773355,28.0960045630043,0.99623226790329,0,0,0
44,"ivw",-0.0114841731925881,0.128299143161094,0.928675882620472,-0.0114841731925881,0.128299143161094,0.928675882620472,0,0,0
44,"egger",0.0265760728874949,0.184685636522794,0.885942119315806,0.0265760728874949,0.184685636522794,0.885942119315806,0,0,0
44,"weighted_median",-0.13005963567436,0.0891117912358723,0.144424527213595,-0.13005963567436,0.0891117912358723,0.144424527213595,0,0,0
44,"simple_mode",0.611954890450267,26.0168427619607,0.981292146560054,0.611954890450267,26.0168427619607,0.981292146560054,0,0,0
44,"weighted_mode",-0.896511317308581,25.9907243414187,0.972568478468001,-0.896511317308581,25.9907243414187,0.972568478468001,0,0,0
45,"ivw",-0.213318396041043,0.201669771024318,0.290164468364454,-0.213318396041043,0.201669771024318,0.290164468364454,0,0,0
45,"egger",-0.295386766798324,0.295825767856185,0.321039896597558,-0.295386766798324,0.295825767856185,0.321039896597558,0,0,0
45,"weighted_median",-0.0696488726734676,0.165474428230283,0.673825078607413,-0.0696488726734676,0.165474428230283,0.673825078607413,0,0,0
45,"simple_mode",-0.0625621355488235,22.685354083867,0.997806361166642,-0.0625621355488235,22.685354083867,0.997806361166642,0,0,0
45,"weighted_mode",-0.0625621355488235,22.6977678867776,0.997807560902688,-0.0625621355488235,22.6977678867776,0.997807560902688,0,0,0
46,"ivw",-0.074632661769203,0.159457133523427,0.639754437952892,-0.074632661769203,0.159457133523427,0.639754437952892,0,0,0
46,"egger",0.0405091462931092,0.243310534578873,0.868190220796389,0.0405091462931092,0.243310534578873,0.868190220796389,0,0,0
46,"weighted_median",-0.192933960032108,0.138117993572847,0.162450319256824,-0.192933960032108,0.138117993572847,0.162450319256824,0,0,0
46,"simple_mode",0.160116807413216,16.4833083515639,0.992273455587346,0.160116807413216,16.4833083515639,0.992273455587346,0,0,0
46,"weighted_mode",0.160116807413216,16.4403241378146,0.992253254719208,0.160116807413216,16.4403241378146,0.992253254719208,0,0,0
47,"ivw",-0.058750368320734,0.203445678236772,0.772752275838221,-0.058750368320734,0.203445678236772,0.772752275838221,0,0,0
47,"egger",-0.462977251950777,0.321825704715841,0.15416583178068,-0.462977251950777,0.321825704715841,0.15416583178068,0,0,0
47,"weighted_median",-0.0147293556247247,0.139847636118469,0.916118474542588,-0.0147293556247247,0.139847636118469,0.916118474542588,0,0,0
47,"simple_mode",-1.14286902183454,12.8997350921526,0.929621419184692,-1.14286902183454,12.8997350921526,0.929621419184692,0,0,0
47,"weighted_mode",-0.441848719189574,12.8442456089473,0.972642401468653,-0.441848719189574,12.8442456089473,0.972642401468653,0,0,0
48,"ivw",0.282555215213935,0.179036535841177,0.114519985374305,0.282555215213935,0.179036535841177,0.114519985374305,0,0,0
48,"egger",-0.0789010537611952,0.25656120219694,0.759236847582535,-0.0789010537611952,0.25656120219694,0.759236847582535,0,0,0
48,"weighted_median",-0.0244834882276953,0.178734643069425,0.891044760430097,-0.0244834882276953,0.178734643069425,0.891044760430097,0,0,0
48,"simple_mode",-0.174324113292906,14.0198331527185,0.990109847886802,-0.174324113292906,14.0198331527185,0.990109847886802,0,0,0
48,"weighted_mode",-0.174324113292906,14.0424690735042,0.99012578960241,-0.174324113292906,14.0424690735042,0.99012578960241,0,0,0
49,"ivw",-0.167389129421126,0.220980783083786,0.448760701635428,-0.167389129421126,0.220980783083786,0.448760701635428,0,0,0
49,"egger",-0.229883951004593,0.317718846139252,0.471455363438876,-0.229883951004593,0.317718846139252,0.471455363438876,0,0,0
49,"weighted_median",0.0480267530871321,0.141300719762581,0.73393909345088,0.0480267530871321,0.141300719762581,0.73393909345088,0,0,0
49,"simple_mode",-0.223857508262763,25.6698164617693,0.993063458167564,-0.223857508262763,25.6698164617693,0.993063458167564,0,0,0
49,"weighted_mode",-0.223857508262763,24.8465882887643,0.992833639784153,-0.223857508262763,24.8465882887643,0.992833639784153,0,0,0
50,"ivw",-0.0592115560300424,0.170520751167947,0.728411329141608,-0.0592115560300424,0.170520751167947,0.728411329141608,0,0,0
50,"egger",-0.0848220962794488,0.236918397674509,0.721269478368443,-0.0848220962794488,0.236918397674509,0.721269478368443,0,0,0
50,"weighted_median",0.13364331503559,0.0990333602352358,0.177183565917039,0.13364331503559,0.0990333602352358,0.177183565917039,0,0,0
50,"simple_mode",-0.103323043652368,16.7716924590179,0.995099761701782,-0.103323043652368,16.7716924590179,0.995099761701782,0,0,0
50,"weighted_mode",-0.103323043652368,16.8409576227381,0.995119915632187,-0.103323043652368,16.8409576227381,0.995119915632187,0,0,0
51,"ivw",0.0577803037317924,0.147511892492886,0.69528041381936,0.0577803037317924,0.147511892492886,0.69528041381936,0,0,0
51,"egger",-0.0963555890091676,0.22761113009862,0.673187336190196,-0.0963555890091676,0.22761113009862,0.673187336190196,0,0,0
51,"weighted_median",-0.0613323181465158,0.150587516670327,0.68379730601096,-0.0613323181465158,0.150587516670327,0.68379730601096,0,0,0
51,"simple_mode",-0.0655558787182787,0.2602503648197,0.801759919436942,-0.0655558787182787,0.2602503648197,0.801759919436942,0,0,0
51,"weighted_mode",-0.0655558787182787,0.198389302624079,0.741920260480073,-0.0655558787182787,0.198389302624079,0.741920260480073,0,0,0
52,"ivw",-0.0195383390768498,0.138205838301811,0.887576625542501,-0.0195383390768498,0.138205838301811,0.887576625542501,0,0,0
52,"egger",0.113785951547231,0.223323166412244,0.611795670350687,0.113785951547231,0.223323166412244,0.611795670350687,0,0,0
52,"weighted_median",0.212685297903403,0.126586118455636,0.0929256285444186,0.212685297903403,0.126586118455636,0.0929256285444186,0,0,0
52,"simple_mode",0.393292026165703,0.469657684981856,0.404830976496249,0.393292026165703,0.469657684981856,0.404830976496249,0,0,0
52,"weighted_mode",0.102492464194394,0.435330147383272,0.814464439882385,0.102492464194394,0.435330147383272,0.814464439882385,0,0,0
53,"ivw",0.145330098536438,0.132292907510537,0.27196530427415,0.145330098536438,0.132292907510537,0.27196530427415,0,0,0
53,"egger",0.187104650296076,0.21310515415324,0.382577269494147,0.187104650296076,0.21310515415324,0.382577269494147,0,0,0
53,"weighted_median",0.0106700687562092,0.148373056379243,0.942670515964129,0.0106700687562092,0.148373056379243,0.942670515964129,0,0,0
53,"simple_mode",0.224221514468181,0.297320336340816,0.452951269399648,0.224221514468181,0.297320336340816,0.452951269399648,0,0,0
53,"weighted_mode",-0.00769915738720084,0.225203315570173,0.972811674498183,-0.00769915738720084,0.225203315570173,0.972811674498183,0,0,0
54,"ivw",0.0154074747016251,0.177732390268464,0.930918579250614,0.0154074747016251,0.177732390268464,0.930918579250614,0,0,0
54,"egger",-0.27862409831147,0.275589864929109,0.31505976853331,-0.27862409831147,0.275589864929109,0.31505976853331,0,0,0
54,"weighted_median",-0.127744194322915,0.134329954153809,0.341617950567577,-0.127744194322915,0.134329954153809,0.341617950567577,0,0,0
54,"simple_mode",0.0201838873927978,0.392143217364154,0.959077166314549,0.0201838873927978,0.392143217364154,0.959077166314549,0,0,0
54,"weighted_mode",0.0201838873927978,0.34291848667287,0.953209272051131,0.0201838873927978,0.34291848667287,0.953209272051131,0,0,0
55,"ivw",0.14834939955984,0.135991944273625,0.275330518830844,0.14834939955984,0.135991944273625,0.275330518830844,0,0,0
55,"egger",-0.0644322389205551,0.210909463948095,0.760781035925121,-0.0644322389205551,0.210909463948095,0.760781035925121,0,0,0
55,"weighted_median",-0.0486507100511872,0.130354025838462,0.708984823176475,-0.0486507100511872,0.130354025838462,0.708984823176475,0,0,0
55,"simple_mode",0.438633715713781,0.229360303020882,0.0593569579509141,0.438633715713781,0.229360303020882,0.0593569579509141,0,0,0
55,"weighted_mode",-0.0220619718406441,0.129895451654168,0.865556254183674,-0.0220619718406441,0.129895451654168,0.865556254183674,0,0,0
56,"ivw",0.0378825478452592,0.177523739713737,0.831019453847461,0.0378825478452592,0.177523739713737,0.831019453847461,0,0,0
56,"egger",-0.298929576578283,0.263017948669404,0.259125018653018,-0.298929576578283,0.263017948669404,0.259125018653018,0,0,0
56,"weighted_median",-0.00160569537778646,0.149742445967755,0.99144440982419,-0.00160569537778646,0.149742445967755,0.99144440982419,0,0,0
56,"simple_mode",0.390774575806718,0.255235855936942,0.129657553538936,0.390774575806718,0.255235855936942,0.129657553538936,0,0,0
56,"weighted_mode",0.0151226804699834,0.153826018554179,0.921928785093837,0.0151226804699834,0.153826018554179,0.921928785093837,0,0,0
57,"ivw",-0.188596215643714,0.167659591743339,0.260641672523531,-0.188596215643714,0.167659591743339,0.260641672523531,0,0,0
57,"egger",0.219257208828699,0.253919513177056,0.390449046867107,0.219257208828699,0.253919513177056,0.390449046867107,0,0,0
57,"weighted_median",-0.116879475787611,0.137884952346913,0.396627683999539,-0.116879475787611,0.137884952346913,0.396627683999539,0,0,0
57,"simple_mode",-0.383356826920112,0.28272407839849,0.178886523525361,-0.383356826920112,0.28272407839849,0.178886523525361,0,0,0
57,"weighted_mode",-0.0274265813703675,0.19838060643424,0.890384120565358,-0.0274265813703675,0.19838060643424,0.890384120565358,0,0,0
58,"ivw",-0.145207979189484,0.184778521803759,0.431956074492999,-0.145207979189484,0.184778521803759,0.431956074492999,0,0,0
58,"egger",0.162080298801704,0.284467077701824,0.570431473234257,0.162080298801704,0.284467077701824,0.570431473234257,0,0,0
58,"weighted_median",-0.0952378483938262,0.146441617429801,0.515468184233024,-0.0952378483938262,0.146441617429801,0.515468184233024,0,0,0
58,"simple_mode",0.00996666491778209,0.300902582089829,0.973658334036362,0.00996666491778209,0.300902582089829,0.973658334036362,0,0,0
58,"weighted_mode",0.00996666491778209,0.253570867904775,0.968743741578864,0.00996666491778209,0.253570867904775,0.968743741578864,0,0,0
59,"ivw",0.0189325776244786,0.208913890414517,0.92779149344497,0.0189325776244786,0.208913890414517,0.92779149344497,0,0,0
59,"egger",0.0579371392618895,0.322317776107881,0.857802093033332,0.0579371392618895,0.322317776107881,0.857802093033332,0,0,0
59,"weighted_median",-0.00382493688382238,0.149290872806053,0.979559874106557,-0.00382493688382238,0.149290872806053,0.979559874106557,0,0,0
59,"simple_mode",0.504628769460884,0.271264328578704,0.0664747826018741,0.504628769460884,0.271264328578704,0.0664747826018741,0,0,0
59,"weighted_mode",0.0355571678863545,0.184267940139568,0.847469803603016,0.0355571678863545,0.184267940139568,0.847469803603016,0,0,0
60,"ivw",0.167409689189235,0.175118094233151,0.339081492335565,0.167409689189235,0.175118094233151,0.339081492335565,0,0,0
60,"egger",0.101678709889017,0.281551177834218,0.718948564789711,0.101678709889017,0.281551177834218,0.718948564789711,0,0,0
60,"weighted_median",-0.107368066805043,0.140174399029609,0.443699746030093,-0.107368066805043,0.140174399029609,0.443699746030093,0,0,0
60,"simple_mode",-0.158130402309458,0.323472421934324,0.626266937817155,-0.158130402309458,0.323472421934324,0.626266937817155,0,0,0
60,"weighted_mode",-0.158130402309458,0.257198081047253,0.54039726292918,-0.158130402309458,0.257198081047253,0.54039726292918,0,0,0
61,"ivw",-0.230442086049918,0.129189268814564,0.0744633816832159,-0.230442086049918,0.129189268814564,0.0744633816832159,0,0,0
61,"egger",0.0616204212196084,0.185391212829559,0.740471322927664,0.0616204212196084,0.185391212829559,0.740471322927664,0,0,0
61,"weighted_median",-0.0941052262005443,0.100990088738018,0.351426272474045,-0.0941052262005443,0.100990088738018,0.351426272474045,0,0,0
61,"simple_mode",-0.0937893284989425,0.246274799334442,0.704324887204459,-0.0937893284989425,0.246274799334442,0.704324887204459,0,0,0
61,"weighted_mode",-0.0937893284989425,0.186343518752794,0.616109415890025,-0.0937893284989425,0.186343518752794,0.616109415890025,0,0,0
62,"ivw",0.14129543049758,0.16676561810413,0.396844894016786,0.14129543049758,0.16676561810413,0.396844894016786,0,0,0
62,"egger",0.272586703587528,0.254091378579478,0.28659078276789,0.272586703587528,0.254091378579478,0.28659078276789,0,0,0
62,"weighted_median",0.106856544891703,0.117187807783447,0.361852886290255,0.106856544891703,0.117187807783447,0.361852886290255,0,0,0
62,"simple_mode",0.144262405066518,0.234745396072891,0.540575468865343,0.144262405066518,0.234745396072891,0.540575468865343,0,0,0
62,"weighted_mode",0.048312977069213,0.152668118281367,0.752469352436645,0.048312977069213,0.152668118281367,0.752469352436645,0,0,0
63,"ivw",-0.408610426028385,0.17176164175684,0.0173625604891586,-0.408610426028385,0.17176164175684,0.0173625604891586,0,0,0
63,"egger",-0.142751564777624,0.259624873800566,0.583962452978093,-0.142751564777624,0.259624873800566,0.583962452978093,0,0,0
63,"weighted_median",-0.130371265001874,0.133843490138225,0.330027954426136,-0.130371265001874,0.133843490138225,0.330027954426136,0,0,0
63,"simple_mode",-0.424668626649497,0.233938783679513,0.0731791998967055,-0.424668626649497,0.233938783679513,0.0731791998967055,0,0,0
63,"weighted_mode",-0.214742381725964,0.21327073018996,0.316981134231652,-0.214742381725964,0.21327073018996,0.316981134231652,0,0,0
64,"ivw",0.345178646256807,0.158266343442781,0.029183532753157,0.345178646256807,0.158266343442781,0.029183532753157,0,0,0
64,"egger",0.512071890951349,0.248431541931713,0.0425304345622516,0.512071890951349,0.248431541931713,0.0425304345622516,0,0,0
64,"weighted_median",-0.0565360509863251,0.1451320691497,0.696870077849172,-0.0565360509863251,0.1451320691497,0.696870077849172,0,0,0
64,"simple_mode",0.102750298778778,0.398599986887523,0.797232049288219,0.102750298778778,0.398599986887523,0.797232049288219,0,0,0
64,"weighted_mode",-0.0165587791227572,0.356432937194431,0.96306041255471,-0.0165587791227572,0.356432937194431,0.96306041255471,0,0,0
65,"ivw",-0.350390224692173,0.181655836340017,0.0537471864283631,-0.350390224692173,0.181655836340017,0.0537471864283631,0,0,0
65,"egger",-0.407806006642806,0.266450526883012,0.129834657023598,-0.407806006642806,0.266450526883012,0.129834657023598,0,0,0
65,"weighted_median",-0.276222875801997,0.17656805214672,0.11772390659177,-0.276222875801997,0.17656805214672,0.11772390659177,0,0,0
65,"simple_mode",-0.0439132496794558,0.312100057268488,0.888454310314753,-0.0439132496794558,0.312100057268488,0.888454310314753,0,0,0
65,"weighted_mode",-0.315585393803792,0.242032440056832,0.195962125239974,-0.315585393803792,0.242032440056832,0.195962125239974,0,0,0
66,"ivw",0.469483250791831,0.187394829993843,0.0122342063192242,0.469483250791831,0.187394829993843,0.0122342063192242,0,0,0
66,"egger",0.2319656377364,0.289904008651871,0.425995690392034,0.2319656377364,0.289904008651871,0.425995690392034,0,0,0
66,"weighted_median",0.26340747118648,0.154310889171693,0.0878235178438843,0.26340747118648,0.154310889171693,0.0878235178438843,0,0,0
66,"simple_mode",0.307582689774013,0.335309735226418,0.361703913791414,0.307582689774013,0.335309735226418,0.361703913791414,0,0,0
66,"weighted_mode",0.307582689774013,0.258068078996228,0.236793949301547,0.307582689774013,0.258068078996228,0.236793949301547,0,0,0
67,"ivw",-0.0655288025307283,0.151316242059715,0.664972185856338,-0.0655288025307283,0.151316242059715,0.664972185856338,0,0,0
67,"egger",-0.128156638659971,0.219875761097207,0.561627384653573,-0.128156638659971,0.219875761097207,0.561627384653573,0,0,0
67,"weighted_median",-0.435247593832198,0.125118153554768,0.000503866229639951,-0.435247593832198,0.125118153554768,0.000503866229639951,0,0,0
67,"simple_mode",-0.422324616250558,0.293649626381382,0.154232065013785,-0.422324616250558,0.293649626381382,0.154232065013785,0,0,0
67,"weighted_mode",-0.245789972495868,0.228125328882347,0.284484827629874,-0.245789972495868,0.228125328882347,0.284484827629874,0,0,0
68,"ivw",-0.128024263095466,0.193338022134122,0.507856892370914,-0.128024263095466,0.193338022134122,0.507856892370914,0,0,0
68,"egger",-0.220783278022772,0.292483703761695,0.452551497947547,-0.220783278022772,0.292483703761695,0.452551497947547,0,0,0
68,"weighted_median",-0.2322291283528,0.130223626130892,0.0745358124446446,-0.2322291283528,0.130223626130892,0.0745358124446446,0,0,0
68,"simple_mode",-0.545138835569043,0.219420563690179,0.0150362150991222,-0.545138835569043,0.219420563690179,0.0150362150991222,0,0,0
68,"weighted_mode",-0.164980024818786,0.163896692826185,0.317119933587328,-0.164980024818786,0.163896692826185,0.317119933587328,0,0,0
69,"ivw",0.0112372579971491,0.141915095299628,0.936887094155608,0.0112372579971491,0.141915095299628,0.936887094155608,0,0,0
69,"egger",-0.0588006864063355,0.217674130743734,0.787754556975738,-0.0588006864063355,0.217674130743734,0.787754556975738,0,0,0
69,"weighted_median",0.0350143624284994,0.121214772161212,0.772686852221721,0.0350143624284994,0.121214772161212,0.772686852221721,0,0,0
69,"simple_mode",-0.113723321945363,0.280792030450083,0.686538487300832,-0.113723321945363,0.280792030450083,0.686538487300832,0,0,0
69,"weighted_mode",0.0647591563602701,0.208687957723662,0.757117915883667,0.0647591563602701,0.208687957723662,0.757117915883667,0,0,0
70,"ivw",0.116452306202625,0.196970711362683,0.554375465105618,0.116452306202625,0.196970711362683,0.554375465105618,0,0,0
70,"egger",-0.259968372347541,0.307725922835613,0.40073920384541,-0.259968372347541,0.307725922835613,0.40073920384541,0,0,0
70,"weighted_median",-0.170297796956822,0.162190299389485,0.293723831561759,-0.170297796956822,0.162190299389485,0.293723831561759,0,0,0
70,"simple_mode",-0.0499056098523294,0.375011009790193,0.894461973357634,-0.0499056098523294,0.375011009790193,0.894461973357634,0,0,0
70,"weighted_mode",-0.0499056098523294,0.283892996950803,0.860897494265335,-0.0499056098523294,0.283892996950803,0.860897494265335,0,0,0
71,"ivw",-0.0716729928156315,0.154224631180233,0.642123986080976,-0.0716729928156315,0.154224631180233,0.642123986080976,0,0,0
71,"egger",-0.437055510640392,0.240128998013712,0.0724860183583192,-0.437055510640392,0.240128998013712,0.0724860183583192,0,0,0
71,"weighted_median",-0.142357065308213,0.17409011558055,0.413516772683954,-0.142357065308213,0.17409011558055,0.413516772683954,0,0,0
71,"simple_mode",-0.300800160108601,0.275388040290306,0.277949283573111,-0.300800160108601,0.275388040290306,0.277949283573111,0,0,0
71,"weighted_mode",-0.0789703169837699,0.199586527251067,0.693389025593677,-0.0789703169837699,0.199586527251067,0.693389025593677,0,0,0
72,"ivw",0.230988925894071,0.180436548686253,0.200486388347606,0.230988925894071,0.180436548686253,0.200486388347606,0,0,0
72,"egger",-0.0995532594856708,0.284222471242537,0.72706017724881,-0.0995532594856708,0.284222471242537,0.72706017724881,0,0,0
72,"weighted_median",-0.152651981619301,0.127351382541172,0.230657204235332,-0.152651981619301,0.127351382541172,0.230657204235332,0,0,0
72,"simple_mode",0.288053295871103,0.397047698106334,0.470243662975527,0.288053295871103,0.397047698106334,0.470243662975527,0,0,0
72,"weighted_mode",-0.0793311515518599,0.355302123463492,0.823881272030431,-0.0793311515518599,0.355302123463492,0.823881272030431,0,0,0
73,"ivw",-0.355460401811497,0.193133449112618,0.0656961639381357,-0.355460401811497,0.193133449112618,0.0656961639381357,0,0,0
73,"egger",0.0783313321357626,0.319176819894511,0.806762260092545,0.0783313321357626,0.319176819894511,0.806762260092545,0,0,0
73,"weighted_median",-0.210009567721676,0.158084736492353,0.184025523851036,-0.210009567721676,0.158084736492353,0.184025523851036,0,0,0
73,"simple_mode",-0.562497831363536,0.770035319613489,0.467202518059563,-0.562497831363536,0.770035319613489,0.467202518059563,0,0,0
73,"weighted_mode",-0.0779598678298857,0.738351141645762,0.916171527135549,-0.0779598678298857,0.738351141645762,0.916171527135549,0,0,0
74,"ivw",-0.0984564335615325,0.198161499200215,0.619295214867035,-0.0984564335615325,0.198161499200215,0.619295214867035,0,0,0
74,"egger",0.162557064905135,0.301346341855146,0.591084298861705,0.162557064905135,0.301346341855146,0.591084298861705,0,0,0
74,"weighted_median",0.220710007451337,0.12201562938386,0.0704717167019368,0.220710007451337,0.12201562938386,0.0704717167019368,0,0,0
74,"simple_mode",0.0946749032940344,0.264034343748345,0.72084936786562,0.0946749032940344,0.264034343748345,0.72084936786562,0,0,0
74,"weighted_mode",0.0946749032940344,0.196617334235097,0.631446328991724,0.0946749032940344,0.196617334235097,0.631446328991724,0,0,0
75,"ivw",0.040729626948587,0.163842339009987,0.803677661768796,0.040729626948587,0.163842339009987,0.803677661768796,0,0,0
75,"egger",-0.240054849256593,0.227799234573334,0.295146845101964,-0.240054849256593,0.227799234573334,0.295146845101964,0,0,0
75,"weighted_median",0.0630882362929903,0.086418145939164,0.465369037647938,0.0630882362929903,0.086418145939164,0.465369037647938,0,0,0
75,"simple_mode",-0.134042016174947,0.344066708821592,0.697868485893066,-0.134042016174947,0.344066708821592,0.697868485893066,0,0,0
75,"weighted_mode",0.0328635032739644,0.267025747042579,0.902354620678738,0.0328635032739644,0.267025747042579,0.902354620678738,0,0,0
76,"ivw",-0.119014699443915,0.0998175992124611,0.233135090268605,-0.119014699443915,0.0998175992124611,0.233135090268605,0,0,0
76,"egger",-0.333482088959598,0.164577512492439,0.0460674587529493,-0.333482088959598,0.164577512492439,0.0460674587529493,0,0,0
76,"weighted_median",-0.258722254267894,0.0968917962949394,0.00758019314595367,-0.258722254267894,0.0968917962949394,0.00758019314595367,0,0,0
76,"simple_mode",0.0426500656358333,12.5492014462735,0.997296648941506,0.0426500656358333,12.5492014462735,0.997296648941506,0,0,0
76,"weighted_mode",0.0426500656358333,12.6395295663737,0.997315968305902,0.0426500656358333,12.6395295663737,0.997315968305902,0,0,0
77,"ivw",0.0330250513528574,0.102715825312896,0.747817397015464,0.0330250513528574,0.102715825312896,0.747817397015464,0,0,0
77,"egger",0.164787468222549,0.162233158384627,0.312813140072529,0.164787468222549,0.162233158384627,0.312813140072529,0,0,0
77,"weighted_median",0.151440562428112,0.10012132012636,0.130388773996914,0.151440562428112,0.10012132012636,0.130388773996914,0,0,0
77,"simple_mode",0.136898843761032,1.71103386072381,0.936427104394005,0.136898843761032,1.71103386072381,0.936427104394005,0,0,0
77,"weighted_mode",0.136898843761032,1.73438974793162,0.937281388283045,0.136898843761032,1.73438974793162,0.937281388283045,0,0,0
78,"ivw",-0.0331323580912361,0.101262795616038,0.743522809680136,-0.0331323580912361,0.101262795616038,0.743522809680136,0,0,0
78,"egger",-0.0241673175722487,0.162901857627293,0.882435859980401,-0.0241673175722487,0.162901857627293,0.882435859980401,0,0,0
78,"weighted_median",-0.083313506043898,0.112921342383735,0.460635241774984,-0.083313506043898,0.112921342383735,0.460635241774984,0,0,0
78,"simple_mode",-0.00111561455205017,0.315711635038306,0.997189249163132,-0.00111561455205017,0.315711635038306,0.997189249163132,0,0,0
78,"weighted_mode",-0.060857525904781,0.270997257360924,0.822880276939996,-0.060857525904781,0.270997257360924,0.822880276939996,0,0,0
79,"ivw",-0.240645974985673,0.161630574128617,0.13652313315007,-0.240645974985673,0.161630574128617,0.13652313315007,0,0,0
79,"egger",-0.328211401421475,0.269088997367441,0.22615731841692,-0.328211401421475,0.269088997367441,0.22615731841692,0,0,0
79,"weighted_median",-0.0577367296783447,0.144620689346211,0.689724698508366,-0.0577367296783447,0.144620689346211,0.689724698508366,0,0,0
79,"simple_mode",0.00800489973222507,3.9628740395366,0.998393262205758,0.00800489973222507,3.9628740395366,0.998393262205758,0,0,0
79,"weighted_mode",0.00800489973222507,3.93715122048591,0.998382764826876,0.00800489973222507,3.93715122048591,0.998382764826876,0,0,0
80,"ivw",0.0118195848704569,0.120041274673547,0.921564909889107,0.0118195848704569,0.120041274673547,0.921564909889107,0,0,0
80,"egger",-0.231572277583311,0.189462893910339,0.225199576176169,-0.231572277583311,0.189462893910339,0.225199576176169,0,0,0
80,"weighted_median",0.0371118193962161,0.127659111350212,0.771272888391628,0.0371118193962161,0.127659111350212,0.771272888391628,0,0,0
80,"simple_mode",0.133152827159679,3.04488234035767,0.965227217089979,0.133152827159679,3.04488234035767,0.965227217089979,0,0,0
80,"weighted_mode",-0.129045696389561,3.1172771663692,0.96708133385122,-0.129045696389561,3.1172771663692,0.96708133385122,0,0,0
81,"ivw",0.210043883290328,0.126883482131264,0.0978418411583305,0.210043883290328,0.126883482131264,0.0978418411583305,0,0,0
81,"egger",0.0900059125448032,0.203263561910109,0.659102546441976,0.0900059125448032,0.203263561910109,0.659102546441976,0,0,0
81,"weighted_median",0.0768712794846069,0.115850834692424,0.506986888704095,0.0768712794846069,0.115850834692424,0.506986888704095,0,0,0
81,"simple_mode",0.104653179412672,4.34568243284769,0.980846346503161,0.104653179412672,4.34568243284769,0.980846346503161,0,0,0
81,"weighted_mode",0.104653179412672,4.32627933720285,0.980760460473401,0.104653179412672,4.32627933720285,0.980760460473401,0,0,0
82,"ivw",-0.310509169161777,0.129051418322352,0.0161243458531472,-0.310509169161777,0.129051418322352,0.0161243458531472,0,0,0
82,"egger",-0.127585383918766,0.21242579245819,0.549796556340463,-0.127585383918766,0.21242579245819,0.549796556340463,0,0,0
82,"weighted_median",-0.0771062321105479,0.126123442822054,0.5409644046793,-0.0771062321105479,0.126123442822054,0.5409644046793,0,0,0
82,"simple_mode",-0.332264283034942,0.817542285582983,0.685506956187321,-0.332264283034942,0.817542285582983,0.685506956187321,0,0,0
82,"weighted_mode",-0.0565263800148599,0.781160730463996,0.942492180379529,-0.0565263800148599,0.781160730463996,0.942492180379529,0,0,0
83,"ivw",-0.0572690348576041,0.134150572173134,0.66945132069923,-0.0572690348576041,0.134150572173134,0.66945132069923,0,0,0
83,"egger",0.320604262904479,0.195051907848942,0.10416553485035,0.320604262904479,0.195051907848942,0.10416553485035,0,0,0
83,"weighted_median",-0.0832675472708329,0.109998561391659,0.449057289890668,-0.0832675472708329,0.109998561391659,0.449057289890668,0,0,0
83,"simple_mode",-0.00650021143100343,2.20298443012734,0.997652989147059,-0.00650021143100343,2.20298443012734,0.997652989147059,0,0,0
83,"weighted_mode",-0.00650021143100343,2.20926689565609,0.997659663293887,-0.00650021143100343,2.20926689565609,0.997659663293887,0,0,0
84,"ivw",0.111854232590673,0.16638423022953,0.501415244182155,0.111854232590673,0.16638423022953,0.501415244182155,0,0,0
84,"egger",-0.157612322223813,0.260453668886021,0.546795229835117,-0.157612322223813,0.260453668886021,0.546795229835117,0,0,0
84,"weighted_median",-0.156688831228004,0.124761426415004,0.209149450664948,-0.156688831228004,0.124761426415004,0.209149450664948,0,0,0
84,"simple_mode",0.192294177898731,7.13018686366622,0.978550774698516,0.192294177898731,7.13018686366622,0.978550774698516,0,0,0
84,"weighted_mode",0.192294177898731,7.2203644697879,0.978818596907585,0.192294177898731,7.2203644697879,0.978818596907585,0,0,0
85,"ivw",-0.253052486618349,0.132916009729988,0.0569293878180788,-0.253052486618349,0.132916009729988,0.0569293878180788,0,0,0
85,"egger",-0.304046195858386,0.216380127691187,0.163848535580331,-0.304046195858386,0.216380127691187,0.163848535580331,0,0,0
85,"weighted_median",-0.16281987089994,0.106249526137143,0.125416569019956,-0.16281987089994,0.106249526137143,0.125416569019956,0,0,0
85,"simple_mode",-0.117548733043974,0.536420079547538,0.827095670410657,-0.117548733043974,0.536420079547538,0.827095670410657,0,0,0
85,"weighted_mode",-0.196443588612967,0.510454829568423,0.701364367649344,-0.196443588612967,0.510454829568423,0.701364367649344,0,0,0
86,"ivw",-0.0267510209761684,0.12663423809662,0.832695042226059,-0.0267510209761684,0.12663423809662,0.832695042226059,0,0,0
86,"egger",-0.357484702584959,0.188521602178948,0.0615367336735031,-0.357484702584959,0.188521602178948,0.0615367336735031,0,0,0
86,"weighted_median",-0.0856078201047989,0.134316731998536,0.523891793628352,-0.0856078201047989,0.134316731998536,0.523891793628352,0,0,0
86,"simple_mode",-0.0082378020651499,0.837288181423709,0.992174195776284,-0.0082378020651499,0.837288181423709,0.992174195776284,0,0,0
86,"weighted_mode",-0.100840255489032,0.829043346536612,0.903489757709558,-0.100840255489032,0.829043346536612,0.903489757709558,0,0,0
87,"ivw",0.0470535935381973,0.11737660722683,0.688510613044158,0.0470535935381973,0.11737660722683,0.688510613044158,0,0,0
87,"egger",0.187134016951922,0.198202178236847,0.347932104582361,0.187134016951922,0.198202178236847,0.347932104582361,0,0,0
87,"weighted_median",0.00596421772644111,0.0811346538526294,0.941400195333172,0.00596421772644111,0.0811346538526294,0.941400195333172,0,0,0
87,"simple_mode",-0.0614050098852628,0.365724664012107,0.867080803552879,-0.0614050098852628,0.365724664012107,0.867080803552879,0,0,0
87,"weighted_mode",-0.0614050098852628,0.304848518997644,0.840868950809269,-0.0614050098852628,0.304848518997644,0.840868950809269,0,0,0
88,"ivw",0.111372024147965,0.136881130681814,0.415850960559516,0.111372024147965,0.136881130681814,0.415850960559516,0,0,0
88,"egger",-0.0709065853664378,0.21795065257954,0.745778237235154,-0.0709065853664378,0.21795065257954,0.745778237235154,0,0,0
88,"weighted_median",0.0502055744780907,0.111470610188336,0.652427143551,0.0502055744780907,0.111470610188336,0.652427143551,0,0,0
88,"simple_mode",-0.0169887327287317,2.60626234890563,0.994815111506542,-0.0169887327287317,2.60626234890563,0.994815111506542,0,0,0
88,"weighted_mode",-0.0169887327287317,2.61111949890295,0.994824756190005,-0.0169887327287317,2.61111949890295,0.994824756190005,0,0,0
89,"ivw",0.0524971113954272,0.142088575378236,0.711779289905137,0.0524971113954272,0.142088575378236,0.711779289905137,0,0,0
89,"egger",-0.173523750026262,0.224690564100548,0.44222487370455,-0.173523750026262,0.224690564100548,0.44222487370455,0,0,0
89,"weighted_median",0.184012092808513,0.124779301636074,0.140293093903976,0.184012092808513,0.124779301636074,0.140293093903976,0,0,0
89,"simple_mode",-0.291469914914738,25.2216798872375,0.990808008385486,-0.291469914914738,25.2216798872375,0.990808008385486,0,0,0
89,"weighted_mode",-0.291469914914738,25.2216798872375,0.990808008385486,-0.291469914914738,25.2216798872375,0.990808008385486,0,0,0
90,"ivw",0.00625808264928335,0.140615780975245,0.964501995085175,0.00625808264928335,0.140615780975245,0.964501995085175,0,0,0
90,"egger",0.209330908659585,0.226676743023059,0.358535331908579,0.209330908659585,0.226676743023059,0.358535331908579,0,0,0
90,"weighted_median",-0.206857618134402,0.107848819304915,0.0551067990604502,-0.206857618134402,0.107848819304915,0.0551067990604502,0,0,0
90,"simple_mode",0.232759521739027,11.2146011447692,0.983492103392219,0.232759521739027,11.2146011447692,0.983492103392219,0,0,0
90,"weighted_mode",0.232759521739027,11.1605202284887,0.983412122222474,0.232759521739027,11.1605202284887,0.983412122222474,0,0,0
91,"ivw",-0.137472574546298,0.138793189038043,0.321937107782566,-0.137472574546298,0.138793189038043,0.321937107782566,0,0,0
91,"egger",-0.478755850058946,0.22982125867879,0.0404297355193835,-0.478755850058946,0.22982125867879,0.0404297355193835,0,0,0
91,"weighted_median",-0.212061013432619,0.117372794348634,0.0708043017299651,-0.212061013432619,0.117372794348634,0.0708043017299651,0,0,0
91,"simple_mode",0.183605482162786,2.68661028784339,0.94568265538854,0.183605482162786,2.68661028784339,0.94568265538854,0,0,0
91,"weighted_mode",-0.297679210816275,2.71288834550717,0.912896668668655,-0.297679210816275,2.71288834550717,0.912896668668655,0,0,0
92,"ivw",0.102485320552819,0.144574635805651,0.478402155124738,0.102485320552819,0.144574635805651,0.478402155124738,0,0,0
92,"egger",-0.187684884137511,0.208311340296362,0.37030200796529,-0.187684884137511,0.208311340296362,0.37030200796529,0,0,0
92,"weighted_median",0.140363116539774,0.126929918758424,0.268799410053647,0.140363116539774,0.126929918758424,0.268799410053647,0,0,0
92,"simple_mode",0.758643129181466,12.3327398775898,0.951100948734982,0.758643129181466,12.3327398775898,0.951100948734982,0,0,0
92,"weighted_mode",0.0296578256637445,12.3911490428989,0.998096175164726,0.0296578256637445,12.3911490428989,0.998096175164726,0,0,0
93,"ivw",-0.362577212666507,0.135875500288304,0.007620172914376,-0.362577212666507,0.135875500288304,0.007620172914376,0,0,0
93,"egger",-0.125664175918125,0.214142523947944,0.558973679377115,-0.125664175918125,0.214142523947944,0.558973679377115,0,0,0
93,"weighted_median",-0.115226731345851,0.093801189279858,0.219291446149949,-0.115226731345851,0.093801189279858,0.219291446149949,0,0,0
93,"simple_mode",-0.364404951342217,0.529811936808064,0.493543295141623,-0.364404951342217,0.529811936808064,0.493543295141623,0,0,0
93,"weighted_mode",-0.170933035390159,0.482733559471587,0.724188575454276,-0.170933035390159,0.482733559471587,0.724188575454276,0,0,0
94,"ivw",-0.117902068997853,0.149139515120496,0.429207317683311,-0.117902068997853,0.149139515120496,0.429207317683311,0,0,0
94,"egger",0.18998129460475,0.224481206111421,0.399902783356347,0.18998129460475,0.224481206111421,0.399902783356347,0,0,0
94,"weighted_median",-0.0566599560320723,0.118116934617258,0.631445168331884,-0.0566599560320723,0.118116934617258,0.631445168331884,0,0,0
94,"simple_mode",-0.32314230617966,4.78624551873599,0.946338275396511,-0.32314230617966,4.78624551873599,0.946338275396511,0,0,0
94,"weighted_mode",0.0775644040721185,4.74085520824528,0.986986748146257,0.0775644040721185,4.74085520824528,0.986986748146257,0,0,0
95,"ivw",-0.314710469186122,0.158280660736408,0.0467778005240536,-0.314710469186122,0.158280660736408,0.0467778005240536,0,0,0
95,"egger",-0.209138111104619,0.256508783546665,0.417306886702915,-0.209138111104619,0.256508783546665,0.417306886702915,0,0,0
95,"weighted_median",-0.207355941488436,0.118012539130917,0.0789063848490936,-0.207355941488436,0.118012539130917,0.0789063848490936,0,0,0
95,"simple_mode",-0.0854766048184549,10.9688499908095,0.993801574338825,-0.0854766048184549,10.9688499908095,0.993801574338825,0,0,0
95,"weighted_mode",-0.0854766048184549,11.1121060019274,0.993881482133968,-0.0854766048184549,11.1121060019274,0.993881482133968,0,0,0
96,"ivw",-0.0192709435934402,0.130881532734137,0.882942910554521,-0.0192709435934402,0.130881532734137,0.882942910554521,0,0,0
96,"egger",0.0776880077015358,0.215937401618799,0.719966416398537,0.0776880077015358,0.215937401618799,0.719966416398537,0,0,0
96,"weighted_median",-0.0104302529469438,0.1346597798302,0.93826052690962,-0.0104302529469438,0.1346597798302,0.93826052690962,0,0,0
96,"simple_mode",0.169487299349158,1.12157552849128,0.88026042498222,0.169487299349158,1.12157552849128,0.88026042498222,0,0,0
96,"weighted_mode",0.0495321321538941,1.13129227130056,0.965184596604779,0.0495321321538941,1.13129227130056,0.965184596604779,0,0,0
97,"ivw",0.426945594329883,0.146399547050192,0.00354205118366505,0.426945594329883,0.146399547050192,0.00354205118366505,0,0,0
97,"egger",0.560282419234999,0.230901752662249,0.0174941559980514,0.560282419234999,0.230901752662249,0.0174941559980514,0,0,0
97,"weighted_median",0.455055838693424,0.110855562160663,4.04413403979594e-05,0.455055838693424,0.110855562160663,4.04413403979594e-05,0,0,0
97,"simple_mode",0.451921392323405,1.27821267803348,0.724589271477263,0.451921392323405,1.27821267803348,0.724589271477263,0,0,0
97,"weighted_mode",0.33390808447133,1.25833703201128,0.791408907185798,0.33390808447133,1.25833703201128,0.791408907185798,0,0,0
98,"ivw",0.205129221409896,0.168279502482016,0.222852068937245,0.205129221409896,0.168279502482016,0.222852068937245,0,0,0
98,"egger",0.28447875279143,0.279917934219531,0.312553464679244,0.28447875279143,0.279917934219531,0.312553464679244,0,0,0
98,"weighted_median",0.168540803652595,0.117170967738787,0.150315549929253,0.168540803652595,0.117170967738787,0.150315549929253,0,0,0
98,"simple_mode",-0.137878987550109,17.734227567107,0.993815835123301,-0.137878987550109,17.734227567107,0.993815835123301,0,0,0
98,"weighted_mode",-0.137878987550109,17.646866440917,0.993785220934193,-0.137878987550109,17.646866440917,0.993785220934193,0,0,0
99,"ivw",0.107912475344697,0.203354638769596,0.595653377645105,0.107912475344697,0.203354638769596,0.595653377645105,0,0,0
99,"egger",0.366066231625548,0.315128804036329,0.248835856073036,0.366066231625548,0.315128804036329,0.248835856073036,0,0,0
99,"weighted_median",-0.0805251842829357,0.147142466624711,0.584200129683129,-0.0805251842829357,0.147142466624711,0.584200129683129,0,0,0
99,"simple_mode",-0.299119682047589,13.9810996665952,0.982983517167164,-0.299119682047589,13.9810996665952,0.982983517167164,0,0,0
99,"weighted_mode",-0.299119682047589,13.9601770262539,0.982958017874625,-0.299119682047589,13.9601770262539,0.982958017874625,0,0,0
100,"ivw",0.0842760873154702,0.140296003986956,0.548038500345691,0.0842760873154702,0.140296003986956,0.548038500345691,0,0,0
100,"egger",0.065766699470484,0.238670594733156,0.78360094382842,0.065766699470484,0.238670594733156,0.78360094382842,0,0,0
100,"weighted_median",-0.0891283244797954,0.0950439795246554,0.348368398494413,-0.0891283244797954,0.0950439795246554,0.348368398494413,0,0,0
100,"simple_mode",-0.144658087190902,1.05937807441313,0.891725314013883,-0.144658087190902,1.05937807441313,0.891725314013883,0,0,0
100,"weighted_mode",0.00816005903064168,1.07939656850247,0.993986770766996,0.00816005903064168,1.07939656850247,0.993986770766996,0,0,0
101,"ivw",-0.0714612887101647,0.128632783440123,0.578521997549006,-0.0714612887101647,0.128632783440123,0.578521997549006,0,0,0
101,"egger",0.00467138089878257,0.208735074555692,0.98220098078613,0.00467138089878257,0.208735074555692,0.98220098078613,0,0,0
101,"weighted_median",0.0824904081443628,0.112581796685667,0.463732072880989,0.0824904081443628,0.112581796685667,0.463732072880989,0,0,0
101,"simple_mode",-0.0671233705474088,0.564375491622029,0.905622205374347,-0.0671233705474088,0.564375491622029,0.905622205374347,0,0,0
101,"weighted_mode",0.100141934707761,0.548505412553975,0.855589742218688,0.100141934707761,0.548505412553975,0.855589742218688,0,0,0
102,"ivw",-0.0242660359712884,0.12413131237887,0.84501185190549,-0.0242660359712884,0.12413131237887,0.84501185190549,0,0,0
102,"egger",-0.00772145719152634,0.212699218631394,0.97113179853621,-0.00772145719152634,0.212699218631394,0.97113179853621,0,0,0
102,"weighted_median",-0.0172376106952355,0.121455237987245,0.887138752500055,-0.0172376106952355,0.121455237987245,0.887138752500055,0,0,0
102,"simple_mode",0.0487966954378785,0.320627708871131,0.879414633601977,0.0487966954378785,0.320627708871131,0.879414633601977,0,0,0
102,"weighted_mode",-0.013017796935909,0.266798059513932,0.961204613224062,-0.013017796935909,0.266798059513932,0.961204613224062,0,0,0
103,"ivw",0.0437290278369541,0.104248256621326,0.674872593677452,0.0437290278369541,0.104248256621326,0.674872593677452,0,0,0
103,"egger",0.103132511657508,0.160056583911102,0.521191568826819,0.103132511657508,0.160056583911102,0.521191568826819,0,0,0
103,"weighted_median",0.175877978245503,0.0989562343189134,0.0755138037925119,0.175877978245503,0.0989562343189134,0.0755138037925119,0,0,0
103,"simple_mode",0.0169107125982052,0.698640539419661,0.980748486564932,0.0169107125982052,0.698640539419661,0.980748486564932,0,0,0
103,"weighted_mode",0.0169107125982052,0.666555962904603,0.979822014334486,0.0169107125982052,0.666555962904603,0.979822014334486,0,0,0
104,"ivw",0.00781461545592191,0.160095187979645,0.961068874343772,0.00781461545592191,0.160095187979645,0.961068874343772,0,0,0
104,"egger",-0.219208519518596,0.248841106705129,0.381001294607269,-0.219208519518596,0.248841106705129,0.381001294607269,0,0,0
104,"weighted_median",-0.0426222737902396,0.145412384569384,0.769435709372005,-0.0426222737902396,0.145412384569384,0.769435709372005,0,0,0
104,"simple_mode",-0.164263427495322,0.835902629162341,0.844703027336861,-0.164263427495322,0.835902629162341,0.844703027336861,0,0,0
104,"weighted_mode",-0.164263427495322,0.820332258194074,0.841794688079471,-0.164263427495322,0.820332258194074,0.841794688079471,0,0,0
105,"ivw",-0.270908573317136,0.115919946763989,0.0194375434432431,-0.270908573317136,0.115919946763989,0.0194375434432431,0,0,0
105,"egger",-0.241056807417433,0.172427364510919,0.165971412784444,-0.241056807417433,0.172427364510919,0.165971412784444,0,0,0
105,"weighted_median",-0.214230736021501,0.101099430682769,0.0340895955919033,-0.214230736021501,0.101099430682769,0.0340895955919033,0,0,0
105,"simple_mode",-0.150726768787868,0.830294297109785,0.85640183611497,-0.150726768787868,0.830294297109785,0.85640183611497,0,0,0
105,"weighted_mode",-0.150726768787868,0.80803716162311,0.852492060895107,-0.150726768787868,0.80803716162311,0.852492060895107,0,0,0
106,"ivw",0.0255725962764345,0.159945887296384,0.872973397989006,0.0255725962764345,0.159945887296384,0.872973397989006,0,0,0
106,"egger",0.170989199692434,0.268733988446863,0.526412314209608,0.170989199692434,0.268733988446863,0.526412314209608,0,0,0
106,"weighted_median",-0.101703904273151,0.133667076428165,0.446731877357937,-0.101703904273151,0.133667076428165,0.446731877357937,0,0,0
106,"simple_mode",0.00961582175675108,0.755731331379287,0.989879387561637,0.00961582175675108,0.755731331379287,0.989879387561637,0,0,0
106,"weighted_mode",-0.236968697343587,0.747541074142796,0.752061059248094,-0.236968697343587,0.747541074142796,0.752061059248094,0,0,0
107,"ivw",0.100507087006321,0.129845386416008,0.438900013982385,0.100507087006321,0.129845386416008,0.438900013982385,0,0,0
107,"egger",0.164895671643196,0.221572022370557,0.458931071034818,0.164895671643196,0.221572022370557,0.458931071034818,0,0,0
107,"weighted_median",0.102525146522222,0.124723344674268,0.411065227991504,0.102525146522222,0.124723344674268,0.411065227991504,0,0,0
107,"simple_mode",0.254901510380777,0.73597791998535,0.729982297693188,0.254901510380777,0.73597791998535,0.729982297693188,0,0,0
107,"weighted_mode",0.254901510380777,0.729048976608246,0.72751956759206,0.254901510380777,0.729048976608246,0.72751956759206,0,0,0
108,"ivw",0.103196376449553,0.151792207476412,0.496597590514401,0.103196376449553,0.151792207476412,0.496597590514401,0,0,0
108,"egger",0.459257492985507,0.235244806407707,0.0544064845556106,0.459257492985507,0.235244806407707,0.0544064845556106,0,0,0
108,"weighted_median",0.218312583174106,0.118559100463291,0.0655656114953465,0.218312583174106,0.118559100463291,0.0655656114953465,0,0,0
108,"simple_mode",0.164045325855151,1.20801089550354,0.892317984823333,0.164045325855151,1.20801089550354,0.892317984823333,0,0,0
108,"weighted_mode",0.164045325855151,1.21028038966471,0.892518658291138,0.164045325855151,1.21028038966471,0.892518658291138,0,0,0
109,"ivw",-0.091341759357394,0.168419776125111,0.587580305314281,-0.091341759357394,0.168419776125111,0.587580305314281,0,0,0
109,"egger",0.297100186274733,0.26117969579325,0.258711596139214,0.297100186274733,0.26117969579325,0.258711596139214,0,0,0
109,"weighted_median",0.00084506624200496,0.141824885777657,0.995245818011211,0.00084506624200496,0.141824885777657,0.995245818011211,0,0,0
109,"simple_mode",-0.0595580090516037,0.548856044443512,0.913857138661305,-0.0595580090516037,0.548856044443512,0.913857138661305,0,0,0
109,"weighted_mode",0.157532863631412,0.522127490182992,0.763643816328831,0.157532863631412,0.522127490182992,0.763643816328831,0,0,0
110,"ivw",0.0658859914396199,0.177106665622726,0.709883130611173,0.0658859914396199,0.177106665622726,0.709883130611173,0,0,0
110,"egger",0.0281098969109473,0.289515263831332,0.92289539864662,0.0281098969109473,0.289515263831332,0.92289539864662,0,0,0
110,"weighted_median",0.182260128579061,0.135164135527573,0.177518328875267,0.182260128579061,0.135164135527573,0.177518328875267,0,0,0
110,"simple_mode",0.329742149293087,1.00759187111144,0.744317279021521,0.329742149293087,1.00759187111144,0.744317279021521,0,0,0
110,"weighted_mode",0.13581790314802,1.00361093852323,0.892687308696528,0.13581790314802,1.00361093852323,0.892687308696528,0,0,0
111,"ivw",-0.079175847435271,0.132043386270086,0.548759554644072,-0.079175847435271,0.132043386270086,0.548759554644072,0,0,0
111,"egger",-0.0795666578533364,0.218554055371313,0.716774094887276,-0.0795666578533364,0.218554055371313,0.716774094887276,0,0,0
111,"weighted_median",-0.236918196442118,0.112129310987091,0.0346091940730969,-0.236918196442118,0.112129310987091,0.0346091940730969,0,0,0
111,"simple_mode",-0.00486463562455791,0.580947419554157,0.993339481614661,-0.00486463562455791,0.580947419554157,0.993339481614661,0,0,0
111,"weighted_mode",-0.213979436558665,0.55146328576718,0.699018242855816,-0.213979436558665,0.55146328576718,0.699018242855816,0,0,0
112,"ivw",0.118996231879499,0.152226709157932,0.434388533284667,0.118996231879499,0.152226709157932,0.434388533284667,0,0,0
112,"egger",0.0382511289694962,0.241620987428016,0.874611107182776,0.0382511289694962,0.241620987428016,0.874611107182776,0,0,0
112,"weighted_median",0.0471267022849196,0.09981207015978,0.636816626864342,0.0471267022849196,0.09981207015978,0.636816626864342,0,0,0
112,"simple_mode",-0.037924894744216,1.84171722934258,0.983621653949349,-0.037924894744216,1.84171722934258,0.983621653949349,0,0,0
112,"weighted_mode",-0.037924894744216,1.81316163618861,0.983363748162225,-0.037924894744216,1.81316163618861,0.983363748162225,0,0,0
113,"ivw",-0.268091113390496,0.153903907389568,0.0815192382741033,-0.268091113390496,0.153903907389568,0.0815192382741033,0,0,0
113,"egger",-0.174182205034751,0.244970432779837,0.47913141740407,-0.174182205034751,0.244970432779837,0.47913141740407,0,0,0
113,"weighted_median",-0.0274145120806743,0.116762316443387,0.814372475503071,-0.0274145120806743,0.116762316443387,0.814372475503071,0,0,0
113,"simple_mode",0.0298884361836654,0.683611092387351,0.965234080561974,0.0298884361836654,0.683611092387351,0.965234080561974,0,0,0
113,"weighted_mode",0.0298884361836654,0.668884228812967,0.964469147292644,0.0298884361836654,0.668884228812967,0.964469147292644,0,0,0
114,"ivw",-0.015492393922633,0.154820276835222,0.920291168439278,-0.015492393922633,0.154820276835222,0.920291168439278,0,0,0
114,"egger",0.287048676961413,0.235767784617203,0.226990872716908,0.287048676961413,0.235767784617203,0.226990872716908,0,0,0
114,"weighted_median",-0.063917012007405,0.148589233775071,0.667079906895544,-0.063917012007405,0.148589233775071,0.667079906895544,0,0,0
114,"simple_mode",-0.159444451890892,0.757780851490109,0.833876306708661,-0.159444451890892,0.757780851490109,0.833876306708661,0,0,0
114,"weighted_mode",0.00844753151543806,0.749740037545167,0.991037905992742,0.00844753151543806,0.749740037545167,0.991037905992742,0,0,0
115,"ivw",-0.0770863875741022,0.163187918072672,0.636656981808827,-0.0770863875741022,0.163187918072672,0.636656981808827,0,0,0
115,"egger",0.217864358838134,0.261203705302145,0.406720464474206,0.217864358838134,0.261203705302145,0.406720464474206,0,0,0
115,"weighted_median",0.0908534508450362,0.111782030585012,0.416348041434532,0.0908534508450362,0.111782030585012,0.416348041434532,0,0,0
115,"simple_mode",0.0203107798202353,1.46706937416609,0.988988117136171,0.0203107798202353,1.46706937416609,0.988988117136171,0,0,0
115,"weighted_mode",0.0203107798202353,1.46143196453388,0.988945642044794,0.0203107798202353,1.46143196453388,0.988945642044794,0,0,0
116,"ivw",0.361518533012293,0.145317035811889,0.0128538950495917,0.361518533012293,0.145317035811889,0.0128538950495917,0,0,0
116,"egger",0.555874677569868,0.234499434598341,0.0201720974047701,0.555874677569868,0.234499434598341,0.0201720974047701,0,0,0
116,"weighted_median",0.335146299585092,0.139839586292594,0.0165457987865045,0.335146299585092,0.139839586292594,0.0165457987865045,0,0,0
116,"simple_mode",0.155499769559076,0.568775588682734,0.785246338074776,0.155499769559076,0.568775588682734,0.785246338074776,0,0,0
116,"weighted_mode",0.285939768107475,0.527112387276878,0.588987969128202,0.285939768107475,0.527112387276878,0.588987969128202,0,0,0
117,"ivw",0.0868493741781898,0.152459660938891,0.568911868043212,0.0868493741781898,0.152459660938891,0.568911868043212,0,0,0
117,"egger",0.691853984847053,0.228813100567482,0.00335543423402875,0.691853984847053,0.228813100567482,0.00335543423402875,0,0,0
117,"weighted_median",0.272510903627414,0.110365126479853,0.0135424654890364,0.272510903627414,0.110365126479853,0.0135424654890364,0,0,0
117,"simple_mode",0.0180025039675988,0.613177268933778,0.976650187854999,0.0180025039675988,0.613177268933778,0.976650187854999,0,0,0
117,"weighted_mode",0.214133615736999,0.593055004516795,0.718988101721617,0.214133615736999,0.593055004516795,0.718988101721617,0,0,0
118,"ivw",0.0508326376897974,0.149089686968761,0.733138653168896,0.0508326376897974,0.149089686968761,0.733138653168896,0,0,0
118,"egger",0.314835932694712,0.245993113804882,0.20429461491157,0.314835932694712,0.245993113804882,0.20429461491157,0,0,0
118,"weighted_median",0.0961328064442799,0.101981105375146,0.345858363219668,0.0961328064442799,0.101981105375146,0.345858363219668,0,0,0
118,"simple_mode",0.360497189093959,1.54444664314932,0.816027955189802,0.360497189093959,1.54444664314932,0.816027955189802,0,0,0
118,"weighted_mode",0.067761335622702,1.5236758640119,0.964637403442603,0.067761335622702,1.5236758640119,0.964637403442603,0,0,0
119,"ivw",-0.105275697771266,0.164510464776393,0.522216069680709,-0.105275697771266,0.164510464776393,0.522216069680709,0,0,0
119,"egger",-0.442103764787365,0.254860922764291,0.0866477143288682,-0.442103764787365,0.254860922764291,0.0866477143288682,0,0,0
119,"weighted_median",0.0505657140241227,0.128896246590629,0.694838188641886,0.0505657140241227,0.128896246590629,0.694838188641886,0,0,0
119,"simple_mode",0.427881828184433,1.0793924583707,0.692845075702529,0.427881828184433,1.0793924583707,0.692845075702529,0,0,0
119,"weighted_mode",0.159328991425483,1.07162630503149,0.882175974589947,0.159328991425483,1.07162630503149,0.882175974589947,0,0,0
120,"ivw",0.0278642012849375,0.151532418240062,0.85410541941492,0.0278642012849375,0.151532418240062,0.85410541941492,0,0,0
120,"egger",-0.0366190196653865,0.250744570370817,0.884256288205404,-0.0366190196653865,0.250744570370817,0.884256288205404,0,0,0
120,"weighted_median",-0.175479244853786,0.129269207066621,0.174631491196097,-0.175479244853786,0.129269207066621,0.174631491196097,0,0,0
120,"simple_mode",0.0445832600995661,0.711693322330886,0.950204380676538,0.0445832600995661,0.711693322330886,0.950204380676538,0,0,0
120,"weighted_mode",-0.16999138329028,0.684999493566043,0.804636518170515,-0.16999138329028,0.684999493566043,0.804636518170515,0,0,0
121,"ivw",-0.116939846192624,0.153537406159357,0.446276386958748,-0.116939846192624,0.153537406159357,0.446276386958748,0,0,0
121,"egger",0.000489764586097109,0.24432016646669,0.998405550768953,0.000489764586097109,0.24432016646669,0.998405550768953,0,0,0
121,"weighted_median",0.0761167862639681,0.139030369471855,0.584046835499831,0.0761167862639681,0.139030369471855,0.584046835499831,0,0,0
121,"simple_mode",-0.188228545749335,0.5722378228254,0.743054441597982,-0.188228545749335,0.5722378228254,0.743054441597982,0,0,0
121,"weighted_mode",-0.0351946829000399,0.533386765489171,0.947553613605602,-0.0351946829000399,0.533386765489171,0.947553613605602,0,0,0
122,"ivw",-0.508694685026668,0.152236264220728,0.000833325213646644,-0.508694685026668,0.152236264220728,0.000833325213646644,0,0,0
122,"egger",-0.556189013759992,0.24296295142672,0.0247048744087041,-0.556189013759992,0.24296295142672,0.0247048744087041,0,0,0
122,"weighted_median",-0.442086194073955,0.119322765032883,0.000211423237702606,-0.442086194073955,0.119322765032883,0.000211423237702606,0,0,0
122,"simple_mode",-0.577362192773652,0.805260825090184,0.475444062492456,-0.577362192773652,0.805260825090184,0.475444062492456,0,0,0
122,"weighted_mode",-0.357623197203169,0.788778883879787,0.651481391694367,-0.357623197203169,0.788778883879787,0.651481391694367,0,0,0
123,"ivw",-0.179849303954446,0.214807570102483,0.402447699492383,-0.179849303954446,0.214807570102483,0.402447699492383,0,0,0
123,"egger",-0.179186460808759,0.375789384404945,0.634785370681622,-0.179186460808759,0.375789384404945,0.634785370681622,0,0,0
123,"weighted_median",-0.0787868052348558,0.151759093197944,0.603651217689398,-0.0787868052348558,0.151759093197944,0.603651217689398,0,0,0
123,"simple_mode",-0.15618356363183,0.773849824295002,0.840558219860678,-0.15618356363183,0.773849824295002,0.840558219860678,0,0,0
123,"weighted_mode",0.0695151408711672,0.748244517292973,0.926208987048842,0.0695151408711672,0.748244517292973,0.926208987048842,0,0,0
124,"ivw",0.0242402626844478,0.193087887437649,0.900096021976809,0.0242402626844478,0.193087887437649,0.900096021976809,0,0,0
124,"egger",0.15011014500781,0.304487863230077,0.623368595343665,0.15011014500781,0.304487863230077,0.623368595343665,0,0,0
124,"weighted_median",0.0844987689585055,0.127480091929525,0.50743371156196,0.0844987689585055,0.127480091929525,0.50743371156196,0,0,0
124,"simple_mode",0.0720235684232932,0.92948280012292,0.938426595072671,0.0720235684232932,0.92948280012292,0.938426595072671,0,0,0
124,"weighted_mode",0.0720235684232932,0.923550353225387,0.938031885313185,0.0720235684232932,0.923550353225387,0.938031885313185,0,0,0
125,"ivw",0.0989779906281088,0.168474776783071,0.556871699520225,0.0989779906281088,0.168474776783071,0.556871699520225,0,0,0
125,"egger",0.0369446903791605,0.269398449292588,0.891266487545697,0.0369446903791605,0.269398449292588,0.891266487545697,0,0,0
125,"weighted_median",-0.0572196375155678,0.118248639489289,0.62846211696149,-0.0572196375155678,0.118248639489289,0.62846211696149,0,0,0
125,"simple_mode",0.486603059593581,0.88198383149351,0.58266307150299,0.486603059593581,0.88198383149351,0.58266307150299,0,0,0
125,"weighted_mode",0.0461258458228727,0.820791426411793,0.955323426971029,0.0461258458228727,0.820791426411793,0.955323426971029,0,0,0
126,"ivw",-0.0439457395487347,0.104302006070691,0.67351289926975,-0.0439457395487347,0.104302006070691,0.67351289926975,0,0,0
126,"egger",-0.0086939341225826,0.161494384865948,0.957201406879238,-0.0086939341225826,0.161494384865948,0.957201406879238,0,0,0
126,"weighted_median",0.0140000680140858,0.0900429236593367,0.876441219344634,0.0140000680140858,0.0900429236593367,0.876441219344634,0,0,0
126,"simple_mode",-0.475862186356651,11.5379387667567,0.967203460761623,-0.475862186356651,11.5379387667567,0.967203460761623,0,0,0
126,"weighted_mode",-0.475862186356651,11.7277121330503,0.967733864655166,-0.475862186356651,11.7277121330503,0.967733864655166,0,0,0
127,"ivw",0.0598855500967602,0.110995800988792,0.589521292035273,0.0598855500967602,0.110995800988792,0.589521292035273,0,0,0
127,"egger",0.0940865990837843,0.16418189170371,0.568209221572599,0.0940865990837843,0.16418189170371,0.568209221572599,0,0,0
127,"weighted_median",0.104992288744414,0.099906399070082,0.293301513762696,0.104992288744414,0.099906399070082,0.293301513762696,0,0,0
127,"simple_mode",-0.0613387326032893,9.99529225893337,0.995118691884106,-0.0613387326032893,9.99529225893337,0.995118691884106,0,0,0
127,"weighted_mode",-0.0613387326032893,9.9833385412467,0.99511284724245,-0.0613387326032893,9.9833385412467,0.99511284724245,0,0,0
128,"ivw",0.0351893442585937,0.0873665056979837,0.687111228366336,0.0351893442585937,0.0873665056979837,0.687111228366336,0,0,0
128,"egger",-0.00490345814575059,0.126495088417194,0.96917510377859,-0.00490345814575059,0.126495088417194,0.96917510377859,0,0,0
128,"weighted_median",0.0315840997551512,0.0792480343200919,0.690226709690047,0.0315840997551512,0.0792480343200919,0.690226709690047,0,0,0
128,"simple_mode",-0.0349354530098396,2.29625567415685,0.987898788364102,-0.0349354530098396,2.29625567415685,0.987898788364102,0,0,0
128,"weighted_mode",-0.0349354530098396,2.33636648267888,0.988106526510136,-0.0349354530098396,2.33636648267888,0.988106526510136,0,0,0
129,"ivw",0.0183402543157599,0.156824538084402,0.90690157269483,0.0183402543157599,0.156824538084402,0.90690157269483,0,0,0
129,"egger",0.0409981613909537,0.234032437926889,0.861379620653984,0.0409981613909537,0.234032437926889,0.861379620653984,0,0,0
129,"weighted_median",-0.113391938405983,0.125320739458062,0.365564022947121,-0.113391938405983,0.125320739458062,0.365564022947121,0,0,0
129,"simple_mode",-0.029475452702016,5.31525829081227,0.995589035754338,-0.029475452702016,5.31525829081227,0.995589035754338,0,0,0
129,"weighted_mode",-0.029475452702016,5.3151817975646,0.995588972274763,-0.029475452702016,5.3151817975646,0.995588972274763,0,0,0
130,"ivw",0.0624773224719497,0.110675506715182,0.572407759326103,0.0624773224719497,0.110675506715182,0.572407759326103,0,0,0
130,"egger",0.0213982964995002,0.161275625520021,0.894778416479017,0.0213982964995002,0.161275625520021,0.894778416479017,0,0,0
130,"weighted_median",0.163847536938481,0.0929710061098873,0.0780100277581005,0.163847536938481,0.0929710061098873,0.0780100277581005,0,0,0
130,"simple_mode",0.0671098657561324,4.1379726698203,0.987100313390128,0.0671098657561324,4.1379726698203,0.987100313390128,0,0,0
130,"weighted_mode",0.0671098657561324,4.12445111466171,0.987058026971373,0.0671098657561324,4.12445111466171,0.987058026971373,0,0,0
131,"ivw",0.0532774300110872,0.12037353763605,0.658054470238032,0.0532774300110872,0.12037353763605,0.658054470238032,0,0,0
131,"egger",-0.23133111069198,0.16545203505718,0.165924483207982,-0.23133111069198,0.16545203505718,0.165924483207982,0,0,0
131,"weighted_median",0.106650446400671,0.0901638385982469,0.236867941466306,0.106650446400671,0.0901638385982469,0.236867941466306,0,0,0
131,"simple_mode",0.398593226518367,9.20997930762408,0.965586114368224,0.398593226518367,9.20997930762408,0.965586114368224,0,0,0
131,"weighted_mode",0.398593226518367,9.20356759628375,0.965562154927781,0.398593226518367,9.20356759628375,0.965562154927781,0,0,0
132,"ivw",0.220762631215265,0.131140893118431,0.0922976069475902,0.220762631215265,0.131140893118431,0.0922976069475902,0,0,0
132,"egger",0.121106347450431,0.201292597139006,0.549112802133368,0.121106347450431,0.201292597139006,0.549112802133368,0,0,0
132,"weighted_median",0.0867801680927742,0.108234081159341,0.422678912069695,0.0867801680927742,0.108234081159341,0.422678912069695,0,0,0
132,"simple_mode",0.144668613300225,1.59391955021841,0.927905137834123,0.144668613300225,1.59391955021841,0.927905137834123,0,0,0
132,"weighted_mode",-0.0664787773569449,1.5780186583746,0.966500329262251,-0.0664787773569449,1.5780186583746,0.966500329262251,0,0,0
133,"ivw",0.0686138574901266,0.11645008592161,0.555718668176974,0.0686138574901266,0.11645008592161,0.555718668176974,0,0,0
133,"egger",-0.178196734360842,0.167681225266065,0.291110348109772,-0.178196734360842,0.167681225266065,0.291110348109772,0,0,0
133,"weighted_median",0.0410321922125794,0.0962478143038842,0.669876018487224,0.0410321922125794,0.0962478143038842,0.669876018487224,0,0,0
133,"simple_mode",-0.150643000901328,9.63407970534355,0.987562860994154,-0.150643000901328,9.63407970534355,0.987562860994154,0,0,0
133,"weighted_mode",-0.150643000901328,9.65163624435856,0.987585482562662,-0.150643000901328,9.65163624435856,0.987585482562662,0,0,0
134,"ivw",0.0701691204055684,0.14856910901143,0.636713005568683,0.0701691204055684,0.14856910901143,0.636713005568683,0,0,0
134,"egger",-0.300885675658655,0.203770134902845,0.14371029064538,-0.300885675658655,0.203770134902845,0.14371029064538,0,0,0
134,"weighted_median",-0.101574451938559,0.117814690004313,0.388602565700508,-0.101574451938559,0.117814690004313,0.388602565700508,0,0,0
134,"simple_mode",0.0859409643983367,3.63767685105472,0.981209649141252,0.0859409643983367,3.63767685105472,0.981209649141252,0,0,0
134,"weighted_mode",0.0859409643983367,3.64988156600932,0.981272469782933,0.0859409643983367,3.64988156600932,0.981272469782933,0,0,0
135,"ivw",0.114445706556197,0.132561136324675,0.387949002324338,0.114445706556197,0.132561136324675,0.387949002324338,0,0,0
135,"egger",0.286557195418391,0.198877156323144,0.153522528274454,0.286557195418391,0.198877156323144,0.153522528274454,0,0,0
135,"weighted_median",0.149653225890456,0.117458013596672,0.202628066631659,0.149653225890456,0.117458013596672,0.202628066631659,0,0,0
135,"simple_mode",0.238038379651096,7.89429795983437,0.976019041796884,0.238038379651096,7.89429795983437,0.976019041796884,0,0,0
135,"weighted_mode",0.238038379651096,7.9114200348994,0.976070926061749,0.238038379651096,7.9114200348994,0.976070926061749,0,0,0
136,"ivw",-0.151621892628821,0.107558896594365,0.158638951839368,-0.151621892628821,0.107558896594365,0.158638951839368,0,0,0
136,"egger",-0.000985759290736377,0.150889284086578,0.994803723173015,-0.000985759290736377,0.150889284086578,0.994803723173015,0,0,0
136,"weighted_median",-0.0975569865698216,0.087834420035928,0.26670095224568,-0.0975569865698216,0.087834420035928,0.26670095224568,0,0,0
136,"simple_mode",-0.107300291526683,4.151302540128,0.979442644570855,-0.107300291526683,4.151302540128,0.979442644570855,0,0,0
136,"weighted_mode",-0.107300291526683,4.10956087820672,0.979233887038483,-0.107300291526683,4.10956087820672,0.979233887038483,0,0,0
137,"ivw",0.0143532432961898,0.111477883230075,0.897552163760055,0.0143532432961898,0.111477883230075,0.897552163760055,0,0,0
137,"egger",-0.0358062213182572,0.158895294506705,0.82228574053212,-0.0358062213182572,0.158895294506705,0.82228574053212,0,0,0
137,"weighted_median",0.178941506143202,0.0781580170909497,0.0220512639163388,0.178941506143202,0.0781580170909497,0.0220512639163388,0,0,0
137,"simple_mode",0.06239775552292,4.36248105417496,0.988623200510775,0.06239775552292,4.36248105417496,0.988623200510775,0,0,0
137,"weighted_mode",0.06239775552292,4.37557962801745,0.988657255337681,0.06239775552292,4.37557962801745,0.988657255337681,0,0,0
138,"ivw",0.0523345303475705,0.146065680667276,0.720122931969657,0.0523345303475705,0.146065680667276,0.720122931969657,0,0,0
138,"egger",-0.0916137345241353,0.240570060421313,0.704346688036321,-0.0916137345241353,0.240570060421313,0.704346688036321,0,0,0
138,"weighted_median",0.0550781357910494,0.108417155468383,0.611438977938817,0.0550781357910494,0.108417155468383,0.611438977938817,0,0,0
138,"simple_mode",0.0894973558492338,1.71477957558825,0.958504402805062,0.0894973558492338,1.71477957558825,0.958504402805062,0,0,0
138,"weighted_mode",0.0894973558492338,1.73239114194449,0.95892586719026,0.0894973558492338,1.73239114194449,0.95892586719026,0,0,0
139,"ivw",-0.039535101277182,0.141791492916964,0.780378650032952,-0.039535101277182,0.141791492916964,0.780378650032952,0,0,0
139,"egger",-0.350379702708205,0.193860354138308,0.0744618738788772,-0.350379702708205,0.193860354138308,0.0744618738788772,0,0,0
139,"weighted_median",-0.0754715626426882,0.116090909037041,0.515622829513291,-0.0754715626426882,0.116090909037041,0.515622829513291,0,0,0
139,"simple_mode",-0.290880925248349,1.88720664778336,0.877888212440003,-0.290880925248349,1.88720664778336,0.877888212440003,0,0,0
139,"weighted_mode",0.0458060424440986,1.8506768846243,0.980314476733847,0.0458060424440986,1.8506768846243,0.980314476733847,0,0,0
140,"ivw",-0.125042412430164,0.119418889117405,0.295057731842039,-0.125042412430164,0.119418889117405,0.295057731842039,0,0,0
140,"egger",-0.268754820649455,0.170797488238382,0.119543097046758,-0.268754820649455,0.170797488238382,0.119543097046758,0,0,0
140,"weighted_median",0.00723134333141962,0.0751531278190329,0.923344690986385,0.00723134333141962,0.0751531278190329,0.923344690986385,0,0,0
140,"simple_mode",-0.0545179500278339,3.64560580597971,0.98810531066501,-0.0545179500278339,3.64560580597971,0.98810531066501,0,0,0
140,"weighted_mode",-0.0545179500278339,3.58191272816329,0.987893817330125,-0.0545179500278339,3.58191272816329,0.987893817330125,0,0,0
141,"ivw",0.243486612024627,0.14515671107901,0.0934632866257499,0.243486612024627,0.14515671107901,0.0934632866257499,0,0,0
141,"egger",0.183255573756416,0.215562934282936,0.397792390057569,0.183255573756416,0.215562934282936,0.397792390057569,0,0,0
141,"weighted_median",-0.0442574786863884,0.135660979362758,0.744245898412039,-0.0442574786863884,0.135660979362758,0.744245898412039,0,0,0
141,"simple_mode",-0.221532394287006,4.12738364779607,0.957327211169734,-0.221532394287006,4.12738364779607,0.957327211169734,0,0,0
141,"weighted_mode",0.112206261630413,4.12956723104992,0.978389832314654,0.112206261630413,4.12956723104992,0.978389832314654,0,0,0
142,"ivw",-0.477574770528667,0.128071982438445,0.000192274818320828,-0.477574770528667,0.128071982438445,0.000192274818320828,0,0,0
142,"egger",-0.500353528662364,0.180041793138725,0.0067912681378993,-0.500353528662364,0.180041793138725,0.0067912681378993,0,0,0
142,"weighted_median",-0.36135579135743,0.10627628421024,0.000673477751468991,-0.36135579135743,0.10627628421024,0.000673477751468991,0,0,0
142,"simple_mode",-0.892160690426109,18.703520728382,0.962072632416583,-0.892160690426109,18.703520728382,0.962072632416583,0,0,0
142,"weighted_mode",-0.892160690426109,18.9104315871311,0.962487306148647,-0.892160690426109,18.9104315871311,0.962487306148647,0,0,0
143,"ivw",-0.0458842118782151,0.145982231485854,0.753282811884188,-0.0458842118782151,0.145982231485854,0.753282811884188,0,0,0
143,"egger",-0.217055341576172,0.228945038455689,0.34595023338385,-0.217055341576172,0.228945038455689,0.34595023338385,0,0,0
143,"weighted_median",-0.0186178833434443,0.110168763570007,0.86580119438387,-0.0186178833434443,0.110168763570007,0.86580119438387,0,0,0
143,"simple_mode",-0.198798317836073,7.31367246003347,0.978381640130005,-0.198798317836073,7.31367246003347,0.978381640130005,0,0,0
143,"weighted_mode",-0.198798317836073,7.4169097979619,0.978682476618466,-0.198798317836073,7.4169097979619,0.978682476618466,0,0,0
144,"ivw",0.00684626823207731,0.122178104041159,0.955313806497095,0.00684626823207731,0.122178104041159,0.955313806497095,0,0,0
144,"egger",-0.347780597462498,0.171535742934775,0.0459459818451696,-0.347780597462498,0.171535742934775,0.0459459818451696,0,0,0
144,"weighted_median",0.0512306040230755,0.11149090350358,0.645871714244498,0.0512306040230755,0.11149090350358,0.645871714244498,0,0,0
144,"simple_mode",0.404659600357072,3.94123754996394,0.918476083457593,0.404659600357072,3.94123754996394,0.918476083457593,0,0,0
144,"weighted_mode",0.0783304574681308,3.8830210777026,0.9839553304144,0.0783304574681308,3.8830210777026,0.9839553304144,0,0,0
145,"ivw",-0.0535809797952426,0.166598754862418,0.747742917780934,-0.0535809797952426,0.166598754862418,0.747742917780934,0,0,0
145,"egger",-0.229264757015394,0.247475620618529,0.357017521911285,-0.229264757015394,0.247475620618529,0.357017521911285,0,0,0
145,"weighted_median",-0.118944445714026,0.148103901172598,0.421908342253038,-0.118944445714026,0.148103901172598,0.421908342253038,0,0,0
145,"simple_mode",0.102853057240794,15.8138743066597,0.994826606613686,0.102853057240794,15.8138743066597,0.994826606613686,0,0,0
145,"weighted_mode",0.102853057240794,15.8760311175883,0.994846860861675,0.102853057240794,15.8760311175883,0.994846860861675,0,0,0
146,"ivw",0.0731460872100861,0.131826178097084,0.578985161726384,0.0731460872100861,0.131826178097084,0.578985161726384,0,0,0
146,"egger",0.0516373311276017,0.194206892154092,0.79100930716969,0.0516373311276017,0.194206892154092,0.79100930716969,0,0,0
146,"weighted_median",0.33800959308715,0.125335055510817,0.00699992152056348,0.33800959308715,0.125335055510817,0.00699992152056348,0,0,0
146,"simple_mode",-0.172844332167774,0.853741597213407,0.840068618609547,-0.172844332167774,0.853741597213407,0.840068618609547,0,0,0
146,"weighted_mode",0.151286850068725,0.826247122654718,0.855176145995603,0.151286850068725,0.826247122654718,0.855176145995603,0,0,0
147,"ivw",0.033376530892173,0.152961026986202,0.82727107038742,0.033376530892173,0.152961026986202,0.82727107038742,0,0,0
147,"egger",-0.0035318417828056,0.229155070158629,0.987741501241853,-0.0035318417828056,0.229155070158629,0.987741501241853,0,0,0
147,"weighted_median",0.0353531907933225,0.125101015730516,0.777485663536055,0.0353531907933225,0.125101015730516,0.777485663536055,0,0,0
147,"simple_mode",-0.0322167609061337,3.36959082690236,0.992395026782845,-0.0322167609061337,3.36959082690236,0.992395026782845,0,0,0
147,"weighted_mode",-0.0322167609061337,3.3880489282709,0.99243645743357,-0.0322167609061337,3.3880489282709,0.99243645743357,0,0,0
148,"ivw",-0.0545948233871049,0.158436880163243,0.730407091098004,-0.0545948233871049,0.158436880163243,0.730407091098004,0,0,0
148,"egger",-0.161889033670025,0.240759892486454,0.5032610855041,-0.161889033670025,0.240759892486454,0.5032610855041,0,0,0
148,"weighted_median",-0.112443601228506,0.114543102939342,0.326262133881685,-0.112443601228506,0.114543102939342,0.326262133881685,0,0,0
148,"simple_mode",0.349906739106485,6.32233574957225,0.956000267603794,0.349906739106485,6.32233574957225,0.956000267603794,0,0,0
148,"weighted_mode",-0.1152729446165,6.32049051298962,0.985493858444076,-0.1152729446165,6.32049051298962,0.985493858444076,0,0,0
149,"ivw",0.000976296504507339,0.144884213789874,0.994623527351485,0.000976296504507339,0.144884213789874,0.994623527351485,0,0,0
149,"egger",-0.261608458805544,0.203222955295366,0.201702452844527,-0.261608458805544,0.203222955295366,0.201702452844527,0,0,0
149,"weighted_median",-0.0607380184576997,0.111799537932521,0.586939707967037,-0.0607380184576997,0.111799537932521,0.586939707967037,0,0,0
149,"simple_mode",-0.0249708355178362,3.30977725600499,0.993998914473821,-0.0249708355178362,3.30977725600499,0.993998914473821,0,0,0
149,"weighted_mode",-0.0249708355178362,3.3369949731197,0.994047860531738,-0.0249708355178362,3.3369949731197,0.994047860531738,0,0,0
150,"ivw",0.247930229599254,0.124238500630903,0.0459775867348547,0.247930229599254,0.124238500630903,0.0459775867348547,0,0,0
150,"egger",0.166339779828732,0.173170793886976,0.339671063403528,0.166339779828732,0.173170793886976,0.339671063403528,0,0,0
150,"weighted_median",0.057111069549418,0.0752230367282389,0.447719090709825,0.057111069549418,0.0752230367282389,0.447719090709825,0,0,0
150,"simple_mode",0.553244376548637,2.72949802171025,0.839884914096395,0.553244376548637,2.72949802171025,0.839884914096395,0,0,0
150,"weighted_mode",0.254538862559585,2.64981981644494,0.923711032224601,0.254538862559585,2.64981981644494,0.923711032224601,0,0,0
151,"ivw",-0.0309132321784146,0.116561633183045,0.790848210931602,-0.0309132321784146,0.116561633183045,0.790848210931602,0,0,0
151,"egger",0.135652718308309,0.170541681222597,0.428721437095885,0.135652718308309,0.170541681222597,0.428721437095885,0,0,0
151,"weighted_median",-0.11863946213427,0.115250373070293,0.303288781688692,-0.11863946213427,0.115250373070293,0.303288781688692,0,0,0
151,"simple_mode",0.0748772968238348,1.00610066131306,0.940857088468961,0.0748772968238348,1.00610066131306,0.940857088468961,0,0,0
151,"weighted_mode",-0.172423023658727,1.00503865429334,0.864212435196733,-0.172423023658727,1.00503865429334,0.864212435196733,0,0,0
152,"ivw",-0.0823908041470982,0.111244530781713,0.458919081534517,-0.0823908041470982,0.111244530781713,0.458919081534517,0,0,0
152,"egger",-0.246385570198102,0.158677622187423,0.124431860744535,-0.246385570198102,0.158677622187423,0.124431860744535,0,0,0
152,"weighted_median",-0.016634235905555,0.0922554471371011,0.856912130658388,-0.016634235905555,0.0922554471371011,0.856912130658388,0,0,0
152,"simple_mode",-0.00835655541021074,1.3934856647436,0.995229962018132,-0.00835655541021074,1.3934856647436,0.995229962018132,0,0,0
152,"weighted_mode",-0.00835655541021074,1.40703535675703,0.995275896736251,-0.00835655541021074,1.40703535675703,0.995275896736251,0,0,0
153,"ivw",0.141035121296347,0.11355895847671,0.214253149292198,0.141035121296347,0.11355895847671,0.214253149292198,0,0,0
153,"egger",-0.253682355263775,0.163359651626292,0.124392668093231,-0.253682355263775,0.163359651626292,0.124392668093231,0,0,0
153,"weighted_median",-0.0771990850999712,0.113523147569904,0.496485805429129,-0.0771990850999712,0.113523147569904,0.496485805429129,0,0,0
153,"simple_mode",0.292848919130109,0.706637313807633,0.67965757453615,0.292848919130109,0.706637313807633,0.67965757453615,0,0,0
153,"weighted_mode",-0.0390567721478425,0.645493984037137,0.951901046144401,-0.0390567721478425,0.645493984037137,0.951901046144401,0,0,0
154,"ivw",0.0239321532053685,0.130801124196843,0.854824728011177,0.0239321532053685,0.130801124196843,0.854824728011177,0,0,0
154,"egger",-0.0466152417693617,0.175077823133539,0.790728318884496,-0.0466152417693617,0.175077823133539,0.790728318884496,0,0,0
154,"weighted_median",-0.101063870727411,0.0893615941565025,0.258074366579633,-0.101063870727411,0.0893615941565025,0.258074366579633,0,0,0
154,"simple_mode",0.101265415893414,0.696045428787346,0.884687977196531,0.101265415893414,0.696045428787346,0.884687977196531,0,0,0
154,"weighted_mode",-0.0845117334519472,0.634690660119279,0.894401673796245,-0.0845117334519472,0.634690660119279,0.894401673796245,0,0,0
155,"ivw",-0.0950475145627995,0.12797339307273,0.457655401264511,-0.0950475145627995,0.12797339307273,0.457655401264511,0,0,0
155,"egger",-0.0183716864368501,0.185646983598473,0.921417318890452,-0.0183716864368501,0.185646983598473,0.921417318890452,0,0,0
155,"weighted_median",-0.0751765781270451,0.11424215607179,0.510508661545687,-0.0751765781270451,0.11424215607179,0.510508661545687,0,0,0
155,"simple_mode",-0.0412411486835197,0.772177993433413,0.957537649060983,-0.0412411486835197,0.772177993433413,0.957537649060983,0,0,0
155,"weighted_mode",-0.0412411486835197,0.763281710691168,0.957043221869047,-0.0412411486835197,0.763281710691168,0.957043221869047,0,0,0
156,"ivw",-0.0675950848612811,0.144052681547905,0.638899066597145,-0.0675950848612811,0.144052681547905,0.638899066597145,0,0,0
156,"egger",-0.362770939916853,0.208542448141727,0.0857833507545196,-0.362770939916853,0.208542448141727,0.0857833507545196,0,0,0
156,"weighted_median",-0.0291724545085274,0.110993459045378,0.792681308305326,-0.0291724545085274,0.110993459045378,0.792681308305326,0,0,0
156,"simple_mode",0.172780939238823,0.512443055447153,0.73686011818434,0.172780939238823,0.512443055447153,0.73686011818434,0,0,0
156,"weighted_mode",-0.0877720485675705,0.47184462219162,0.852894954427599,-0.0877720485675705,0.47184462219162,0.852894954427599,0,0,0
157,"ivw",-0.050669053821022,0.132592806184501,0.702357306076221,-0.050669053821022,0.132592806184501,0.702357306076221,0,0,0
157,"egger",-0.207941706999721,0.191084623458141,0.27976648459166,-0.207941706999721,0.191084623458141,0.27976648459166,0,0,0
157,"weighted_median",-0.223329428033606,0.12720139427546,0.0791370411790306,-0.223329428033606,0.12720139427546,0.0791370411790306,0,0,0
157,"simple_mode",-0.261410182195521,0.795508649670529,0.743300351752235,-0.261410182195521,0.795508649670529,0.743300351752235,0,0,0
157,"weighted_mode",-0.0488674721464888,0.787274083611124,0.95065861320537,-0.0488674721464888,0.787274083611124,0.95065861320537,0,0,0
158,"ivw",0.0818427059368535,0.120232354185796,0.496058481015898,0.0818427059368535,0.120232354185796,0.496058481015898,0,0,0
158,"egger",0.0784856376699912,0.172654881682489,0.650641764336185,0.0784856376699912,0.172654881682489,0.650641764336185,0,0,0
158,"weighted_median",0.129477048633425,0.0860544868479136,0.132428537486934,0.129477048633425,0.0860544868479136,0.132428537486934,0,0,0
158,"simple_mode",-0.0302607049661585,1.05483315659003,0.977184255336319,-0.0302607049661585,1.05483315659003,0.977184255336319,0,0,0
158,"weighted_mode",-0.0302607049661585,0.998861510406815,0.975906150405672,-0.0302607049661585,0.998861510406815,0.975906150405672,0,0,0
159,"ivw",-0.00757037787341671,0.166807767957319,0.963801357600755,-0.00757037787341671,0.166807767957319,0.963801357600755,0,0,0
159,"egger",0.189900373038678,0.230031462540124,0.411519651716871,0.189900373038678,0.230031462540124,0.411519651716871,0,0,0
159,"weighted_median",-0.0594253011957249,0.116773953090843,0.610828103929005,-0.0594253011957249,0.116773953090843,0.610828103929005,0,0,0
159,"simple_mode",0.0339009820962492,1.39352329656174,0.980651185472937,0.0339009820962492,1.39352329656174,0.980651185472937,0,0,0
159,"weighted_mode",0.0339009820962492,1.39060751400398,0.980610623607916,0.0339009820962492,1.39060751400398,0.980610623607916,0,0,0
160,"ivw",0.217793941047405,0.132155465796618,0.0993499796388706,0.217793941047405,0.132155465796618,0.0993499796388706,0,0,0
160,"egger",0.0230006287800067,0.177225048320932,0.897064635134262,0.0230006287800067,0.177225048320932,0.897064635134262,0,0,0
160,"weighted_median",0.168921199145359,0.0911795125721245,0.0639365125327236,0.168921199145359,0.0911795125721245,0.0639365125327236,0,0,0
160,"simple_mode",0.298586840408248,0.712023864873266,0.676070815362541,0.298586840408248,0.712023864873266,0.676070815362541,0,0,0
160,"weighted_mode",0.121868973632818,0.687117642242702,0.859666353504746,0.121868973632818,0.687117642242702,0.859666353504746,0,0,0
161,"ivw",-0.0324207106532397,0.130399815646465,0.803650533284461,-0.0324207106532397,0.130399815646465,0.803650533284461,0,0,0
161,"egger",-0.0410634117485007,0.181154768631101,0.821254011393993,-0.0410634117485007,0.181154768631101,0.821254011393993,0,0,0
161,"weighted_median",0.0160292182553921,0.10463593003066,0.878248140972971,0.0160292182553921,0.10463593003066,0.878248140972971,0,0,0
161,"simple_mode",-0.000964445881434017,0.685377041306574,0.998880696541174,-0.000964445881434017,0.685377041306574,0.998880696541174,0,0,0
161,"weighted_mode",-0.000964445881434017,0.659798334550876,0.998837304017751,-0.000964445881434017,0.659798334550876,0.998837304017751,0,0,0
162,"ivw",-0.0423440645735141,0.131604000808852,0.747639347910066,-0.0423440645735141,0.131604000808852,0.747639347910066,0,0,0
162,"egger",-0.0315021573118565,0.191590733488929,0.869811929129558,-0.0315021573118565,0.191590733488929,0.869811929129558,0,0,0
162,"weighted_median",-0.0975148938632772,0.0931283586823507,0.295052521006894,-0.0975148938632772,0.0931283586823507,0.295052521006894,0,0,0
162,"simple_mode",-0.254182227132693,2.22226556151976,0.909219797560335,-0.254182227132693,2.22226556151976,0.909219797560335,0,0,0
162,"weighted_mode",-0.254182227132693,2.24657030024501,0.910197654058377,-0.254182227132693,2.24657030024501,0.910197654058377,0,0,0
163,"ivw",-0.142850778630959,0.142270514971719,0.315340732359376,-0.142850778630959,0.142270514971719,0.315340732359376,0,0,0
163,"egger",0.0205914832240052,0.201195505784832,0.918738432029999,0.0205914832240052,0.201195505784832,0.918738432029999,0,0,0
163,"weighted_median",0.0645771806116128,0.101205830925607,0.523423122726276,0.0645771806116128,0.101205830925607,0.523423122726276,0,0,0
163,"simple_mode",0.186578641335113,0.55060840609868,0.735592800685639,0.186578641335113,0.55060840609868,0.735592800685639,0,0,0
163,"weighted_mode",-0.038060425698901,0.498578906391952,0.939338578212311,-0.038060425698901,0.498578906391952,0.939338578212311,0,0,0
164,"ivw",-0.0516558716292152,0.150596222699424,0.73159163010406,-0.0516558716292152,0.150596222699424,0.73159163010406,0,0,0
164,"egger",-0.311782469368894,0.211972617185911,0.14525097495403,-0.311782469368894,0.211972617185911,0.14525097495403,0,0,0
164,"weighted_median",-0.0347301996746761,0.112050137973382,0.756597218718056,-0.0347301996746761,0.112050137973382,0.756597218718056,0,0,0
164,"simple_mode",-0.0720993323786711,0.607621162425513,0.905839803999625,-0.0720993323786711,0.607621162425513,0.905839803999625,0,0,0
164,"weighted_mode",-0.0720993323786711,0.56627924589086,0.899001762604295,-0.0720993323786711,0.56627924589086,0.899001762604295,0,0,0
165,"ivw",0.0257200994736481,0.144723234394327,0.85894349481601,0.0257200994736481,0.144723234394327,0.85894349481601,0,0,0
165,"egger",-0.0314041669613111,0.208127297061098,0.88044292156846,-0.0314041669613111,0.208127297061098,0.88044292156846,0,0,0
165,"weighted_median",-0.0512903198050681,0.0973408419955641,0.598252830534251,-0.0512903198050681,0.0973408419955641,0.598252830534251,0,0,0
165,"simple_mode",0.0352621135450308,0.51076908014128,0.945130084022598,0.0352621135450308,0.51076908014128,0.945130084022598,0,0,0
165,"weighted_mode",0.0352621135450308,0.483512612057565,0.94204236819772,0.0352621135450308,0.483512612057565,0.94204236819772,0,0,0
166,"ivw",-0.342575885155849,0.140695852267125,0.014897206465061,-0.342575885155849,0.140695852267125,0.014897206465061,0,0,0
166,"egger",-0.51360656946447,0.198729166687199,0.0115708048821033,-0.51360656946447,0.198729166687199,0.0115708048821033,0,0,0
166,"weighted_median",-0.459890701504743,0.110389062904575,3.09869266853418e-05,-0.459890701504743,0.110389062904575,3.09869266853418e-05,0,0,0
166,"simple_mode",0.0549943641321047,0.678819252743654,0.935630075497581,0.0549943641321047,0.678819252743654,0.935630075497581,0,0,0
166,"weighted_mode",-0.383092672726224,0.638286396576518,0.550055595010645,-0.383092672726224,0.638286396576518,0.550055595010645,0,0,0
167,"ivw",-0.0284823253667996,0.147119539505173,0.846489191239226,-0.0284823253667996,0.147119539505173,0.846489191239226,0,0,0
167,"egger",-0.112476452232793,0.19978767746664,0.575022992621966,-0.112476452232793,0.19978767746664,0.575022992621966,0,0,0
167,"weighted_median",-0.05739134434889,0.109999269527939,0.601849309878891,-0.05739134434889,0.109999269527939,0.601849309878891,0,0,0
167,"simple_mode",-0.236572535611646,0.833312647589478,0.77721596627522,-0.236572535611646,0.833312647589478,0.77721596627522,0,0,0
167,"weighted_mode",-0.00688325019881203,0.7955832396274,0.993118198745591,-0.00688325019881203,0.7955832396274,0.993118198745591,0,0,0
168,"ivw",-0.0930493842561707,0.143352288250901,0.516276384133597,-0.0930493842561707,0.143352288250901,0.516276384133597,0,0,0
168,"egger",0.0881177295406466,0.201673771805656,0.663337768807632,0.0881177295406466,0.201673771805656,0.663337768807632,0,0,0
168,"weighted_median",-0.160796771846884,0.106721427105357,0.131888538425569,-0.160796771846884,0.106721427105357,0.131888538425569,0,0,0
168,"simple_mode",-0.0419678767100945,0.898692868886822,0.962868233704324,-0.0419678767100945,0.898692868886822,0.962868233704324,0,0,0
168,"weighted_mode",-0.0419678767100945,0.886975614681182,0.962378078290489,-0.0419678767100945,0.886975614681182,0.962378078290489,0,0,0
169,"ivw",0.20263562778429,0.103712529280621,0.0507224923950538,0.20263562778429,0.103712529280621,0.0507224923950538,0,0,0
169,"egger",0.052854031509459,0.147359558528279,0.720783858557511,0.052854031509459,0.147359558528279,0.720783858557511,0,0,0
169,"weighted_median",0.0270778033118692,0.0849483962012025,0.749911614435878,0.0270778033118692,0.0849483962012025,0.749911614435878,0,0,0
169,"simple_mode",0.269154960663826,0.695282742553724,0.699685702097262,0.269154960663826,0.695282742553724,0.699685702097262,0,0,0
169,"weighted_mode",0.0832409200807181,0.675005047942335,0.902160012733211,0.0832409200807181,0.675005047942335,0.902160012733211,0,0,0
170,"ivw",0.20413118930295,0.135648435853048,0.132361431136498,0.20413118930295,0.135648435853048,0.132361431136498,0,0,0
170,"egger",0.0363096756655775,0.187904138184256,0.847264605381973,0.0363096756655775,0.187904138184256,0.847264605381973,0,0,0
170,"weighted_median",-0.131871698489068,0.107086397748501,0.218154068747217,-0.131871698489068,0.107086397748501,0.218154068747217,0,0,0
170,"simple_mode",0.0461604623955164,1.41777834577621,0.974106913498843,0.0461604623955164,1.41777834577621,0.974106913498843,0,0,0
170,"weighted_mode",0.0461604623955164,1.4153729504972,0.974062924545072,0.0461604623955164,1.4153729504972,0.974062924545072,0,0,0
171,"ivw",0.0112922342552809,0.126758358406094,0.929014572074071,0.0112922342552809,0.126758358406094,0.929014572074071,0,0,0
171,"egger",-0.166136986968066,0.176657323461704,0.349818984310154,-0.166136986968066,0.176657323461704,0.349818984310154,0,0,0
171,"weighted_median",0.0778115704448523,0.0939636664284528,0.40761231300591,0.0778115704448523,0.0939636664284528,0.40761231300591,0,0,0
171,"simple_mode",0.0422569628156786,1.89894677047698,0.982300993678394,0.0422569628156786,1.89894677047698,0.982300993678394,0,0,0
171,"weighted_mode",0.0422569628156786,1.87002525289705,0.982027310423266,0.0422569628156786,1.87002525289705,0.982027310423266,0,0,0
172,"ivw",-0.201067201818715,0.191674502657557,0.294176561173452,-0.201067201818715,0.191674502657557,0.294176561173452,0,0,0
172,"egger",-0.321750284304544,0.282049677066145,0.257374370976164,-0.321750284304544,0.282049677066145,0.257374370976164,0,0,0
172,"weighted_median",0.0734772935348431,0.13566555173374,0.588089872673167,0.0734772935348431,0.13566555173374,0.588089872673167,0,0,0
172,"simple_mode",0.288414145417202,0.59130809686214,0.627040228440442,0.288414145417202,0.59130809686214,0.627040228440442,0,0,0
172,"weighted_mode",0.166207945968883,0.527942159101043,0.753706161841487,0.166207945968883,0.527942159101043,0.753706161841487,0,0,0
173,"ivw",0.188683032115584,0.130015283930278,0.14671378838838,0.188683032115584,0.130015283930278,0.14671378838838,0,0,0
173,"egger",0.405749279887927,0.168665344881067,0.0184512786846553,0.405749279887927,0.168665344881067,0.0184512786846553,0,0,0
173,"weighted_median",0.209515552301048,0.0900543472121521,0.0199894586214994,0.209515552301048,0.0900543472121521,0.0199894586214994,0,0,0
173,"simple_mode",-0.76035112436668,1.01831863902925,0.457422741839217,-0.76035112436668,1.01831863902925,0.457422741839217,0,0,0
173,"weighted_mode",0.297879206603715,0.919611942812846,0.746834744939588,0.297879206603715,0.919611942812846,0.746834744939588,0,0,0
174,"ivw",0.0386570964154644,0.137027686317306,0.777857957942538,0.0386570964154644,0.137027686317306,0.777857957942538,0,0,0
174,"egger",0.0145087545765687,0.183618222413487,0.937217310444298,0.0145087545765687,0.183618222413487,0.937217310444298,0,0,0
174,"weighted_median",0.102171353496638,0.0664851500623936,0.12435343959015,0.102171353496638,0.0664851500623936,0.12435343959015,0,0,0
174,"simple_mode",0.19612855303025,1.48237651786191,0.895069710451153,0.19612855303025,1.48237651786191,0.895069710451153,0,0,0
174,"weighted_mode",0.19612855303025,1.46371863209909,0.89374020579809,0.19612855303025,1.46371863209909,0.89374020579809,0,0,0
175,"ivw",0.00998564432007605,0.169469641121735,0.953013510640518,0.00998564432007605,0.169469641121735,0.953013510640518,0,0,0
175,"egger",0.0404809784205044,0.244383580274883,0.868854029393837,0.0404809784205044,0.244383580274883,0.868854029393837,0,0,0
175,"weighted_median",-0.0503467580921695,0.11519073627775,0.662058423865685,-0.0503467580921695,0.11519073627775,0.662058423865685,0,0,0
175,"simple_mode",0.1948939110833,2.64896562037261,0.941531071643069,0.1948939110833,2.64896562037261,0.941531071643069,0,0,0
175,"weighted_mode",0.1948939110833,2.71851630385792,0.943024317665552,0.1948939110833,2.71851630385792,0.943024317665552,0,0,0
176,"ivw",0.239039193545025,0.117196546870271,0.0413858303760475,0.239039193545025,0.117196546870271,0.0413858303760475,0,0,0
176,"egger",0.31144525773114,0.168516680584322,0.0682750821041757,0.31144525773114,0.168516680584322,0.0682750821041757,0,0,0
176,"weighted_median",0.0466377661953788,0.11525358558885,0.685732230755098,0.0466377661953788,0.11525358558885,0.685732230755098,0,0,0
176,"simple_mode",0.143739444400277,1.41536048194018,0.919359469016148,0.143739444400277,1.41536048194018,0.919359469016148,0,0,0
176,"weighted_mode",0.143739444400277,1.40527974375564,0.918783028217138,0.143739444400277,1.40527974375564,0.918783028217138,0,0,0
177,"ivw",-0.137828530813683,0.118722022522655,0.245668403925325,-0.137828530813683,0.118722022522655,0.245668403925325,0,0,0
177,"egger",0.0238485458370873,0.177214339753502,0.893286239185923,0.0238485458370873,0.177214339753502,0.893286239185923,0,0,0
177,"weighted_median",0.0502199279553784,0.112500868301571,0.655311283652864,0.0502199279553784,0.112500868301571,0.655311283652864,0,0,0
177,"simple_mode",-0.102067031209509,10.7285836440934,0.992432783842831,-0.102067031209509,10.7285836440934,0.992432783842831,0,0,0
177,"weighted_mode",-0.102067031209509,10.5093284123718,0.992274914624416,-0.102067031209509,10.5093284123718,0.992274914624416,0,0,0
178,"ivw",-0.124149379206123,0.106460651295287,0.243552700230855,-0.124149379206123,0.106460651295287,0.243552700230855,0,0,0
178,"egger",-0.16556631420063,0.159551800503538,0.302537809778808,-0.16556631420063,0.159551800503538,0.302537809778808,0,0,0
178,"weighted_median",-0.076929807799574,0.10945353445581,0.482147006572083,-0.076929807799574,0.10945353445581,0.482147006572083,0,0,0
178,"simple_mode",0.0519747016530903,2.12528906563193,0.980549540940652,0.0519747016530903,2.12528906563193,0.980549540940652,0,0,0
178,"weighted_mode",-0.0972301422855171,2.10179022212305,0.963216381956604,-0.0972301422855171,2.10179022212305,0.963216381956604,0,0,0
179,"ivw",-0.00803193797099477,0.140140245185693,0.95429540958215,-0.00803193797099477,0.140140245185693,0.95429540958215,0,0,0
179,"egger",-0.209876092988642,0.204480563171331,0.307802905114251,-0.209876092988642,0.204480563171331,0.307802905114251,0,0,0
179,"weighted_median",-0.000146039808221049,0.102012464286632,0.998857758517492,-0.000146039808221049,0.102012464286632,0.998857758517492,0,0,0
179,"simple_mode",0.275831861506589,11.9279786372692,0.981607613912852,0.275831861506589,11.9279786372692,0.981607613912852,0,0,0
179,"weighted_mode",-0.180558429288843,11.8981878300045,0.987929653053194,-0.180558429288843,11.8981878300045,0.987929653053194,0,0,0
180,"ivw",0.118611412703783,0.117017778020601,0.310764712084325,0.118611412703783,0.117017778020601,0.310764712084325,0,0,0
180,"egger",-0.0748274535406345,0.162332558586855,0.646084042706178,-0.0748274535406345,0.162332558586855,0.646084042706178,0,0,0
180,"weighted_median",-0.0467047089870455,0.112277400770735,0.677427533158833,-0.0467047089870455,0.112277400770735,0.677427533158833,0,0,0
180,"simple_mode",-0.139461479820741,24.846951769962,0.995535441436239,-0.139461479820741,24.846951769962,0.995535441436239,0,0,0
180,"weighted_mode",-0.139461479820741,24.8818395642408,0.995541701300906,-0.139461479820741,24.8818395642408,0.995541701300906,0,0,0
181,"ivw",0.0953026602562019,0.1380636512165,0.490017744219254,0.0953026602562019,0.1380636512165,0.490017744219254,0,0,0
181,"egger",0.307762344931139,0.196068502461337,0.120439559887941,0.307762344931139,0.196068502461337,0.120439559887941,0,0,0
181,"weighted_median",0.11425752107856,0.102820983167633,0.266470365848577,0.11425752107856,0.102820983167633,0.266470365848577,0,0,0
181,"simple_mode",0.267414108669399,9.02683943665317,0.976439528550863,0.267414108669399,9.02683943665317,0.976439528550863,0,0,0
181,"weighted_mode",0.267414108669399,9.08597465441112,0.976592824716311,0.267414108669399,9.08597465441112,0.976592824716311,0,0,0
182,"ivw",0.111331695655704,0.128478874699653,0.386195757823443,0.111331695655704,0.128478874699653,0.386195757823443,0,0,0
182,"egger",-0.25001024646187,0.182564614023908,0.174695631479766,-0.25001024646187,0.182564614023908,0.174695631479766,0,0,0
182,"weighted_median",0.0911958745729385,0.119815602923792,0.446576309374886,0.0911958745729385,0.119815602923792,0.446576309374886,0,0,0
182,"simple_mode",0.107692027033605,22.7216632645742,0.996229998989271,0.107692027033605,22.7216632645742,0.996229998989271,0,0,0
182,"weighted_mode",0.107692027033605,22.7754522064181,0.996238902559287,0.107692027033605,22.7754522064181,0.996238902559287,0,0,0
183,"ivw",-0.106255191126689,0.147146374573302,0.470229680723212,-0.106255191126689,0.147146374573302,0.470229680723212,0,0,0
183,"egger",-0.00587166368628058,0.220694029703869,0.978840683216964,-0.00587166368628058,0.220694029703869,0.978840683216964,0,0,0
183,"weighted_median",-0.0601111281874455,0.112311299335604,0.592498510273781,-0.0601111281874455,0.112311299335604,0.592498510273781,0,0,0
183,"simple_mode",0.0420666384255695,14.1761659638244,0.997639641039922,0.0420666384255695,14.1761659638244,0.997639641039922,0,0,0
183,"weighted_mode",0.0420666384255695,14.0088219360207,0.997611445180024,0.0420666384255695,14.0088219360207,0.997611445180024,0,0,0
184,"ivw",0.221345699269878,0.162699120817232,0.173684298890203,0.221345699269878,0.162699120817232,0.173684298890203,0,0,0
184,"egger",0.151985786113941,0.23950528937463,0.527511586187113,0.151985786113941,0.23950528937463,0.527511586187113,0,0,0
184,"weighted_median",-0.05995541016821,0.116859615568415,0.607912847595773,-0.05995541016821,0.116859615568415,0.607912847595773,0,0,0
184,"simple_mode",-0.406424127393004,21.7528425685737,0.985139358169196,-0.406424127393004,21.7528425685737,0.985139358169196,0,0,0
184,"weighted_mode",-0.406424127393004,21.7528425685737,0.985139358169196,-0.406424127393004,21.7528425685737,0.985139358169196,0,0,0
185,"ivw",-0.0357447789904264,0.154809328294785,0.817395978091088,-0.0357447789904264,0.154809328294785,0.817395978091088,0,0,0
185,"egger",-0.248873262011793,0.236232037874916,0.295278013031017,-0.248873262011793,0.236232037874916,0.295278013031017,0,0,0
185,"weighted_median",-0.0722810767323849,0.137241356524014,0.598421904254642,-0.0722810767323849,0.137241356524014,0.598421904254642,0,0,0
185,"simple_mode",-0.117180658864947,9.03945660318087,0.989688995454274,-0.117180658864947,9.03945660318087,0.989688995454274,0,0,0
185,"weighted_mode",-0.117180658864947,8.9796023103439,0.989620270524445,-0.117180658864947,8.9796023103439,0.989620270524445,0,0,0
186,"ivw",-0.0330643825769679,0.111588953886958,0.766997047458162,-0.0330643825769679,0.111588953886958,0.766997047458162,0,0,0
186,"egger",-0.107519960334056,0.149963697248997,0.475478708822076,-0.107519960334056,0.149963697248997,0.475478708822076,0,0,0
186,"weighted_median",-0.0624868205112577,0.0757002561601852,0.409115827877522,-0.0624868205112577,0.0757002561601852,0.409115827877522,0,0,0
186,"simple_mode",0.301420345618302,10.5617611743266,0.977302594125196,0.301420345618302,10.5617611743266,0.977302594125196,0,0,0
186,"weighted_mode",0.301420345618302,10.3183633620889,0.976767341931486,0.301420345618302,10.3183633620889,0.976767341931486,0,0,0
187,"ivw",0.0864875456423286,0.140515289082437,0.538222759427079,0.0864875456423286,0.140515289082437,0.538222759427079,0,0,0
187,"egger",-0.0931663012953346,0.197975028027501,0.6392096646311,-0.0931663012953346,0.197975028027501,0.6392096646311,0,0,0
187,"weighted_median",0.133002683738971,0.111379003116441,0.232421238839204,0.133002683738971,0.111379003116441,0.232421238839204,0,0,0
187,"simple_mode",-0.129866727439182,8.23210599716637,0.98745217689741,-0.129866727439182,8.23210599716637,0.98745217689741,0,0,0
187,"weighted_mode",-0.129866727439182,8.30421443640725,0.987561125064606,-0.129866727439182,8.30421443640725,0.987561125064606,0,0,0
188,"ivw",0.144847610151766,0.148109720571988,0.328086668274051,0.144847610151766,0.148109720571988,0.328086668274051,0,0,0
188,"egger",0.265336271506407,0.225708256600262,0.243252769680795,0.265336271506407,0.225708256600262,0.243252769680795,0,0,0
188,"weighted_median",-0.0835667768510252,0.115014625539605,0.467486212846136,-0.0835667768510252,0.115014625539605,0.467486212846136,0,0,0
188,"simple_mode",-0.121292459631103,8.45046162700651,0.988583369286107,-0.121292459631103,8.45046162700651,0.988583369286107,0,0,0
188,"weighted_mode",-0.121292459631103,8.54242668743612,0.988706268709945,-0.121292459631103,8.54242668743612,0.988706268709945,0,0,0
189,"ivw",0.292316316120243,0.156379641886557,0.0615847769233507,0.292316316120243,0.156379641886557,0.0615847769233507,0,0,0
189,"egger",0.14754080679547,0.234027824189838,0.530202704172441,0.14754080679547,0.234027824189838,0.530202704172441,0,0,0
189,"weighted_median",-0.0235328947596844,0.126019805752154,0.851864764565146,-0.0235328947596844,0.126019805752154,0.851864764565146,0,0,0
189,"simple_mode",0.162329622013844,9.16338701937242,0.9859097586166,0.162329622013844,9.16338701937242,0.9859097586166,0,0,0
189,"weighted_mode",0.162329622013844,9.20823828364756,0.985978381808927,0.162329622013844,9.20823828364756,0.985978381808927,0,0,0
190,"ivw",-0.333636160644747,0.138100734126735,0.0156968094078159,-0.333636160644747,0.138100734126735,0.0156968094078159,0,0,0
190,"egger",-0.410449271533942,0.191701724545152,0.0353113008711039,-0.410449271533942,0.191701724545152,0.0353113008711039,0,0,0
190,"weighted_median",-0.330605996186949,0.0994743033258286,0.000888853335579781,-0.330605996186949,0.0994743033258286,0.000888853335579781,0,0,0
190,"simple_mode",-0.115567982519862,4.01126348338031,0.977086301094496,-0.115567982519862,4.01126348338031,0.977086301094496,0,0,0
190,"weighted_mode",-0.437185063869086,3.95469474253016,0.91224794276053,-0.437185063869086,3.95469474253016,0.91224794276053,0,0,0
191,"ivw",-0.243149376389841,0.149708026625875,0.104342252698087,-0.243149376389841,0.149708026625875,0.104342252698087,0,0,0
191,"egger",-0.10258899242327,0.212886793167209,0.631196571248284,-0.10258899242327,0.212886793167209,0.631196571248284,0,0,0
191,"weighted_median",-0.0276290530439737,0.143808035357103,0.847644650639601,-0.0276290530439737,0.143808035357103,0.847644650639601,0,0,0
191,"simple_mode",0.260569886144057,8.60878775327326,0.97592785581803,0.260569886144057,8.60878775327326,0.97592785581803,0,0,0
191,"weighted_mode",-0.140971885355964,8.74878948173049,0.987183625265439,-0.140971885355964,8.74878948173049,0.987183625265439,0,0,0
192,"ivw",0.0261311583217621,0.126276532639109,0.83605985487598,0.0261311583217621,0.126276532639109,0.83605985487598,0,0,0
192,"egger",-0.231914379168415,0.176406632608943,0.192381340826269,-0.231914379168415,0.176406632608943,0.192381340826269,0,0,0
192,"weighted_median",-0.197696634780573,0.0953028655517769,0.0380418165969374,-0.197696634780573,0.0953028655517769,0.0380418165969374,0,0,0
192,"simple_mode",0.2772510665149,21.9383409070639,0.989947885609711,0.2772510665149,21.9383409070639,0.989947885609711,0,0,0
192,"weighted_mode",0.2772510665149,22.2862974393639,0.990104821267743,0.2772510665149,22.2862974393639,0.990104821267743,0,0,0
193,"ivw",-0.235533064096536,0.140173891322445,0.09290052250583,-0.235533064096536,0.140173891322445,0.09290052250583,0,0,0
193,"egger",-0.44397770399977,0.208310551602823,0.0361319504273452,-0.44397770399977,0.208310551602823,0.0361319504273452,0,0,0
193,"weighted_median",-0.291063578598668,0.121546635764144,0.0166355178071953,-0.291063578598668,0.121546635764144,0.0166355178071953,0,0,0
193,"simple_mode",0.253500852504624,14.3718338625952,0.98597043779474,0.253500852504624,14.3718338625952,0.98597043779474,0,0,0
193,"weighted_mode",-0.472321393824192,14.2372465614341,0.973616606703253,-0.472321393824192,14.2372465614341,0.973616606703253,0,0,0
194,"ivw",-0.0396416171231869,0.120037631736728,0.741216172639572,-0.0396416171231869,0.120037631736728,0.741216172639572,0,0,0
194,"egger",0.213320821368144,0.172153314650863,0.218919444985708,0.213320821368144,0.172153314650863,0.218919444985708,0,0,0
194,"weighted_median",-0.00921083347227165,0.0794912224600314,0.907753722309914,-0.00921083347227165,0.0794912224600314,0.907753722309914,0,0,0
194,"simple_mode",-0.309254723155181,4.95926203487713,0.950430550023392,-0.309254723155181,4.95926203487713,0.950430550023392,0,0,0
194,"weighted_mode",0.0214309321805827,5.03520665147884,0.996614505475624,0.0214309321805827,5.03520665147884,0.996614505475624,0,0,0
195,"ivw",-0.293009427926527,0.151129033800029,0.0525253276280092,-0.293009427926527,0.151129033800029,0.0525253276280092,0,0,0
195,"egger",-0.573832991267445,0.221200800350346,0.0112739180532274,-0.573832991267445,0.221200800350346,0.0112739180532274,0,0,0
195,"weighted_median",-0.369097156851338,0.11358691456585,0.00115620682407304,-0.369097156851338,0.11358691456585,0.00115620682407304,0,0,0
195,"simple_mode",-0.736492264975955,9.77051742499838,0.940098993349655,-0.736492264975955,9.77051742499838,0.940098993349655,0,0,0
195,"weighted_mode",-0.236721200904466,9.82150186656698,0.980830253653338,-0.236721200904466,9.82150186656698,0.980830253653338,0,0,0
196,"ivw",-0.00114405122104961,0.127652348688741,0.992849261328379,-0.00114405122104961,0.127652348688741,0.992849261328379,0,0,0
196,"egger",0.189323354166584,0.19383700839658,0.331654980573177,0.189323354166584,0.19383700839658,0.331654980573177,0,0,0
196,"weighted_median",0.280326738371387,0.122065867144136,0.0216461514411801,0.280326738371387,0.122065867144136,0.0216461514411801,0,0,0
196,"simple_mode",0.100013186812085,14.0944991061726,0.994355784197973,0.100013186812085,14.0944991061726,0.994355784197973,0,0,0
196,"weighted_mode",0.100013186812085,14.1678343248637,0.994384999165644,0.100013186812085,14.1678343248637,0.994384999165644,0,0,0
197,"ivw",0.183096907026833,0.143075471447425,0.200642731310643,0.183096907026833,0.143075471447425,0.200642731310643,0,0,0
197,"egger",0.359723912537562,0.205951022787225,0.0845365804524447,0.359723912537562,0.205951022787225,0.0845365804524447,0,0,0
197,"weighted_median",-0.183883920640409,0.099477718645915,0.0645309775429419,-0.183883920640409,0.099477718645915,0.0645309775429419,0,0,0
197,"simple_mode",0.0109556766074971,20.0530122735448,0.999565430499237,0.0109556766074971,20.0530122735448,0.999565430499237,0,0,0
197,"weighted_mode",0.0109556766074971,20.0530122735448,0.999565430499237,0.0109556766074971,20.0530122735448,0.999565430499237,0,0,0
198,"ivw",0.0585935080665289,0.176775163460925,0.740298706252899,0.0585935080665289,0.176775163460925,0.740298706252899,0,0,0
198,"egger",0.464810071199989,0.273733560576179,0.0933872525573992,0.464810071199989,0.273733560576179,0.0933872525573992,0,0,0
198,"weighted_median",-0.0958562541255096,0.118327399283036,0.417886453906292,-0.0958562541255096,0.118327399283036,0.417886453906292,0,0,0
198,"simple_mode",-0.159475659839422,14.1926501821167,0.991062391273574,-0.159475659839422,14.1926501821167,0.991062391273574,0,0,0
198,"weighted_mode",-0.159475659839422,14.329933356897,0.991148011474548,-0.159475659839422,14.329933356897,0.991148011474548,0,0,0
199,"ivw",0.203163474195776,0.158164510272584,0.198964497396392,0.203163474195776,0.158164510272584,0.198964497396392,0,0,0
199,"egger",0.366361244195515,0.222247294763089,0.103184527654524,0.366361244195515,0.222247294763089,0.103184527654524,0,0,0
199,"weighted_median",0.0977772196234172,0.0947002156324006,0.301841670749401,0.0977772196234172,0.0947002156324006,0.301841670749401,0,0,0
199,"simple_mode",0.132242049399458,10.3219354920908,0.989809486152844,0.132242049399458,10.3219354920908,0.989809486152844,0,0,0
199,"weighted_mode",0.132242049399458,10.2488012389223,0.989736771902644,0.132242049399458,10.2488012389223,0.989736771902644,0,0,0
200,"ivw",0.00817288312853043,0.128879242246297,0.949436006062935,0.00817288312853043,0.128879242246297,0.949436006062935,0,0,0
200,"egger",0.157543512276414,0.173008567516016,0.365235950944846,0.157543512276414,0.173008567516016,0.365235950944846,0,0,0
200,"weighted_median",0.0419074011156948,0.0642823418625579,0.514448197560225,0.0419074011156948,0.0642823418625579,0.514448197560225,0,0,0
200,"simple_mode",0.193467516618372,4.82013247737478,0.9680823632338,0.193467516618372,4.82013247737478,0.9680823632338,0,0,0
200,"weighted_mode",-0.0978299056340832,4.81007725414845,0.983823336435232,-0.0978299056340832,4.81007725414845,0.983823336435232,0,0,0
201,"ivw",-0.0301111791892354,0.111417605845707,0.786963984902159,-0.0301111791892354,0.111417605845707,0.786963984902159,0,0,0
201,"egger",-0.267713603599707,0.173704014464042,0.12721319475516,-0.267713603599707,0.173704014464042,0.12721319475516,0,0,0
201,"weighted_median",0.121335614155531,0.119205026695414,0.308738170760648,0.121335614155531,0.119205026695414,0.308738170760648,0,0,0
201,"simple_mode",0.322692311342509,0.182485101070815,0.0807723138684852,0.322692311342509,0.182485101070815,0.0807723138684852,0,0,0
201,"weighted_mode",0.163132685023266,0.106546149377644,0.129641351915293,0.163132685023266,0.106546149377644,0.129641351915293,0,0,0
202,"ivw",0.0712865773083338,0.112753253993476,0.527233192309112,0.0712865773083338,0.112753253993476,0.527233192309112,0,0,0
202,"egger",0.262852757563216,0.180870591787619,0.15006196750956,0.262852757563216,0.180870591787619,0.15006196750956,0,0,0
202,"weighted_median",-0.0954538880655698,0.109937894336716,0.385255937792931,-0.0954538880655698,0.109937894336716,0.385255937792931,0,0,0
202,"simple_mode",0.0080885660392376,0.427340161680953,0.984945329483001,0.0080885660392376,0.427340161680953,0.984945329483001,0,0,0
202,"weighted_mode",-0.0912950997150036,0.399235647577337,0.819698096835953,-0.0912950997150036,0.399235647577337,0.819698096835953,0,0,0
203,"ivw",0.0628936169094719,0.0926878266066601,0.49742103494067,0.0628936169094719,0.0926878266066601,0.49742103494067,0,0,0
203,"egger",0.172533337571911,0.13555833110662,0.206789427642366,0.172533337571911,0.13555833110662,0.206789427642366,0,0,0
203,"weighted_median",0.088501590699871,0.0874768317307721,0.311674516972372,0.088501590699871,0.0874768317307721,0.311674516972372,0,0,0
203,"simple_mode",-0.0513134564694886,0.457170872056069,0.91090976879828,-0.0513134564694886,0.457170872056069,0.91090976879828,0,0,0
203,"weighted_mode",0.074298796967351,0.423816692561092,0.861274493048098,0.074298796967351,0.423816692561092,0.861274493048098,0,0,0
204,"ivw",-0.0415682623860728,0.148187920686576,0.779085898513017,-0.0415682623860728,0.148187920686576,0.779085898513017,0,0,0
204,"egger",-0.0890991525376781,0.233704841612535,0.704030992962807,-0.0890991525376781,0.233704841612535,0.704030992962807,0,0,0
204,"weighted_median",-0.260402995975349,0.119439235025701,0.0292416621113067,-0.260402995975349,0.119439235025701,0.0292416621113067,0,0,0
204,"simple_mode",-0.129696056669469,1.14929804781793,0.910430225309191,-0.129696056669469,1.14929804781793,0.910430225309191,0,0,0
204,"weighted_mode",-0.129696056669469,1.1279392252357,0.908741601786465,-0.129696056669469,1.1279392252357,0.908741601786465,0,0,0
205,"ivw",0.258969968080583,0.101935357985834,0.0110684184389903,0.258969968080583,0.101935357985834,0.0110684184389903,0,0,0
205,"egger",-0.0408827469145161,0.15107484121762,0.787385998049414,-0.0408827469145161,0.15107484121762,0.787385998049414,0,0,0
205,"weighted_median",0.253624659621968,0.0855851364313485,0.00304241657957894,0.253624659621968,0.0855851364313485,0.00304241657957894,0,0,0
205,"simple_mode",0.0973549235604426,0.553658991465164,0.860859175264698,0.0973549235604426,0.553658991465164,0.860859175264698,0,0,0
205,"weighted_mode",0.0973549235604426,0.534340269641517,0.855883735289898,0.0973549235604426,0.534340269641517,0.855883735289898,0,0,0
206,"ivw",-0.0566280743483461,0.122520547932406,0.643943304583606,-0.0566280743483461,0.122520547932406,0.643943304583606,0,0,0
206,"egger",0.230409532621824,0.185799726584942,0.218564850394614,0.230409532621824,0.185799726584942,0.218564850394614,0,0,0
206,"weighted_median",0.194948775927262,0.102126406074915,0.0562753981225921,0.194948775927262,0.102126406074915,0.0562753981225921,0,0,0
206,"simple_mode",0.149181796131116,0.455686107281235,0.744226286797049,0.149181796131116,0.455686107281235,0.744226286797049,0,0,0
206,"weighted_mode",0.043379540331354,0.428651281869425,0.919641727255209,0.043379540331354,0.428651281869425,0.919641727255209,0,0,0
207,"ivw",-0.0890004612305897,0.133457515885331,0.504847288595498,-0.0890004612305897,0.133457515885331,0.504847288595498,0,0,0
207,"egger",-0.0993541940018191,0.217403248942662,0.648906589173981,-0.0993541940018191,0.217403248942662,0.648906589173981,0,0,0
207,"weighted_median",-0.0951120595590694,0.103945998890483,0.360184203094189,-0.0951120595590694,0.103945998890483,0.360184203094189,0,0,0
207,"simple_mode",-0.226294165635572,1.16314168683137,0.846229055460995,-0.226294165635572,1.16314168683137,0.846229055460995,0,0,0
207,"weighted_mode",0.0501542115913285,1.17468620301656,0.966049071160071,0.0501542115913285,1.17468620301656,0.966049071160071,0,0,0
208,"ivw",-0.0821072466052796,0.136486678283095,0.54745574190336,-0.0821072466052796,0.136486678283095,0.54745574190336,0,0,0
208,"egger",0.26724783740089,0.191822739459947,0.167417826115975,0.26724783740089,0.191822739459947,0.167417826115975,0,0,0
208,"weighted_median",-0.0953337884664638,0.109175995336487,0.382547539143792,-0.0953337884664638,0.109175995336487,0.382547539143792,0,0,0
208,"simple_mode",-0.329153582296144,0.513849035918392,0.523613568800233,-0.329153582296144,0.513849035918392,0.523613568800233,0,0,0
208,"weighted_mode",0.0241073000079296,0.493080382256669,0.961126342547104,0.0241073000079296,0.493080382256669,0.961126342547104,0,0,0
209,"ivw",0.41578236259676,0.132459349165627,0.00169558357654129,0.41578236259676,0.132459349165627,0.00169558357654129,0,0,0
209,"egger",0.697110670630498,0.196377107322739,0.000648872795453132,0.697110670630498,0.196377107322739,0.000648872795453132,0,0,0
209,"weighted_median",0.07405385313501,0.112599867650106,0.510748501603436,0.07405385313501,0.112599867650106,0.510748501603436,0,0,0
209,"simple_mode",0.280421807389892,0.79929876894144,0.726623125536696,0.280421807389892,0.79929876894144,0.726623125536696,0,0,0
209,"weighted_mode",0.133717537686575,0.758605171129576,0.860523649358569,0.133717537686575,0.758605171129576,0.860523649358569,0,0,0
210,"ivw",0.273076922030057,0.126094108866893,0.0303372055501487,0.273076922030057,0.126094108866893,0.0303372055501487,0,0,0
210,"egger",0.0529626610904131,0.187672627989027,0.778513060714782,0.0529626610904131,0.187672627989027,0.778513060714782,0,0,0
210,"weighted_median",0.228879466797345,0.096087807315561,0.017219719977173,0.228879466797345,0.096087807315561,0.017219719977173,0,0,0
210,"simple_mode",0.185280188837509,0.181954171348946,0.311577055427308,0.185280188837509,0.181954171348946,0.311577055427308,0,0,0
210,"weighted_mode",0.241625128612251,0.0990671500119669,0.0169135715475682,0.241625128612251,0.0990671500119669,0.0169135715475682,0,0,0
211,"ivw",0.0106689472048029,0.117418014020407,0.927601489528771,0.0106689472048029,0.117418014020407,0.927601489528771,0,0,0
211,"egger",0.310283868250133,0.184465442170256,0.0964548740785511,0.310283868250133,0.184465442170256,0.0964548740785511,0,0,0
211,"weighted_median",-0.0390607820444354,0.104054032714038,0.707370878937636,-0.0390607820444354,0.104054032714038,0.707370878937636,0,0,0
211,"simple_mode",0.103822896970478,0.452316187278059,0.819030885224783,0.103822896970478,0.452316187278059,0.819030885224783,0,0,0
211,"weighted_mode",-0.127110264013141,0.442787759195001,0.774793218755142,-0.127110264013141,0.442787759195001,0.774793218755142,0,0,0
212,"ivw",-0.00843659220912888,0.153146247247514,0.956067983041735,-0.00843659220912888,0.153146247247514,0.956067983041735,0,0,0
212,"egger",-0.0753495569927422,0.244192035781128,0.75845316058984,-0.0753495569927422,0.244192035781128,0.75845316058984,0,0,0
212,"weighted_median",-0.0100663634389554,0.110358157214885,0.927321438640574,-0.0100663634389554,0.110358157214885,0.927321438640574,0,0,0
212,"simple_mode",-0.0701682034255263,0.470152464789033,0.881730778799478,-0.0701682034255263,0.470152464789033,0.881730778799478,0,0,0
212,"weighted_mode",-0.0701682034255263,0.409033719853826,0.864222107741688,-0.0701682034255263,0.409033719853826,0.864222107741688,0,0,0
213,"ivw",0.161804993600379,0.1344747371562,0.228884579504582,0.161804993600379,0.1344747371562,0.228884579504582,0,0,0
213,"egger",0.201351467933593,0.208335604388504,0.336718471709513,0.201351467933593,0.208335604388504,0.336718471709513,0,0,0
213,"weighted_median",0.025891338672794,0.117464209466866,0.825544881978401,0.025891338672794,0.117464209466866,0.825544881978401,0,0,0
213,"simple_mode",0.0775052977336019,0.91837332137961,0.932951328638108,0.0775052977336019,0.91837332137961,0.932951328638108,0,0,0
213,"weighted_mode",0.0775052977336019,0.912615776971269,0.932529354718726,0.0775052977336019,0.912615776971269,0.932529354718726,0,0,0
214,"ivw",-0.147457039405525,0.117937407506631,0.211190291768144,-0.147457039405525,0.117937407506631,0.211190291768144,0,0,0
214,"egger",-0.273521198856665,0.171522422542532,0.114729991806389,-0.273521198856665,0.171522422542532,0.114729991806389,0,0,0
214,"weighted_median",0.316404408398186,0.0945921057559277,0.000823019717166067,0.316404408398186,0.0945921057559277,0.000823019717166067,0,0,0
214,"simple_mode",0.207861693220296,0.408448605759736,0.612202017261631,0.207861693220296,0.408448605759736,0.612202017261631,0,0,0
214,"weighted_mode",0.207861693220296,0.408768132646729,0.612479649675305,0.207861693220296,0.408768132646729,0.612479649675305,0,0,0
215,"ivw",-0.350937810591028,0.143299571877214,0.0143261333193747,-0.350937810591028,0.143299571877214,0.0143261333193747,0,0,0
215,"egger",-0.299504453489288,0.223146431788005,0.183331805396943,-0.299504453489288,0.223146431788005,0.183331805396943,0,0,0
215,"weighted_median",-0.152326969247962,0.104740590563234,0.145855931761084,-0.152326969247962,0.104740590563234,0.145855931761084,0,0,0
215,"simple_mode",-0.21298923621018,0.35802099688068,0.553563874809494,-0.21298923621018,0.35802099688068,0.553563874809494,0,0,0
215,"weighted_mode",-0.21298923621018,0.337343416691281,0.529574968025393,-0.21298923621018,0.337343416691281,0.529574968025393,0,0,0
216,"ivw",-0.0732448561602388,0.146735305108524,0.617664456996155,-0.0732448561602388,0.146735305108524,0.617664456996155,0,0,0
216,"egger",-0.333623533034976,0.238847588481011,0.166335107535412,-0.333623533034976,0.238847588481011,0.166335107535412,0,0,0
216,"weighted_median",-0.0569194282034984,0.120563961556534,0.636848415279957,-0.0569194282034984,0.120563961556534,0.636848415279957,0,0,0
216,"simple_mode",0.0426925056256215,0.969326421629013,0.964978144583656,0.0426925056256215,0.969326421629013,0.964978144583656,0,0,0
216,"weighted_mode",0.0426925056256215,0.97007120030128,0.965005015272381,0.0426925056256215,0.97007120030128,0.965005015272381,0,0,0
217,"ivw",-0.167970055765682,0.111113298324498,0.130610009234848,-0.167970055765682,0.111113298324498,0.130610009234848,0,0,0
217,"egger",-0.159312928492444,0.168797798244812,0.348108808513021,-0.159312928492444,0.168797798244812,0.348108808513021,0,0,0
217,"weighted_median",-0.0572940616689347,0.0941235219698619,0.54271574347786,-0.0572940616689347,0.0941235219698619,0.54271574347786,0,0,0
217,"simple_mode",0.220318089056649,0.45610855319683,0.630371302804176,0.220318089056649,0.45610855319683,0.630371302804176,0,0,0
217,"weighted_mode",-0.124826384081528,0.421537017935186,0.767894797192686,-0.124826384081528,0.421537017935186,0.767894797192686,0,0,0
218,"ivw",-0.0935014579528486,0.124489590360822,0.452605398800512,-0.0935014579528486,0.124489590360822,0.452605398800512,0,0,0
218,"egger",-0.211197797445736,0.194639541291149,0.281149086663446,-0.211197797445736,0.194639541291149,0.281149086663446,0,0,0
218,"weighted_median",0.0149220065119495,0.0958970318458572,0.876344803805366,0.0149220065119495,0.0958970318458572,0.876344803805366,0,0,0
218,"simple_mode",-0.126324147752427,0.413322123500428,0.760669524031802,-0.126324147752427,0.413322123500428,0.760669524031802,0,0,0
218,"weighted_mode",-0.126324147752427,0.366555053116001,0.731269271138244,-0.126324147752427,0.366555053116001,0.731269271138244,0,0,0
219,"ivw",-0.0624183547518265,0.114287447201113,0.584961235987223,-0.0624183547518265,0.114287447201113,0.584961235987223,0,0,0
219,"egger",-0.0355160077583399,0.171280920621796,0.836259299549935,-0.0355160077583399,0.171280920621796,0.836259299549935,0,0,0
219,"weighted_median",0.0230272420378138,0.121788749486016,0.850033814899999,0.0230272420378138,0.121788749486016,0.850033814899999,0,0,0
219,"simple_mode",0.0548274441225037,0.697446977403386,0.937535415743416,0.0548274441225037,0.697446977403386,0.937535415743416,0,0,0
219,"weighted_mode",0.0548274441225037,0.682129101861762,0.936135734083259,0.0548274441225037,0.682129101861762,0.936135734083259,0,0,0
220,"ivw",-0.228929402293587,0.127741792789705,0.0731127671899087,-0.228929402293587,0.127741792789705,0.0731127671899087,0,0,0
220,"egger",-0.355220612879374,0.197544887459058,0.0759213648595803,-0.355220612879374,0.197544887459058,0.0759213648595803,0,0,0
220,"weighted_median",-0.146383982088811,0.105883467384164,0.166817974216286,-0.146383982088811,0.105883467384164,0.166817974216286,0,0,0
220,"simple_mode",-0.570553978981227,0.725257587444498,0.433758135959122,-0.570553978981227,0.725257587444498,0.433758135959122,0,0,0
220,"weighted_mode",-0.142491215078667,0.683916360382318,0.835481848542895,-0.142491215078667,0.683916360382318,0.835481848542895,0,0,0
221,"ivw",0.295142690221394,0.108014378048592,0.00628673275275823,0.295142690221394,0.108014378048592,0.00628673275275823,0,0,0
221,"egger",0.378201245341714,0.163429764443863,0.0232256419793986,0.378201245341714,0.163429764443863,0.0232256419793986,0,0,0
221,"weighted_median",0.325183599192294,0.0944678597167894,0.000576860501201328,0.325183599192294,0.0944678597167894,0.000576860501201328,0,0,0
221,"simple_mode",0.181577454985969,0.593838043484863,0.76056475306979,0.181577454985969,0.593838043484863,0.76056475306979,0,0,0
221,"weighted_mode",0.335876308426698,0.562213741502388,0.551895180017277,0.335876308426698,0.562213741502388,0.551895180017277,0,0,0
222,"ivw",-0.153224301196645,0.159941186967349,0.338060727932321,-0.153224301196645,0.159941186967349,0.338060727932321,0,0,0
222,"egger",-0.0192789126573834,0.259996502430355,0.941075601497332,-0.0192789126573834,0.259996502430355,0.941075601497332,0,0,0
222,"weighted_median",0.0910399887932186,0.122620753962258,0.457813697769778,0.0910399887932186,0.122620753962258,0.457813697769778,0,0,0
222,"simple_mode",0.218434176786853,0.482936362923414,0.65225882001515,0.218434176786853,0.482936362923414,0.65225882001515,0,0,0
222,"weighted_mode",-0.0570070866087348,0.451145731305441,0.899759550912476,-0.0570070866087348,0.451145731305441,0.899759550912476,0,0,0
223,"ivw",0.224630201928414,0.168801229250198,0.183275250945963,0.224630201928414,0.168801229250198,0.183275250945963,0,0,0
223,"egger",0.662350541012218,0.269176999537313,0.0160218707427876,0.662350541012218,0.269176999537313,0.0160218707427876,0,0,0
223,"weighted_median",0.27056971941881,0.127369631806356,0.0336461085590237,0.27056971941881,0.127369631806356,0.0336461085590237,0,0,0
223,"simple_mode",-0.257130779554068,0.357693143564632,0.474296771253295,-0.257130779554068,0.357693143564632,0.474296771253295,0,0,0
223,"weighted_mode",0.154446782437329,0.271029784193049,0.570355444419458,0.154446782437329,0.271029784193049,0.570355444419458,0,0,0
224,"ivw",-0.221631446529465,0.179247736932821,0.216290133708449,-0.221631446529465,0.179247736932821,0.216290133708449,0,0,0
224,"egger",-0.0833963822468136,0.287823963428976,0.772758773263969,-0.0833963822468136,0.287823963428976,0.772758773263969,0,0,0
224,"weighted_median",0.152366884857144,0.141010455790823,0.279903529996191,0.152366884857144,0.141010455790823,0.279903529996191,0,0,0
224,"simple_mode",0.18639861719836,0.574079994015015,0.746252007790252,0.18639861719836,0.574079994015015,0.746252007790252,0,0,0
224,"weighted_mode",0.416689584864451,0.537914565793385,0.440808422654918,0.416689584864451,0.537914565793385,0.440808422654918,0,0,0
225,"ivw",-0.0311024186558646,0.146592253466707,0.831974728493615,-0.0311024186558646,0.146592253466707,0.831974728493615,0,0,0
225,"egger",0.0339482746943499,0.228426752578516,0.882229233492624,0.0339482746943499,0.228426752578516,0.882229233492624,0,0,0
225,"weighted_median",-0.0543968333309498,0.11990427695922,0.650067203046976,-0.0543968333309498,0.11990427695922,0.650067203046976,0,0,0
225,"simple_mode",-0.244777559304142,0.638079048486771,0.702267884991047,-0.244777559304142,0.638079048486771,0.702267884991047,0,0,0
225,"weighted_mode",-0.0828693661780042,0.610729133367835,0.892403609903633,-0.0828693661780042,0.610729133367835,0.892403609903633,0,0,0
226,"ivw",0.0317686307414102,0.118339551868626,0.788350498254933,0.0317686307414102,0.118339551868626,0.788350498254933,0,0,0
226,"egger",0.0314832387463968,0.183496481693571,0.864205649075741,0.0314832387463968,0.183496481693571,0.864205649075741,0,0,0
226,"weighted_median",-0.0214491530122554,0.118135996201367,0.85592550760944,-0.0214491530122554,0.118135996201367,0.85592550760944,0,0,0
226,"simple_mode",-0.0908383851254037,0.443629323105332,0.83827181230855,-0.0908383851254037,0.443629323105332,0.83827181230855,0,0,0
226,"weighted_mode",-0.0908383851254037,0.384661564771204,0.813911276122148,-0.0908383851254037,0.384661564771204,0.813911276122148,0,0,0
227,"ivw",-0.138609052349573,0.110391093367692,0.20925447420024,-0.138609052349573,0.110391093367692,0.20925447420024,0,0,0
227,"egger",0.107995439556317,0.171440797810814,0.530536485079026,0.107995439556317,0.171440797810814,0.530536485079026,0,0,0
227,"weighted_median",-0.272674640505618,0.100598951367744,0.00671794666746114,-0.272674640505618,0.100598951367744,0.00671794666746114,0,0,0
227,"simple_mode",-0.129382144368917,0.696889627458279,0.853178211812023,-0.129382144368917,0.696889627458279,0.853178211812023,0,0,0
227,"weighted_mode",-0.129382144368917,0.691667956601705,0.852082770694614,-0.129382144368917,0.691667956601705,0.852082770694614,0,0,0
228,"ivw",0.0710803754432483,0.103626659763257,0.492758829123194,0.0710803754432483,0.103626659763257,0.492758829123194,0,0,0
228,"egger",0.0634957393215531,0.166394531182899,0.703771604084148,0.0634957393215531,0.166394531182899,0.703771604084148,0,0,0
228,"weighted_median",-0.0438052966558586,0.150490674687871,0.770987741713543,-0.0438052966558586,0.150490674687871,0.770987741713543,0,0,0
228,"simple_mode",0.105666406348405,0.266739676590511,0.69304293760473,0.105666406348405,0.266739676590511,0.69304293760473,0,0,0
228,"weighted_mode",-0.0417605471735464,0.215158235540743,0.84658958706945,-0.0417605471735464,0.215158235540743,0.84658958706945,0,0,0
229,"ivw",0.310812273293356,0.138350453912235,0.0246683100510314,0.310812273293356,0.138350453912235,0.0246683100510314,0,0,0
229,"egger",0.55770818007421,0.220613908065577,0.013440319685507,0.55770818007421,0.220613908065577,0.013440319685507,0,0,0
229,"weighted_median",0.131519405044665,0.117143656610184,0.261556870302982,0.131519405044665,0.117143656610184,0.261556870302982,0,0,0
229,"simple_mode",0.294336290274383,0.787069323174575,0.709407554568669,0.294336290274383,0.787069323174575,0.709407554568669,0,0,0
229,"weighted_mode",0.294336290274383,0.767572370758672,0.70238046272884,0.294336290274383,0.767572370758672,0.70238046272884,0,0,0
230,"ivw",0.0890866062179006,0.128402921293388,0.487804421532741,0.0890866062179006,0.128402921293388,0.487804421532741,0,0,0
230,"egger",-0.0804583186941422,0.208377485753685,0.700434181331612,-0.0804583186941422,0.208377485753685,0.700434181331612,0,0,0
230,"weighted_median",-0.102951855824794,0.118682747325273,0.385693158093081,-0.102951855824794,0.118682747325273,0.385693158093081,0,0,0
230,"simple_mode",0.0425004919300153,2.11694202283671,0.984031830295937,0.0425004919300153,2.11694202283671,0.984031830295937,0,0,0
230,"weighted_mode",0.0425004919300153,2.07475774982283,0.983707208684383,0.0425004919300153,2.07475774982283,0.983707208684383,0,0,0
231,"ivw",-0.103639335942034,0.142365445804087,0.466625232896908,-0.103639335942034,0.142365445804087,0.466625232896908,0,0,0
231,"egger",0.196071746645962,0.225245631796683,0.386642868242176,0.196071746645962,0.225245631796683,0.386642868242176,0,0,0
231,"weighted_median",0.031697833638173,0.120810875588933,0.793031833358125,0.031697833638173,0.120810875588933,0.793031833358125,0,0,0
231,"simple_mode",-0.208546041576671,0.566618742184207,0.71379338048904,-0.208546041576671,0.566618742184207,0.71379338048904,0,0,0
231,"weighted_mode",0.0446057644145607,0.551895177955916,0.935782170033908,0.0446057644145607,0.551895177955916,0.935782170033908,0,0,0
232,"ivw",0.180760326444458,0.115365191000962,0.117148993219967,0.180760326444458,0.115365191000962,0.117148993219967,0,0,0
232,"egger",-0.134045297684095,0.184796526686812,0.470343479245969,-0.134045297684095,0.184796526686812,0.470343479245969,0,0,0
232,"weighted_median",0.00337020198401154,0.104678204014726,0.974315879175232,0.00337020198401154,0.104678204014726,0.974315879175232,0,0,0
232,"simple_mode",-0.0525924935975368,0.939680373752823,0.95550473444481,-0.0525924935975368,0.939680373752823,0.95550473444481,0,0,0
232,"weighted_mode",-0.0525924935975368,0.935375563611798,0.955300175015528,-0.0525924935975368,0.935375563611798,0.955300175015528,0,0,0
233,"ivw",0.259988710888986,0.135389225367893,0.0548192877753958,0.259988710888986,0.135389225367893,0.0548192877753958,0,0,0
233,"egger",0.397043762047665,0.209994126923466,0.0622798741142337,0.397043762047665,0.209994126923466,0.0622798741142337,0,0,0
233,"weighted_median",0.0475304577123288,0.101195740726497,0.638577712019922,0.0475304577123288,0.101195740726497,0.638577712019922,0,0,0
233,"simple_mode",0.0933846118009545,0.417193035708308,0.823445187083994,0.0933846118009545,0.417193035708308,0.823445187083994,0,0,0
233,"weighted_mode",-0.0137081741340387,0.370839628514206,0.970603675081899,-0.0137081741340387,0.370839628514206,0.970603675081899,0,0,0
234,"ivw",0.135446057843807,0.15674673184882,0.387528729822873,0.135446057843807,0.15674673184882,0.387528729822873,0,0,0
234,"egger",-0.194020634934761,0.233202608194686,0.407895099994826,-0.194020634934761,0.233202608194686,0.407895099994826,0,0,0
234,"weighted_median",0.191820143326131,0.11208631647334,0.0870145040472294,0.191820143326131,0.11208631647334,0.0870145040472294,0,0,0
234,"simple_mode",0.163191437023093,0.629173344332612,0.79600448036078,0.163191437023093,0.629173344332612,0.79600448036078,0,0,0
234,"weighted_mode",0.163191437023093,0.627188506179188,0.795373487972321,0.163191437023093,0.627188506179188,0.795373487972321,0,0,0
235,"ivw",-0.0179699833043707,0.163102547621952,0.912269810108674,-0.0179699833043707,0.163102547621952,0.912269810108674,0,0,0
235,"egger",-0.0218594725561934,0.247434360845081,0.929823625883885,-0.0218594725561934,0.247434360845081,0.929823625883885,0,0,0
235,"weighted_median",0.0584858708832004,0.121045970622372,0.628974511074907,0.0584858708832004,0.121045970622372,0.628974511074907,0,0,0
235,"simple_mode",-0.118112654010872,0.749275486207997,0.875136080643064,-0.118112654010872,0.749275486207997,0.875136080643064,0,0,0
235,"weighted_mode",0.0612762341476143,0.760034565219158,0.935940679828577,0.0612762341476143,0.760034565219158,0.935940679828577,0,0,0
236,"ivw",0.0949188033370881,0.141705026975712,0.502963804427252,0.0949188033370881,0.141705026975712,0.502963804427252,0,0,0
236,"egger",0.297817768594569,0.241152248290798,0.220453483430398,0.297817768594569,0.241152248290798,0.220453483430398,0,0,0
236,"weighted_median",0.321895732022627,0.126751532924064,0.0110985474214546,0.321895732022627,0.126751532924064,0.0110985474214546,0,0,0
236,"simple_mode",0.201999472118763,1.01121327908026,0.842169312699039,0.201999472118763,1.01121327908026,0.842169312699039,0,0,0
236,"weighted_mode",0.419519813416234,1.01918453581129,0.681702929782128,0.419519813416234,1.01918453581129,0.681702929782128,0,0,0
237,"ivw",0.118003171898954,0.147311132348267,0.423104314282042,0.118003171898954,0.147311132348267,0.423104314282042,0,0,0
237,"egger",-0.426950157703133,0.229827421217232,0.0668911348678227,-0.426950157703133,0.229827421217232,0.0668911348678227,0,0,0
237,"weighted_median",-0.0629809195146073,0.105081509504239,0.548937501985439,-0.0629809195146073,0.105081509504239,0.548937501985439,0,0,0
237,"simple_mode",0.0955853448568237,1.55635128530659,0.95117895816825,0.0955853448568237,1.55635128530659,0.95117895816825,0,0,0
237,"weighted_mode",0.0955853448568237,1.56610612130834,0.951482667501514,0.0955853448568237,1.56610612130834,0.951482667501514,0,0,0
238,"ivw",-0.0300995080983756,0.115772806832561,0.794873245915344,-0.0300995080983756,0.115772806832561,0.794873245915344,0,0,0
238,"egger",-0.272118624573977,0.184493504690483,0.144150888904556,-0.272118624573977,0.184493504690483,0.144150888904556,0,0,0
238,"weighted_median",0.00301277641805996,0.113888118031156,0.978895362489426,0.00301277641805996,0.113888118031156,0.978895362489426,0,0,0
238,"simple_mode",0.0187986553929369,0.491934549336391,0.969611298075882,0.0187986553929369,0.491934549336391,0.969611298075882,0,0,0
238,"weighted_mode",-0.114402657112317,0.454721247507919,0.801996323810298,-0.114402657112317,0.454721247507919,0.801996323810298,0,0,0
239,"ivw",-0.101945875357873,0.145772138204768,0.484332767541239,-0.101945875357873,0.145772138204768,0.484332767541239,0,0,0
239,"egger",0.00803803954635024,0.229880733566026,0.972193847809045,0.00803803954635024,0.229880733566026,0.972193847809045,0,0,0
239,"weighted_median",-0.196589331808512,0.108373963773796,0.0696792010369514,-0.196589331808512,0.108373963773796,0.0696792010369514,0,0,0
239,"simple_mode",-0.191858284433785,0.525266365531788,0.715870102975368,-0.191858284433785,0.525266365531788,0.715870102975368,0,0,0
239,"weighted_mode",-0.191858284433785,0.502370574099126,0.703531268919241,-0.191858284433785,0.502370574099126,0.703531268919241,0,0,0
240,"ivw",-0.210922199376979,0.155232915890607,0.174226894427471,-0.210922199376979,0.155232915890607,0.174226894427471,0,0,0
240,"egger",-0.210591684194133,0.238553170548512,0.379996287225148,-0.210591684194133,0.238553170548512,0.379996287225148,0,0,0
240,"weighted_median",-0.0172345683999111,0.120087768703782,0.885882332693706,-0.0172345683999111,0.120087768703782,0.885882332693706,0,0,0
240,"simple_mode",0.032869718530208,0.795141051734569,0.967127987961198,0.032869718530208,0.795141051734569,0.967127987961198,0,0,0
240,"weighted_mode",-0.156095220861102,0.786926768133827,0.84325999826069,-0.156095220861102,0.786926768133827,0.84325999826069,0,0,0
241,"ivw",0.00465408806198704,0.163113935823567,0.977237253264865,0.00465408806198704,0.163113935823567,0.977237253264865,0,0,0
241,"egger",-0.254855133446718,0.261324393540764,0.332378859154152,-0.254855133446718,0.261324393540764,0.332378859154152,0,0,0
241,"weighted_median",0.100924532890806,0.155284910528868,0.515736561064583,0.100924532890806,0.155284910528868,0.515736561064583,0,0,0
241,"simple_mode",-0.36079327050567,1.10175784681022,0.744156854308756,-0.36079327050567,1.10175784681022,0.744156854308756,0,0,0
241,"weighted_mode",0.0595088986290808,1.08145133356277,0.956252545955736,0.0595088986290808,1.08145133356277,0.956252545955736,0,0,0
242,"ivw",-0.00915931009192651,0.154269024406763,0.952655558517707,-0.00915931009192651,0.154269024406763,0.952655558517707,0,0,0
242,"egger",0.156342697876902,0.252971972589803,0.538315138064227,0.156342697876902,0.252971972589803,0.538315138064227,0,0,0
242,"weighted_median",-0.00386165258108534,0.127215346375791,0.975783740378015,-0.00386165258108534,0.127215346375791,0.975783740378015,0,0,0
242,"simple_mode",0.351306699140706,0.837331863625205,0.67592131870852,0.351306699140706,0.837331863625205,0.67592131870852,0,0,0
242,"weighted_mode",0.131621075655613,0.814368525465859,0.872004834984887,0.131621075655613,0.814368525465859,0.872004834984887,0,0,0
243,"ivw",0.119236505446026,0.150015246690393,0.426712836036217,0.119236505446026,0.150015246690393,0.426712836036217,0,0,0
243,"egger",-0.30366192959418,0.2345963595274,0.199250614372497,-0.30366192959418,0.2345963595274,0.199250614372497,0,0,0
243,"weighted_median",0.00299055555228181,0.106171861239635,0.977528861281714,0.00299055555228181,0.106171861239635,0.977528861281714,0,0,0
243,"simple_mode",-0.059055693977696,0.902754016589239,0.948002969137011,-0.059055693977696,0.902754016589239,0.948002969137011,0,0,0
243,"weighted_mode",-0.059055693977696,0.884946633299407,0.946958212144408,-0.059055693977696,0.884946633299407,0.946958212144408,0,0,0
244,"ivw",-0.0541108980868076,0.151664385426964,0.72125612163208,-0.0541108980868076,0.151664385426964,0.72125612163208,0,0,0
244,"egger",0.193235583806408,0.26082214979495,0.460940730633112,0.193235583806408,0.26082214979495,0.460940730633112,0,0,0
244,"weighted_median",0.0383016886168557,0.143061703085289,0.788908345848049,0.0383016886168557,0.143061703085289,0.788908345848049,0,0,0
244,"simple_mode",0.343183751926563,0.439743389235424,0.437419457878547,0.343183751926563,0.439743389235424,0.437419457878547,0,0,0
244,"weighted_mode",0.124672511678558,0.397713708313095,0.75472713284412,0.124672511678558,0.397713708313095,0.75472713284412,0,0,0
245,"ivw",-0.400296717803404,0.150251166982492,0.00771753935703553,-0.400296717803404,0.150251166982492,0.00771753935703553,0,0,0
245,"egger",-0.210720678580652,0.219398168359587,0.339723378475917,-0.210720678580652,0.219398168359587,0.339723378475917,0,0,0
245,"weighted_median",-0.531833067812257,0.121927093083314,1.28941282383827e-05,-0.531833067812257,0.121927093083314,1.28941282383827e-05,0,0,0
245,"simple_mode",-0.417779747664933,0.93009960654852,0.654503213821001,-0.417779747664933,0.93009960654852,0.654503213821001,0,0,0
245,"weighted_mode",-0.417779747664933,0.884493532078242,0.637955802287306,-0.417779747664933,0.884493532078242,0.637955802287306,0,0,0
246,"ivw",0.0875205716459811,0.140040575352332,0.531993497805873,0.0875205716459811,0.140040575352332,0.531993497805873,0,0,0
246,"egger",-0.259320285876042,0.229488136074449,0.26185527156762,-0.259320285876042,0.229488136074449,0.26185527156762,0,0,0
246,"weighted_median",-0.0991862070668971,0.158928479526942,0.532566281470849,-0.0991862070668971,0.158928479526942,0.532566281470849,0,0,0
246,"simple_mode",0.265978124234119,1.07327971832613,0.80490230250909,0.265978124234119,1.07327971832613,0.80490230250909,0,0,0
246,"weighted_mode",0.105251705882224,1.06230814606611,0.921320878959438,0.105251705882224,1.06230814606611,0.921320878959438,0,0,0
247,"ivw",-0.0934850212336294,0.189314198014896,0.62144120170658,-0.0934850212336294,0.189314198014896,0.62144120170658,0,0,0
247,"egger",-0.0504316449545357,0.328786934361074,0.878479337794337,-0.0504316449545357,0.328786934361074,0.878479337794337,0,0,0
247,"weighted_median",-0.15894079478324,0.136372307990642,0.24382001290568,-0.15894079478324,0.136372307990642,0.24382001290568,0,0,0
247,"simple_mode",-0.386485762165566,1.41985513408474,0.786160252012362,-0.386485762165566,1.41985513408474,0.786160252012362,0,0,0
247,"weighted_mode",-0.0976668809878175,1.36737567500079,0.943234371665582,-0.0976668809878175,1.36737567500079,0.943234371665582,0,0,0
248,"ivw",0.045339521469583,0.160106751654594,0.777036505554439,0.045339521469583,0.160106751654594,0.777036505554439,0,0,0
248,"egger",0.092242519613838,0.262217240976846,0.725928914213067,0.092242519613838,0.262217240976846,0.725928914213067,0,0,0
248,"weighted_median",-0.165407442373763,0.127644160374633,0.195027823702019,-0.165407442373763,0.127644160374633,0.195027823702019,0,0,0
248,"simple_mode",0.0469358336566075,0.406706072590375,0.908409891261789,0.0469358336566075,0.406706072590375,0.908409891261789,0,0,0
248,"weighted_mode",-0.040331475801968,0.370021274223414,0.913473869957923,-0.040331475801968,0.370021274223414,0.913473869957923,0,0,0
249,"ivw",-0.176472100290818,0.172895355640853,0.30740259544044,-0.176472100290818,0.172895355640853,0.30740259544044,0,0,0
249,"egger",0.0497907635613691,0.281258341024465,0.859933373715744,0.0497907635613691,0.281258341024465,0.859933373715744,0,0,0
249,"weighted_median",-0.109023656107806,0.11466560958506,0.34170770806615,-0.109023656107806,0.11466560958506,0.34170770806615,0,0,0
249,"simple_mode",-0.113851853122295,1.23845553984386,0.926980229291995,-0.113851853122295,1.23845553984386,0.926980229291995,0,0,0
249,"weighted_mode",-0.113851853122295,1.23176185986142,0.926584562387117,-0.113851853122295,1.23176185986142,0.926584562387117,0,0,0
250,"ivw",-0.143951037422395,0.148066110836913,0.330947148857922,-0.143951037422395,0.148066110836913,0.330947148857922,0,0,0
250,"egger",0.0589059853605152,0.231692180149171,0.799960616080716,0.0589059853605152,0.231692180149171,0.799960616080716,0,0,0
250,"weighted_median",-0.0957606580622237,0.110955292263854,0.388106542645891,-0.0957606580622237,0.110955292263854,0.388106542645891,0,0,0
250,"simple_mode",-0.343871862026261,0.771658102513216,0.657055348283291,-0.343871862026261,0.771658102513216,0.657055348283291,0,0,0
250,"weighted_mode",-0.167188544429741,0.766022855781045,0.82777914019996,-0.167188544429741,0.766022855781045,0.82777914019996,0,0,0
251,"ivw",0.356525850816382,0.126635960149602,0.00487225797607168,0.356525850816382,0.126635960149602,0.00487225797607168,0,0,0
251,"egger",0.47276282370472,0.183335205683689,0.0117505714621064,0.47276282370472,0.183335205683689,0.0117505714621064,0,0,0
251,"weighted_median",0.292485565094921,0.122883060397563,0.0173035095887727,0.292485565094921,0.122883060397563,0.0173035095887727,0,0,0
251,"simple_mode",54.614439596263,1493.36319099818,0.970916697229991,54.614439596263,1493.36319099818,0.970916697229991,0,0,0
251,"weighted_mode",54.614439596263,1493.36319099818,0.970916697229991,54.614439596263,1493.36319099818,0.970916697229991,0,0,0
252,"ivw",-0.181039328224152,0.118371161385617,0.126160134412208,-0.181039328224152,0.118371161385617,0.126160134412208,0,0,0
252,"egger",-0.334499819728635,0.169409300124898,0.0517746835790194,-0.334499819728635,0.169409300124898,0.0517746835790194,0,0,0
252,"weighted_median",-0.242012684078261,0.119398427532447,0.0426692041516313,-0.242012684078261,0.119398427532447,0.0426692041516313,0,0,0
252,"simple_mode",-17.882481181617,6655.68065374389,0.997862852720037,-17.882481181617,6655.68065374389,0.997862852720037,0,0,0
252,"weighted_mode",-17.882481181617,6655.68065374389,0.997862852720037,-17.882481181617,6655.68065374389,0.997862852720037,0,0,0
253,"ivw",-0.048611960932757,0.117487391089199,0.679047524400267,-0.048611960932757,0.117487391089199,0.679047524400267,0,0,0
253,"egger",-0.225888142822254,0.17740306759864,0.206597458517009,-0.225888142822254,0.17740306759864,0.206597458517009,0,0,0
253,"weighted_median",-0.0509055499860098,0.112160333682377,0.649926637078129,-0.0509055499860098,0.112160333682377,0.649926637078129,0,0,0
253,"simple_mode",25.6202111928827,2679.31223011684,0.992394069383594,25.6202111928827,2679.31223011684,0.992394069383594,0,0,0
253,"weighted_mode",25.6202111928827,2685.79065226882,0.992412415159911,25.6202111928827,2685.79065226882,0.992412415159911,0,0,0
254,"ivw",-0.0211139623623598,0.157848170054809,0.893591400715147,-0.0211139623623598,0.157848170054809,0.893591400715147,0,0,0
254,"egger",-0.100686388155747,0.239524166639902,0.675349425997442,-0.100686388155747,0.239524166639902,0.675349425997442,0,0,0
254,"weighted_median",0.314994602320895,0.11820273910088,0.0077018730789699,0.314994602320895,0.11820273910088,0.0077018730789699,0,0,0
254,"simple_mode",4.0469437058984,11497.0179868523,0.999720010578099,4.0469437058984,11497.0179868523,0.999720010578099,0,0,0
254,"weighted_mode",4.0469437058984,11497.0179868523,0.999720010578099,4.0469437058984,11497.0179868523,0.999720010578099,0,0,0
255,"ivw",0.129620677125027,0.148307403487327,0.382118229944624,0.129620677125027,0.148307403487327,0.382118229944624,0,0,0
255,"egger",-0.0930680197015821,0.225324462700834,0.680682276864133,-0.0930680197015821,0.225324462700834,0.680682276864133,0,0,0
255,"weighted_median",-0.159132797999317,0.132539016757635,0.229887502004616,-0.159132797999317,0.132539016757635,0.229887502004616,0,0,0
255,"simple_mode",-11.1060037070506,3813.6108952458,0.99768356299882,-11.1060037070506,3813.6108952458,0.99768356299882,0,0,0
255,"weighted_mode",-11.1060037070506,3813.6108952458,0.99768356299882,-11.1060037070506,3813.6108952458,0.99768356299882,0,0,0
256,"ivw",-0.0232053150239269,0.154730920952252,0.880786658489379,-0.0232053150239269,0.154730920952252,0.880786658489379,0,0,0
256,"egger",-0.140257900571085,0.237615411251003,0.556671545547463,-0.140257900571085,0.237615411251003,0.556671545547463,0,0,0
256,"weighted_median",-0.0731139066810251,0.127623214070237,0.566720005826774,-0.0731139066810251,0.127623214070237,0.566720005826774,0,0,0
256,"simple_mode",0.48308862642945,2301.3088813148,0.999833024952173,0.48308862642945,2301.3088813148,0.999833024952173,0,0,0
256,"weighted_mode",0.48308862642945,2301.3088813148,0.999833024952173,0.48308862642945,2301.3088813148,0.999833024952173,0,0,0
257,"ivw",-0.0173495956579393,0.137787910345447,0.899799031224969,-0.0173495956579393,0.137787910345447,0.899799031224969,0,0,0
257,"egger",-0.0621032672716198,0.21542973156032,0.773880885543922,-0.0621032672716198,0.21542973156032,0.773880885543922,0,0,0
257,"weighted_median",0.133908709041936,0.125206565589162,0.284843396011971,0.133908709041936,0.125206565589162,0.284843396011971,0,0,0
257,"simple_mode",-28.3710342136112,10508.8041329843,0.997852560109175,-28.3710342136112,10508.8041329843,0.997852560109175,0,0,0
257,"weighted_mode",-28.3710342136112,10508.8041329843,0.997852560109175,-28.3710342136112,10508.8041329843,0.997852560109175,0,0,0
258,"ivw",0.041873372631649,0.158298885477249,0.791378518615821,0.041873372631649,0.158298885477249,0.791378518615821,0,0,0
258,"egger",0.120163606234049,0.232551207610243,0.606777937851069,0.120163606234049,0.232551207610243,0.606777937851069,0,0,0
258,"weighted_median",-0.0643069252850484,0.113854659257564,0.572198970476777,-0.0643069252850484,0.113854659257564,0.572198970476777,0,0,0
258,"simple_mode",16.4711201461692,12161.6586742497,0.998922716840867,16.4711201461692,12161.6586742497,0.998922716840867,0,0,0
258,"weighted_mode",16.4711201461692,12161.6586742497,0.998922716840867,16.4711201461692,12161.6586742497,0.998922716840867,0,0,0
259,"ivw",0.0922774499498174,0.178768525918606,0.605725915142854,0.0922774499498174,0.178768525918606,0.605725915142854,0,0,0
259,"egger",-0.0873772749930742,0.269427896928048,0.746552270502511,-0.0873772749930742,0.269427896928048,0.746552270502511,0,0,0
259,"weighted_median",-0.181192043718876,0.12923435741139,0.160902597050892,-0.181192043718876,0.12923435741139,0.160902597050892,0,0,0
259,"simple_mode",12.474468859713,11482.6059610256,0.999135865796405,12.474468859713,11482.6059610256,0.999135865796405,0,0,0
259,"weighted_mode",-8.06103657517194,11482.6059610256,0.999441594002337,-8.06103657517194,11482.6059610256,0.999441594002337,0,0,0
260,"ivw",-0.0452143655389538,0.13428745314549,0.736344298128337,-0.0452143655389538,0.13428745314549,0.736344298128337,0,0,0
260,"egger",-0.073394610369499,0.197008359236446,0.710471777519471,-0.073394610369499,0.197008359236446,0.710471777519471,0,0,0
260,"weighted_median",0.173283177101575,0.124952210394537,0.165504095484302,0.173283177101575,0.124952210394537,0.165504095484302,0,0,0
260,"simple_mode",-6.49464652145707,5244.92076031963,0.999015045529112,-6.49464652145707,5244.92076031963,0.999015045529112,0,0,0
260,"weighted_mode",-6.49464652145707,5244.92076031963,0.999015045529112,-6.49464652145707,5244.92076031963,0.999015045529112,0,0,0
261,"ivw",0.302735158973594,0.138720416563347,0.0290844249794829,0.302735158973594,0.138720416563347,0.0290844249794829,0,0,0
261,"egger",0.536175603961108,0.219237857190699,0.0166549549684178,0.536175603961108,0.219237857190699,0.0166549549684178,0,0,0
261,"weighted_median",0.0902946088782525,0.124319554351401,0.467648388695682,0.0902946088782525,0.124319554351401,0.467648388695682,0,0,0
261,"simple_mode",1.04671634058762,4077.52128978354,0.999795810952866,1.04671634058762,4077.52128978354,0.999795810952866,0,0,0
261,"weighted_mode",1.04671634058762,4077.52128978354,0.999795810952866,1.04671634058762,4077.52128978354,0.999795810952866,0,0,0
262,"ivw",0.0601175836523628,0.168241642209063,0.720845674064519,0.0601175836523628,0.168241642209063,0.720845674064519,0,0,0
262,"egger",0.252987707745975,0.246121146651959,0.307095183340476,0.252987707745975,0.246121146651959,0.307095183340476,0,0,0
262,"weighted_median",0.315954090563089,0.119865372037085,0.00839124842205746,0.315954090563089,0.119865372037085,0.00839124842205746,0,0,0
262,"simple_mode",-25.5084322276914,2791.22782581917,0.992730876591007,-25.5084322276914,2791.22782581917,0.992730876591007,0,0,0
262,"weighted_mode",-25.5084322276914,2791.22782581917,0.992730876591007,-25.5084322276914,2791.22782581917,0.992730876591007,0,0,0
263,"ivw",0.377102307656082,0.148081208018511,0.0108780769239226,0.377102307656082,0.148081208018511,0.0108780769239226,0,0,0
263,"egger",0.455217818384804,0.2149425131758,0.0372919022803527,0.455217818384804,0.2149425131758,0.0372919022803527,0,0,0
263,"weighted_median",0.000568444008170181,0.129859441152826,0.99650736792548,0.000568444008170181,0.129859441152826,0.99650736792548,0,0,0
263,"simple_mode",-8.3967569970067,5983.16768167717,0.998883702514132,-8.3967569970067,5983.16768167717,0.998883702514132,0,0,0
263,"weighted_mode",-8.3967569970067,5995.54836022589,0.998886007642929,-8.3967569970067,5995.54836022589,0.998886007642929,0,0,0
264,"ivw",0.132082373993853,0.176975886813737,0.455468228494666,0.132082373993853,0.176975886813737,0.455468228494666,0,0,0
264,"egger",0.0155153297986055,0.269858666591157,0.954294825917543,0.0155153297986055,0.269858666591157,0.954294825917543,0,0,0
264,"weighted_median",-0.0568153152387432,0.146569585222239,0.698287102888245,-0.0568153152387432,0.146569585222239,0.698287102888245,0,0,0
264,"simple_mode",7.03697505303371,8134.18946624876,0.999311868635675,7.03697505303371,8134.18946624876,0.999311868635675,0,0,0
264,"weighted_mode",7.03697505303371,8134.18946624876,0.999311868635675,7.03697505303371,8134.18946624876,0.999311868635675,0,0,0
265,"ivw",-0.188524843889706,0.163884636519443,0.249999362369041,-0.188524843889706,0.163884636519443,0.249999362369041,0,0,0
265,"egger",0.0757805437857668,0.242693021377882,0.755664058606896,0.0757805437857668,0.242693021377882,0.755664058606896,0,0,0
265,"weighted_median",0.0434519323108643,0.111073819625273,0.695650379332279,0.0434519323108643,0.111073819625273,0.695650379332279,0,0,0
265,"simple_mode",11.7181475841363,4196.65383895105,0.997778967443143,11.7181475841363,4196.65383895105,0.997778967443143,0,0,0
265,"weighted_mode",11.7181475841363,4196.65383895105,0.997778967443143,11.7181475841363,4196.65383895105,0.997778967443143,0,0,0
266,"ivw",0.186291729319903,0.152370009004798,0.221470505464622,0.186291729319903,0.152370009004798,0.221470505464622,0,0,0
266,"egger",0.146061440809049,0.226904665300909,0.521602823910787,0.146061440809049,0.226904665300909,0.521602823910787,0,0,0
266,"weighted_median",0.261311286422857,0.146808655511132,0.0750850133773983,0.261311286422857,0.146808655511132,0.0750850133773983,0,0,0
266,"simple_mode",27.7957762253732,10551.9168354185,0.997904698041226,27.7957762253732,10551.9168354185,0.997904698041226,0,0,0
266,"weighted_mode",27.7957762253732,10587.0252792759,0.997911646416039,27.7957762253732,10587.0252792759,0.997911646416039,0,0,0
267,"ivw",-0.124707122270651,0.151234607394193,0.409602232502661,-0.124707122270651,0.151234607394193,0.409602232502661,0,0,0
267,"egger",0.0360954547021824,0.229246175339851,0.875284721835853,0.0360954547021824,0.229246175339851,0.875284721835853,0,0,0
267,"weighted_median",-0.0916587094100402,0.123886977894407,0.459386466487288,-0.0916587094100402,0.123886977894407,0.459386466487288,0,0,0
267,"simple_mode",4.15912294150446,12480.9308432036,0.999734933738015,4.15912294150446,12480.9308432036,0.999734933738015,0,0,0
267,"weighted_mode",4.15912294150446,12480.9308432036,0.999734933738015,4.15912294150446,12480.9308432036,0.999734933738015,0,0,0
268,"ivw",0.0375244170499648,0.154540053930352,0.808149848612466,0.0375244170499648,0.154540053930352,0.808149848612466,0,0,0
268,"egger",0.180585925619495,0.238584119193313,0.451329208354267,0.180585925619495,0.238584119193313,0.451329208354267,0,0,0
268,"weighted_median",-0.0393409878022777,0.103717628079564,0.704458717700983,-0.0393409878022777,0.103717628079564,0.704458717700983,0,0,0
268,"simple_mode",3.13571013914028,13785.1920116725,0.999819064923974,3.13571013914028,13785.1920116725,0.999819064923974,0,0,0
268,"weighted_mode",3.13571013914028,13776.7424250298,0.999818953952416,3.13571013914028,13776.7424250298,0.999818953952416,0,0,0
269,"ivw",0.126586580999949,0.122325355567468,0.300745891734927,0.126586580999949,0.122325355567468,0.300745891734927,0,0,0
269,"egger",-0.0548774401434505,0.173219499390517,0.752214032571738,-0.0548774401434505,0.173219499390517,0.752214032571738,0,0,0
269,"weighted_median",0.0975948283693904,0.0877854595088241,0.26624887032158,0.0975948283693904,0.0877854595088241,0.26624887032158,0,0,0
269,"simple_mode",38.0285466866259,4631.08190678665,0.99346836352089,38.0285466866259,4631.08190678665,0.99346836352089,0,0,0
269,"weighted_mode",38.0285466866259,4631.08190678665,0.99346836352089,38.0285466866259,4631.08190678665,0.99346836352089,0,0,0
270,"ivw",-0.132604526020629,0.187924742942315,0.480420945102289,-0.132604526020629,0.187924742942315,0.480420945102289,0,0,0
270,"egger",-0.141716496348319,0.270653035526094,0.601997694052741,-0.141716496348319,0.270653035526094,0.601997694052741,0,0,0
270,"weighted_median",0.0582328818454609,0.142817663566179,0.683462471522086,0.0582328818454609,0.142817663566179,0.683462471522086,0,0,0
270,"simple_mode",28.0530279682612,9275.48183739872,0.997594295527856,28.0530279682612,9275.48183739872,0.997594295527856,0,0,0
270,"weighted_mode",28.0530279682612,9267.68078845175,0.997592270537919,28.0530279682612,9267.68078845175,0.997592270537919,0,0,0
271,"ivw",0.1289449647202,0.138964168024259,0.353459021794788,0.1289449647202,0.138964168024259,0.353459021794788,0,0,0
271,"egger",-0.174325841265097,0.195847374484669,0.376075451947876,-0.174325841265097,0.195847374484669,0.376075451947876,0,0,0
271,"weighted_median",-0.119252141157907,0.120450235673447,0.322148117024893,-0.119252141157907,0.120450235673447,0.322148117024893,0,0,0
271,"simple_mode",-100.467503160593,7538.00989455009,0.989398786767128,-100.467503160593,7538.00989455009,0.989398786767128,0,0,0
271,"weighted_mode",-100.467503160593,7538.00989455009,0.989398786767128,-100.467503160593,7538.00989455009,0.989398786767128,0,0,0
272,"ivw",-0.240290404908108,0.179763116252484,0.181318679266797,-0.240290404908108,0.179763116252484,0.181318679266797,0,0,0
272,"egger",-0.0951432136223936,0.284284879205727,0.738745693975168,-0.0951432136223936,0.284284879205727,0.738745693975168,0,0,0
272,"weighted_median",-0.263456064293418,0.115482722221519,0.0225279715713314,-0.263456064293418,0.115482722221519,0.0225279715713314,0,0,0
272,"simple_mode",5.04228833437568,7021.86914965609,0.999428817902639,5.04228833437568,7021.86914965609,0.999428817902639,0,0,0
272,"weighted_mode",5.04228833437568,7021.86914965609,0.999428817902639,5.04228833437568,7021.86914965609,0.999428817902639,0,0,0
273,"ivw",-0.196606295764817,0.160446397371294,0.220435624683678,-0.196606295764817,0.160446397371294,0.220435624683678,0,0,0
273,"egger",-0.475768314694425,0.228916799039118,0.0408832613629011,-0.475768314694425,0.228916799039118,0.0408832613629011,0,0,0
273,"weighted_median",-0.204353928097263,0.129420951364235,0.114339165872059,-0.204353928097263,0.129420951364235,0.114339165872059,0,0,0
273,"simple_mode",5.42518940511826,7221.41090851217,0.999402424908868,5.42518940511826,7221.41090851217,0.999402424908868,0,0,0
273,"weighted_mode",5.42518940511826,7221.41090851217,0.999402424908868,5.42518940511826,7221.41090851217,0.999402424908868,0,0,0
274,"ivw",0.210884678117337,0.238024912105874,0.375629738842758,0.210884678117337,0.238024912105874,0.375629738842758,0,0,0
274,"egger",0.232507502816759,0.372630920840775,0.534427823567112,0.232507502816759,0.372630920840775,0.534427823567112,0,0,0
274,"weighted_median",-0.026340360783895,0.170197050551605,0.877007445051783,-0.026340360783895,0.170197050551605,0.877007445051783,0,0,0
274,"simple_mode",-14.2153023144045,17045.7566319314,0.999336655021167,-14.2153023144045,17045.7566319314,0.999336655021167,0,0,0
274,"weighted_mode",-14.2153023144045,17045.7566319314,0.999336655021167,-14.2153023144045,17045.7566319314,0.999336655021167,0,0,0
275,"ivw",0.0644771204609322,0.157547229185861,0.682351933977566,0.0644771204609322,0.157547229185861,0.682351933977566,0,0,0
275,"egger",0.389765179534471,0.228169672070864,0.0914722299368302,0.389765179534471,0.228169672070864,0.0914722299368302,0,0,0
275,"weighted_median",0.0608630727805177,0.111505124520708,0.585181377316201,0.0608630727805177,0.111505124520708,0.585181377316201,0,0,0
275,"simple_mode",14.606470122558,6990.51266370583,0.998337982438299,14.606470122558,6990.51266370583,0.998337982438299,0,0,0
275,"weighted_mode",14.606470122558,6998.33266885457,0.998339839590194,14.606470122558,6998.33266885457,0.998339839590194,0,0,0
276,"ivw",0.0538197689555033,0.10173817170024,0.596803567116335,0.0538197689555033,0.10173817170024,0.596803567116335,0,0,0
276,"egger",0.0998757933559073,0.163840729990249,0.543860450136252,0.0998757933559073,0.163840729990249,0.543860450136252,0,0,0
276,"weighted_median",0.0239309238716637,0.106966549512388,0.822972509727728,0.0239309238716637,0.106966549512388,0.822972509727728,0,0,0
276,"simple_mode",-0.486999639028226,86.008535140878,0.99549614479926,-0.486999639028226,86.008535140878,0.99549614479926,0,0,0
276,"weighted_mode",-0.486999639028226,85.6897142088175,0.995479387739157,-0.486999639028226,85.6897142088175,0.995479387739157,0,0,0
277,"ivw",-0.00672872804946218,0.110816285570919,0.951582467921258,-0.00672872804946218,0.110816285570919,0.951582467921258,0,0,0
277,"egger",0.0510583715804694,0.176322463152225,0.772891452339326,0.0510583715804694,0.176322463152225,0.772891452339326,0,0,0
277,"weighted_median",-0.0151957823158644,0.113440228085591,0.893438879467869,-0.0151957823158644,0.113440228085591,0.893438879467869,0,0,0
277,"simple_mode",2.38337882607178,203.509463856151,0.990684673168492,2.38337882607178,203.509463856151,0.990684673168492,0,0,0
277,"weighted_mode",2.38337882607178,203.509463856151,0.990684673168492,2.38337882607178,203.509463856151,0.990684673168492,0,0,0
278,"ivw",-0.0486213957264574,0.105966017505593,0.646349418669856,-0.0486213957264574,0.105966017505593,0.646349418669856,0,0,0
278,"egger",0.0108391788565317,0.164720906890068,0.947698596479743,0.0108391788565317,0.164720906890068,0.947698596479743,0,0,0
278,"weighted_median",0.0682438620000662,0.119571544724717,0.568178176108867,0.0682438620000662,0.119571544724717,0.568178176108867,0,0,0
278,"simple_mode",-0.318797462689374,135.564205787627,0.998129450965118,-0.318797462689374,135.564205787627,0.998129450965118,0,0,0
278,"weighted_mode",-0.318797462689374,136.017511854674,0.99813568493926,-0.318797462689374,136.017511854674,0.99813568493926,0,0,0
279,"ivw",-0.103544082334374,0.125877744025687,0.410748829753311,-0.103544082334374,0.125877744025687,0.410748829753311,0,0,0
279,"egger",-0.110455431317854,0.189188379979879,0.560971670185521,-0.110455431317854,0.189188379979879,0.560971670185521,0,0,0
279,"weighted_median",-0.0499684493941045,0.126474677778132,0.692778983821213,-0.0499684493941045,0.126474677778132,0.692778983821213,0,0,0
279,"simple_mode",-1.32304565157334,173.544319370324,0.99393599083631,-1.32304565157334,173.544319370324,0.99393599083631,0,0,0
279,"weighted_mode",0.511159019766274,173.544319370324,0.997657148991413,0.511159019766274,173.544319370324,0.997657148991413,0,0,0
280,"ivw",0.0299511764172413,0.128181608344857,0.815247357737635,0.0299511764172413,0.128181608344857,0.815247357737635,0,0,0
280,"egger",-0.159473649556905,0.19846403294475,0.424044215027138,-0.159473649556905,0.19846403294475,0.424044215027138,0,0,0
280,"weighted_median",0.0542108898855632,0.128366718898429,0.672796822259936,0.0542108898855632,0.128366718898429,0.672796822259936,0,0,0
280,"simple_mode",0.386269294041411,5.85020116696554,0.947519288178537,0.386269294041411,5.85020116696554,0.947519288178537,0,0,0
280,"weighted_mode",0.137077371010297,5.84825848072914,0.981357736921533,0.137077371010297,5.84825848072914,0.981357736921533,0,0,0
281,"ivw",0.152114368949492,0.145412971661992,0.295521661461699,0.152114368949492,0.145412971661992,0.295521661461699,0,0,0
281,"egger",0.147078882711722,0.222242558586297,0.510004781993711,0.147078882711722,0.222242558586297,0.510004781993711,0,0,0
281,"weighted_median",-0.0569829623430387,0.110559240180777,0.606268919753788,-0.0569829623430387,0.110559240180777,0.606268919753788,0,0,0
281,"simple_mode",-0.0399363296000208,7.95886159464713,0.996008693943614,-0.0399363296000208,7.95886159464713,0.996008693943614,0,0,0
281,"weighted_mode",-0.0399363296000208,8.0205809226486,0.996039407262398,-0.0399363296000208,8.0205809226486,0.996039407262398,0,0,0
282,"ivw",-0.149107632645698,0.1253061597874,0.234067400401413,-0.149107632645698,0.1253061597874,0.234067400401413,0,0,0
282,"egger",0.000624607216422529,0.180238016009158,0.997243597432359,0.000624607216422529,0.180238016009158,0.997243597432359,0,0,0
282,"weighted_median",-0.116645273553986,0.0965681136005481,0.227083143662776,-0.116645273553986,0.0965681136005481,0.227083143662776,0,0,0
282,"simple_mode",-0.365386673961222,105.633024220426,0.997248612282219,-0.365386673961222,105.633024220426,0.997248612282219,0,0,0
282,"weighted_mode",-0.365386673961222,105.330981947815,0.997240722561512,-0.365386673961222,105.330981947815,0.997240722561512,0,0,0
283,"ivw",-0.231081855081279,0.140918094466698,0.101040317584488,-0.231081855081279,0.140918094466698,0.101040317584488,0,0,0
283,"egger",0.223522230137994,0.204568337804724,0.27782562196742,0.223522230137994,0.204568337804724,0.27782562196742,0,0,0
283,"weighted_median",-0.0632830591361596,0.116713944419798,0.587676259011074,-0.0632830591361596,0.116713944419798,0.587676259011074,0,0,0
283,"simple_mode",-0.471211141465954,75.7429691763854,0.995051539941669,-0.471211141465954,75.7429691763854,0.995051539941669,0,0,0
283,"weighted_mode",-0.471211141465954,75.9364196300532,0.995064146137659,-0.471211141465954,75.9364196300532,0.995064146137659,0,0,0
284,"ivw",-0.0152930205224168,0.167128423394273,0.92709164658963,-0.0152930205224168,0.167128423394273,0.92709164658963,0,0,0
284,"egger",-0.150275431267608,0.253175316470629,0.554479181682157,-0.150275431267608,0.253175316470629,0.554479181682157,0,0,0
284,"weighted_median",-0.0274492144352975,0.121128064753596,0.820724552408194,-0.0274492144352975,0.121128064753596,0.820724552408194,0,0,0
284,"simple_mode",0.08343094597693,38.8336481575159,0.998291093433378,0.08343094597693,38.8336481575159,0.998291093433378,0,0,0
284,"weighted_mode",0.08343094597693,39.2614702999001,0.99830971492011,0.08343094597693,39.2614702999001,0.99830971492011,0,0,0
285,"ivw",0.059221642044712,0.132749360870032,0.655513302535554,0.059221642044712,0.132749360870032,0.655513302535554,0,0,0
285,"egger",0.106125124872052,0.216048083377439,0.624622358356345,0.106125124872052,0.216048083377439,0.624622358356345,0,0,0
285,"weighted_median",0.122086476906256,0.103569454010158,0.23848242175549,0.122086476906256,0.103569454010158,0.23848242175549,0,0,0
285,"simple_mode",-0.0377213401363039,140.766758388791,0.999786849341269,-0.0377213401363039,140.766758388791,0.999786849341269,0,0,0
285,"weighted_mode",-0.0377213401363039,141.811477210112,0.999788419612618,-0.0377213401363039,141.811477210112,0.999788419612618,0,0,0
286,"ivw",0.0338515603840752,0.117616578666122,0.773490015668939,0.0338515603840752,0.117616578666122,0.773490015668939,0,0,0
286,"egger",0.227749342176747,0.168941712471648,0.181432879184287,0.227749342176747,0.168941712471648,0.181432879184287,0,0,0
286,"weighted_median",0.0925576019015504,0.102441695458804,0.366252664927696,0.0925576019015504,0.102441695458804,0.366252664927696,0,0,0
286,"simple_mode",-0.00686153137877354,63.2279496637127,0.999913679959687,-0.00686153137877354,63.2279496637127,0.999913679959687,0,0,0
286,"weighted_mode",-0.00686153137877354,63.2945727180915,0.999913770819053,-0.00686153137877354,63.2945727180915,0.999913770819053,0,0,0
287,"ivw",0.000183351960438325,0.137572269433364,0.9989366050606,0.000183351960438325,0.137572269433364,0.9989366050606,0,0,0
287,"egger",-0.478023928183558,0.190262919538074,0.0140005830261293,-0.478023928183558,0.190262919538074,0.0140005830261293,0,0,0
287,"weighted_median",-0.192611479478758,0.110552398791788,0.0814622360368923,-0.192611479478758,0.110552398791788,0.0814622360368923,0,0,0
287,"simple_mode",0.349226252588516,22.5935524329483,0.987705679335286,0.349226252588516,22.5935524329483,0.987705679335286,0,0,0
287,"weighted_mode",-0.542032548219583,22.5935524329483,0.980919122076542,-0.542032548219583,22.5935524329483,0.980919122076542,0,0,0
288,"ivw",0.270576964873657,0.119118853006434,0.0231174933571414,0.270576964873657,0.119118853006434,0.0231174933571414,0,0,0
288,"egger",0.3619910421774,0.179767957440326,0.0474077087048784,0.3619910421774,0.179767957440326,0.0474077087048784,0,0,0
288,"weighted_median",0.229985256776837,0.118534926967751,0.0523515028712557,0.229985256776837,0.118534926967751,0.0523515028712557,0,0,0
288,"simple_mode",0.230039818828003,34.6628832851292,0.994721205138906,0.230039818828003,34.6628832851292,0.994721205138906,0,0,0
288,"weighted_mode",0.230039818828003,34.7360329121607,0.994732321438671,0.230039818828003,34.7360329121607,0.994732321438671,0,0,0
289,"ivw",-0.1993217244744,0.140294677599855,0.155393469950411,-0.1993217244744,0.140294677599855,0.155393469950411,0,0,0
289,"egger",0.0164555900696769,0.201269365909612,0.935042537659327,0.0164555900696769,0.201269365909612,0.935042537659327,0,0,0
289,"weighted_median",0.00883487287742953,0.120237846642967,0.941425509426192,0.00883487287742953,0.120237846642967,0.941425509426192,0,0,0
289,"simple_mode",-1.10448984395888,230.762273864211,0.996192894438323,-1.10448984395888,230.762273864211,0.996192894438323,0,0,0
289,"weighted_mode",1.77664255913213,230.762273864211,0.99387606477066,1.77664255913213,230.762273864211,0.99387606477066,0,0,0
290,"ivw",-0.0495037080368017,0.15617686218713,0.75126477218774,-0.0495037080368017,0.15617686218713,0.75126477218774,0,0,0
290,"egger",0.140872836769366,0.230471447722796,0.54277519693523,0.140872836769366,0.230471447722796,0.54277519693523,0,0,0
290,"weighted_median",0.0957315369620706,0.116396095883463,0.410813168800467,0.0957315369620706,0.116396095883463,0.410813168800467,0,0,0
290,"simple_mode",-0.346204721859817,149.957640487306,0.998163615246482,-0.346204721859817,149.957640487306,0.998163615246482,0,0,0
290,"weighted_mode",-0.346204721859817,150.172198407258,0.998166238969048,-0.346204721859817,150.172198407258,0.998166238969048,0,0,0
291,"ivw",0.132769960165139,0.151225464537359,0.379965242173999,0.132769960165139,0.151225464537359,0.379965242173999,0,0,0
291,"egger",-0.297182299971658,0.23240141403764,0.204683760151584,-0.297182299971658,0.23240141403764,0.204683760151584,0,0,0
291,"weighted_median",0.0995525541543003,0.125541358530176,0.427785912624034,0.0995525541543003,0.125541358530176,0.427785912624034,0,0,0
291,"simple_mode",0.829289574763745,139.329631425409,0.995265656095044,0.829289574763745,139.329631425409,0.995265656095044,0,0,0
291,"weighted_mode",-0.357122413171532,137.493612341059,0.997933983567514,-0.357122413171532,137.493612341059,0.997933983567514,0,0,0
292,"ivw",-0.193244257884832,0.142185488572737,0.174114991168633,-0.193244257884832,0.142185488572737,0.174114991168633,0,0,0
292,"egger",0.00582918290375455,0.212971648576029,0.97823223121256,0.00582918290375455,0.212971648576029,0.97823223121256,0,0,0
292,"weighted_median",-0.0935030574713882,0.12691348651683,0.461276568932855,-0.0935030574713882,0.12691348651683,0.461276568932855,0,0,0
292,"simple_mode",0.101002487748893,123.817759793475,0.999351143349416,0.101002487748893,123.817759793475,0.999351143349416,0,0,0
292,"weighted_mode",0.101002487748893,123.996384491574,0.999352078068584,0.101002487748893,123.996384491574,0.999352078068584,0,0,0
293,"ivw",0.0863722414859382,0.14793708463231,0.559324989231729,0.0863722414859382,0.14793708463231,0.559324989231729,0,0,0
293,"egger",-0.00966381157734088,0.217077012025086,0.964602521887443,-0.00966381157734088,0.217077012025086,0.964602521887443,0,0,0
293,"weighted_median",0.112731892408572,0.102400799839057,0.270945062450786,0.112731892408572,0.102400799839057,0.270945062450786,0,0,0
293,"simple_mode",0.43586395740024,59.1236426379341,0.994136114622504,0.43586395740024,59.1236426379341,0.994136114622504,0,0,0
293,"weighted_mode",0.43586395740024,60.1803064942809,0.994239072640483,0.43586395740024,60.1803064942809,0.994239072640483,0,0,0
294,"ivw",-0.305972196598244,0.122901401605282,0.0127896107321566,-0.305972196598244,0.122901401605282,0.0127896107321566,0,0,0
294,"egger",0.0244161869812933,0.184687276782307,0.895155778105496,0.0244161869812933,0.184687276782307,0.895155778105496,0,0,0
294,"weighted_median",-0.0719933917060023,0.0987774398234661,0.46609679995606,-0.0719933917060023,0.0987774398234661,0.46609679995606,0,0,0
294,"simple_mode",-0.290413142033751,98.530625796783,0.99765553330131,-0.290413142033751,98.530625796783,0.99765553330131,0,0,0
294,"weighted_mode",-0.290413142033751,99.3451246176385,0.997674754776341,-0.290413142033751,99.3451246176385,0.997674754776341,0,0,0
295,"ivw",0.0448658612442691,0.158958992567984,0.777753338202654,0.0448658612442691,0.158958992567984,0.777753338202654,0,0,0
295,"egger",0.339047271898011,0.25665885889825,0.19026631278802,0.339047271898011,0.25665885889825,0.19026631278802,0,0,0
295,"weighted_median",0.188195848823414,0.119819117245972,0.116260182354691,0.188195848823414,0.119819117245972,0.116260182354691,0,0,0
295,"simple_mode",-0.202865612593144,208.095514184795,0.999224565125474,-0.202865612593144,208.095514184795,0.999224565125474,0,0,0
295,"weighted_mode",-0.202865612593144,208.484981498082,0.999226013701954,-0.202865612593144,208.484981498082,0.999226013701954,0,0,0
296,"ivw",-0.172799361227334,0.150907350494753,0.252180487109015,-0.172799361227334,0.150907350494753,0.252180487109015,0,0,0
296,"egger",0.165759859946267,0.245648439551754,0.50175794151506,0.165759859946267,0.245648439551754,0.50175794151506,0,0,0
296,"weighted_median",-0.25334692891859,0.140257285236282,0.0708712752530789,-0.25334692891859,0.140257285236282,0.0708712752530789,0,0,0
296,"simple_mode",0.0214963161378832,17.4796247201782,0.999021791334264,0.0214963161378832,17.4796247201782,0.999021791334264,0,0,0
296,"weighted_mode",-0.206225015265423,17.5258669943295,0.990640527604421,-0.206225015265423,17.5258669943295,0.990640527604421,0,0,0
297,"ivw",-0.104339282485342,0.159589380652306,0.513241694394014,-0.104339282485342,0.159589380652306,0.513241694394014,0,0,0
297,"egger",-0.162837074049774,0.236094112086103,0.492370844673438,-0.162837074049774,0.236094112086103,0.492370844673438,0,0,0
297,"weighted_median",0.187290599402458,0.111650086036701,0.0934489843006254,0.187290599402458,0.111650086036701,0.0934489843006254,0,0,0
297,"simple_mode",-1.05620421566427,307.948455656945,0.997271847239676,-1.05620421566427,307.948455656945,0.997271847239676,0,0,0
297,"weighted_mode",-1.05620421566427,307.920053290732,0.997271595597454,-1.05620421566427,307.920053290732,0.997271595597454,0,0,0
298,"ivw",0.135984988779225,0.154097386264279,0.377527367388965,0.135984988779225,0.154097386264279,0.377527367388965,0,0,0
298,"egger",0.383315169466618,0.242772466683071,0.118303516267761,0.383315169466618,0.242772466683071,0.118303516267761,0,0,0
298,"weighted_median",0.115224401537749,0.106264403690013,0.278223844348403,0.115224401537749,0.106264403690013,0.278223844348403,0,0,0
298,"simple_mode",-1.50111660638417,388.856639754669,0.996929398208462,-1.50111660638417,388.856639754669,0.996929398208462,0,0,0
298,"weighted_mode",-1.50111660638417,386.165921760795,0.99690800304891,-1.50111660638417,386.165921760795,0.99690800304891,0,0,0
299,"ivw",0.0566866506417001,0.168993104322771,0.737294966964886,0.0566866506417001,0.168993104322771,0.737294966964886,0,0,0
299,"egger",-0.33370160611402,0.245142809389654,0.177255414530273,-0.33370160611402,0.245142809389654,0.177255414530273,0,0,0
299,"weighted_median",-0.20353053672157,0.109566480379795,0.0632260424744861,-0.20353053672157,0.109566480379795,0.0632260424744861,0,0,0
299,"simple_mode",0.0382210541885637,61.5323762604767,0.99950591846169,0.0382210541885637,61.5323762604767,0.99950591846169,0,0,0
299,"weighted_mode",0.0382210541885637,61.3428802746004,0.999504392180962,0.0382210541885637,61.3428802746004,0.999504392180962,0,0,0
300,"ivw",-0.137155899669079,0.141725095853454,0.333164171275749,-0.137155899669079,0.141725095853454,0.333164171275749,0,0,0
300,"egger",0.00637381403484944,0.210084705278451,0.975872049974209,0.00637381403484944,0.210084705278451,0.975872049974209,0,0,0
300,"weighted_median",-0.0575862997714292,0.0844857365586635,0.495485763133723,-0.0575862997714292,0.0844857365586635,0.495485763133723,0,0,0
300,"simple_mode",-0.753297343630058,102.155339748767,0.994134553748555,-0.753297343630058,102.155339748767,0.994134553748555,0,0,0
300,"weighted_mode",-0.753297343630058,102.067958360083,0.994129532374263,-0.753297343630058,102.067958360083,0.994129532374263,0,0,0
301,"ivw",0.0553997204405688,0.111648386679432,0.619754631791054,0.0553997204405688,0.111648386679432,0.619754631791054,0,0,0
301,"egger",0.079309902682227,0.1662975399299,0.634722381481574,0.079309902682227,0.1662975399299,0.634722381481574,0,0,0
301,"weighted_median",-0.0540128135337947,0.11877688501326,0.649295010909956,-0.0540128135337947,0.11877688501326,0.649295010909956,0,0,0
301,"simple_mode",-0.0523103158737444,114.569024176826,0.999636821781784,-0.0523103158737444,114.569024176826,0.999636821781784,0,0,0
301,"weighted_mode",-0.0523103158737444,114.085085848165,0.999635281213653,-0.0523103158737444,114.085085848165,0.999635281213653,0,0,0
302,"ivw",-0.10257540022349,0.101200290212511,0.310779383837614,-0.10257540022349,0.101200290212511,0.310779383837614,0,0,0
302,"egger",0.135886106511027,0.143079133840507,0.345111366908252,0.135886106511027,0.143079133840507,0.345111366908252,0,0,0
302,"weighted_median",-0.00968124905589325,0.108705917594178,0.929034957225011,-0.00968124905589325,0.108705917594178,0.929034957225011,0,0,0
302,"simple_mode",0.305718806391957,108.061309929301,0.9977496450686,0.305718806391957,108.061309929301,0.9977496450686,0,0,0
302,"weighted_mode",0.305718806391957,107.697417406001,0.997742041496192,0.305718806391957,107.697417406001,0.997742041496192,0,0,0
303,"ivw",-0.0968627613482377,0.106786220111025,0.364368866871419,-0.0968627613482377,0.106786220111025,0.364368866871419,0,0,0
303,"egger",-0.135740766176297,0.154636404050407,0.382677671147435,-0.135740766176297,0.154636404050407,0.382677671147435,0,0,0
303,"weighted_median",-0.244431599111664,0.121980689951915,0.0450856095397059,-0.244431599111664,0.121980689951915,0.0450856095397059,0,0,0
303,"simple_mode",0.00840907923493628,12.3611959764513,0.999458887459058,0.00840907923493628,12.3611959764513,0.999458887459058,0,0,0
303,"weighted_mode",0.00840907923493628,12.2747184144165,0.999455075226112,0.00840907923493628,12.2747184144165,0.999455075226112,0,0,0
304,"ivw",-0.191514398955103,0.161476257106274,0.235613597975999,-0.191514398955103,0.161476257106274,0.235613597975999,0,0,0
304,"egger",0.213334546980661,0.233717437097599,0.364096511345025,0.213334546980661,0.233717437097599,0.364096511345025,0,0,0
304,"weighted_median",-0.0232543674478607,0.13448056719438,0.862714382231525,-0.0232543674478607,0.13448056719438,0.862714382231525,0,0,0
304,"simple_mode",-0.1897665846633,32.2859247361182,0.995324762686763,-0.1897665846633,32.2859247361182,0.995324762686763,0,0,0
304,"weighted_mode",-0.1897665846633,32.137071123965,0.995303108012956,-0.1897665846633,32.137071123965,0.995303108012956,0,0,0
305,"ivw",0.142744934233619,0.137965649310939,0.300836541953306,0.142744934233619,0.137965649310939,0.300836541953306,0,0,0
305,"egger",0.105208892169622,0.1992212490462,0.598891276161262,0.105208892169622,0.1992212490462,0.598891276161262,0,0,0
305,"weighted_median",0.186082685468503,0.115355486125239,0.106717604045658,0.186082685468503,0.115355486125239,0.106717604045658,0,0,0
305,"simple_mode",-0.00846932983727555,14.3933233705494,0.999531954990273,-0.00846932983727555,14.3933233705494,0.999531954990273,0,0,0
305,"weighted_mode",-0.00846932983727555,14.4363835851833,0.99953335105433,-0.00846932983727555,14.4363835851833,0.99953335105433,0,0,0
306,"ivw",-0.27541343369625,0.133739771077575,0.0394632728737359,-0.27541343369625,0.133739771077575,0.0394632728737359,0,0,0
306,"egger",-0.17235057744189,0.198844007711516,0.388664303939632,-0.17235057744189,0.198844007711516,0.388664303939632,0,0,0
306,"weighted_median",-0.0441133067544128,0.113739403595434,0.698130431031458,-0.0441133067544128,0.113739403595434,0.698130431031458,0,0,0
306,"simple_mode",-0.0204916652002041,34.3758158930759,0.99952584111682,-0.0204916652002041,34.3758158930759,0.99952584111682,0,0,0
306,"weighted_mode",-0.0204916652002041,34.358640730244,0.999525604094782,-0.0204916652002041,34.358640730244,0.999525604094782,0,0,0
307,"ivw",-0.316796224833652,0.112860117555572,0.0050008164790152,-0.316796224833652,0.112860117555572,0.0050008164790152,0,0,0
307,"egger",-0.065562930711943,0.168392677771567,0.698055079058527,-0.065562930711943,0.168392677771567,0.698055079058527,0,0,0
307,"weighted_median",-0.151159173643205,0.135480836992561,0.264540444965299,-0.151159173643205,0.135480836992561,0.264540444965299,0,0,0
307,"simple_mode",-0.0320105360709784,15.2413452513375,0.998329413361768,-0.0320105360709784,15.2413452513375,0.998329413361768,0,0,0
307,"weighted_mode",-0.0320105360709784,15.3306777599163,0.998339147926496,-0.0320105360709784,15.3306777599163,0.998339147926496,0,0,0
308,"ivw",-0.00328225546911499,0.147810013873966,0.982283705393379,-0.00328225546911499,0.147810013873966,0.982283705393379,0,0,0
308,"egger",0.271102262641953,0.207863270667773,0.195893954774325,0.271102262641953,0.207863270667773,0.195893954774325,0,0,0
308,"weighted_median",0.129370941864836,0.117154225384006,0.269472162747229,0.129370941864836,0.117154225384006,0.269472162747229,0,0,0
308,"simple_mode",0.0903744406161806,92.6547971704671,0.999224150788212,0.0903744406161806,92.6547971704671,0.999224150788212,0,0,0
308,"weighted_mode",0.0903744406161806,92.7316178537082,0.999224793516645,0.0903744406161806,92.7316178537082,0.999224793516645,0,0,0
309,"ivw",0.0457182463143634,0.151575830756392,0.762942040322334,0.0457182463143634,0.151575830756392,0.762942040322334,0,0,0
309,"egger",-0.023355534884689,0.221684408149926,0.916357929205387,-0.023355534884689,0.221684408149926,0.916357929205387,0,0,0
309,"weighted_median",-0.0777585850170455,0.102517118887511,0.448155505304051,-0.0777585850170455,0.102517118887511,0.448155505304051,0,0,0
309,"simple_mode",-0.597395922037704,56.214958227067,0.99154717716347,-0.597395922037704,56.214958227067,0.99154717716347,0,0,0
309,"weighted_mode",-0.597395922037704,56.4312258697273,0.991579570626052,-0.597395922037704,56.4312258697273,0.991579570626052,0,0,0
310,"ivw",-0.0588366626501063,0.145361009528918,0.68565221212965,-0.0588366626501063,0.145361009528918,0.68565221212965,0,0,0
310,"egger",0.285137732407146,0.212300124051099,0.18304149112076,0.285137732407146,0.212300124051099,0.18304149112076,0,0,0
310,"weighted_median",0.200889326287994,0.12092685575751,0.0966639327662933,0.200889326287994,0.12092685575751,0.0966639327662933,0,0,0
310,"simple_mode",0.216414882666356,16.5187036395112,0.989579267077459,0.216414882666356,16.5187036395112,0.989579267077459,0,0,0
310,"weighted_mode",0.216414882666356,16.5453749505537,0.989596064433286,0.216414882666356,16.5453749505537,0.989596064433286,0,0,0
311,"ivw",0.134353638349398,0.133355799844575,0.31370294981065,0.134353638349398,0.133355799844575,0.31370294981065,0,0,0
311,"egger",0.0838313936179656,0.208578131208021,0.688815828180261,0.0838313936179656,0.208578131208021,0.688815828180261,0,0,0
311,"weighted_median",0.106315563603676,0.106241239839635,0.316972072723831,0.106315563603676,0.106241239839635,0.316972072723831,0,0,0
311,"simple_mode",-0.0188896316746359,9.9842712633055,0.998495103832862,-0.0188896316746359,9.9842712633055,0.998495103832862,0,0,0
311,"weighted_mode",-0.0188896316746359,9.99540664444646,0.99849678036017,-0.0188896316746359,9.99540664444646,0.99849678036017,0,0,0
312,"ivw",-0.00654563307074838,0.139335629591716,0.962531197124224,-0.00654563307074838,0.139335629591716,0.962531197124224,0,0,0
312,"egger",0.176237558242776,0.211521849810932,0.407219127985743,0.176237558242776,0.211521849810932,0.407219127985743,0,0,0
312,"weighted_median",-0.0650817499044506,0.108114523451525,0.547193797815748,-0.0650817499044506,0.108114523451525,0.547193797815748,0,0,0
312,"simple_mode",-0.828087041751083,75.125467594346,0.991232423215932,-0.828087041751083,75.125467594346,0.991232423215932,0,0,0
312,"weighted_mode",-0.828087041751083,74.8858073405984,0.991204365120708,-0.828087041751083,74.8858073405984,0.991204365120708,0,0,0
313,"ivw",-0.12681488929399,0.122396997482683,0.300157930631866,-0.12681488929399,0.122396997482683,0.300157930631866,0,0,0
313,"egger",-0.329287888853155,0.172970250261108,0.0605419344081198,-0.329287888853155,0.172970250261108,0.0605419344081198,0,0,0
313,"weighted_median",-0.0558247128460529,0.122834425844265,0.649489693172436,-0.0558247128460529,0.122834425844265,0.649489693172436,0,0,0
313,"simple_mode",-0.222886087972263,153.632961813169,0.998846020524126,-0.222886087972263,153.632961813169,0.998846020524126,0,0,0
313,"weighted_mode",-0.222886087972263,153.53364497288,0.998845274045959,-0.222886087972263,153.53364497288,0.998845274045959,0,0,0
314,"ivw",-0.194106469005318,0.145102832664159,0.180988835237457,-0.194106469005318,0.145102832664159,0.180988835237457,0,0,0
314,"egger",0.0890202925151521,0.214464896926694,0.679193748576956,0.0890202925151521,0.214464896926694,0.679193748576956,0,0,0
314,"weighted_median",-0.141270705836159,0.115411309766058,0.22092848936082,-0.141270705836159,0.115411309766058,0.22092848936082,0,0,0
314,"simple_mode",-0.0709617485483209,52.0989614717396,0.998916585143714,-0.0709617485483209,52.0989614717396,0.998916585143714,0,0,0
314,"weighted_mode",-0.0709617485483209,52.0989614717396,0.998916585143714,-0.0709617485483209,52.0989614717396,0.998916585143714,0,0,0
315,"ivw",0.0364350695504106,0.147727069179997,0.80518859919089,0.0364350695504106,0.147727069179997,0.80518859919089,0,0,0
315,"egger",0.0779360906852154,0.215950108338746,0.719126521447246,0.0779360906852154,0.215950108338746,0.719126521447246,0,0,0
315,"weighted_median",0.201241451940204,0.10405509052558,0.05311441950621,0.201241451940204,0.10405509052558,0.05311441950621,0,0,0
315,"simple_mode",-0.328866827956857,37.9408195979121,0.993105424429385,-0.328866827956857,37.9408195979121,0.993105424429385,0,0,0
315,"weighted_mode",0.616224537212958,37.8865786968229,0.987062990578653,0.616224537212958,37.8865786968229,0.987062990578653,0,0,0
316,"ivw",-0.171984061256482,0.146005004396414,0.238823458720337,-0.171984061256482,0.146005004396414,0.238823458720337,0,0,0
316,"egger",-0.211709426670879,0.215607501566706,0.32909929571267,-0.211709426670879,0.215607501566706,0.32909929571267,0,0,0
316,"weighted_median",-0.0913480043775683,0.140298877120905,0.51498467175444,-0.0913480043775683,0.140298877120905,0.51498467175444,0,0,0
316,"simple_mode",-0.513338482349335,28.5155486604592,0.985681483499951,-0.513338482349335,28.5155486604592,0.985681483499951,0,0,0
316,"weighted_mode",-0.00251961222938946,28.6119325270982,0.999929953539446,-0.00251961222938946,28.6119325270982,0.999929953539446,0,0,0
317,"ivw",-0.226282954597701,0.145391341731658,0.119619755354808,-0.226282954597701,0.145391341731658,0.119619755354808,0,0,0
317,"egger",-0.198849303885782,0.208360085259867,0.34277929779562,-0.198849303885782,0.208360085259867,0.34277929779562,0,0,0
317,"weighted_median",-0.255296770007082,0.113333447707325,0.0242833533805331,-0.255296770007082,0.113333447707325,0.0242833533805331,0,0,0
317,"simple_mode",0.24546693919044,14.0112534606944,0.986065441647683,0.24546693919044,14.0112534606944,0.986065441647683,0,0,0
317,"weighted_mode",-0.555555376204546,13.9014573848063,0.968220307833808,-0.555555376204546,13.9014573848063,0.968220307833808,0,0,0
318,"ivw",-0.122165074917168,0.158814770735684,0.441756825762559,-0.122165074917168,0.158814770735684,0.441756825762559,0,0,0
318,"egger",-0.044673013397749,0.240748281716302,0.85326026664065,-0.044673013397749,0.240748281716302,0.85326026664065,0,0,0
318,"weighted_median",0.0770375903755488,0.108574078598672,0.47798978875326,0.0770375903755488,0.108574078598672,0.47798978875326,0,0,0
318,"simple_mode",0.239265693421846,49.1554564541336,0.996128255912726,0.239265693421846,49.1554564541336,0.996128255912726,0,0,0
318,"weighted_mode",0.239265693421846,48.8081076840756,0.996100702402802,0.239265693421846,48.8081076840756,0.996100702402802,0,0,0
319,"ivw",0.0358125843570092,0.133927495144427,0.789159060157459,0.0358125843570092,0.133927495144427,0.789159060157459,0,0,0
319,"egger",0.337691363977632,0.19710674544411,0.0905411866756614,0.337691363977632,0.19710674544411,0.0905411866756614,0,0,0
319,"weighted_median",0.105695144556505,0.106635933867821,0.321598886752931,0.105695144556505,0.106635933867821,0.321598886752931,0,0,0
319,"simple_mode",0.826463920264274,64.3510345324586,0.989784586283312,0.826463920264274,64.3510345324586,0.989784586283312,0,0,0
319,"weighted_mode",0.826463920264274,64.3510345324586,0.989784586283312,0.826463920264274,64.3510345324586,0.989784586283312,0,0,0
320,"ivw",-0.193050115370885,0.158861631387447,0.22428631390753,-0.193050115370885,0.158861631387447,0.22428631390753,0,0,0
320,"egger",-0.308217919078122,0.226928067095554,0.178212420442657,-0.308217919078122,0.226928067095554,0.178212420442657,0,0,0
320,"weighted_median",-0.401829349021006,0.161528316587368,0.0128582531958165,-0.401829349021006,0.161528316587368,0.0128582531958165,0,0,0
320,"simple_mode",-0.214156131198909,17.3343529519796,0.990173216821847,-0.214156131198909,17.3343529519796,0.990173216821847,0,0,0
320,"weighted_mode",-0.214156131198909,17.1806541683036,0.990085310635631,-0.214156131198909,17.1806541683036,0.990085310635631,0,0,0
321,"ivw",-0.324345285127669,0.12297099311479,0.00835010225805786,-0.324345285127669,0.12297099311479,0.00835010225805786,0,0,0
321,"egger",-0.219010966556626,0.184448745618735,0.238590967758811,-0.219010966556626,0.184448745618735,0.238590967758811,0,0,0
321,"weighted_median",-0.141580717038709,0.126320022526202,0.2623688390076,-0.141580717038709,0.126320022526202,0.2623688390076,0,0,0
321,"simple_mode",-0.676139329414443,57.4128527700875,0.990632653410546,-0.676139329414443,57.4128527700875,0.990632653410546,0,0,0
321,"weighted_mode",-0.676139329414443,57.6995849385817,0.990679201316147,-0.676139329414443,57.6995849385817,0.990679201316147,0,0,0
322,"ivw",-0.0634592806891072,0.180794349164643,0.725586422452954,-0.0634592806891072,0.180794349164643,0.725586422452954,0,0,0
322,"egger",-0.297377644921088,0.286653266890241,0.302669241067045,-0.297377644921088,0.286653266890241,0.302669241067045,0,0,0
322,"weighted_median",-0.186918791622661,0.140186560055307,0.182414534949492,-0.186918791622661,0.140186560055307,0.182414534949492,0,0,0
322,"simple_mode",-0.239793372157025,58.0360378771697,0.996713468121739,-0.239793372157025,58.0360378771697,0.996713468121739,0,0,0
322,"weighted_mode",-0.239793372157025,57.8600414442699,0.996703471334227,-0.239793372157025,57.8600414442699,0.996703471334227,0,0,0
323,"ivw",-0.0986775417489441,0.163129664522225,0.545243782542339,-0.0986775417489441,0.163129664522225,0.545243782542339,0,0,0
323,"egger",-0.444879821480858,0.249746770599513,0.078655028991162,-0.444879821480858,0.249746770599513,0.078655028991162,0,0,0
323,"weighted_median",-0.349889232824649,0.129295416651294,0.00680739348348113,-0.349889232824649,0.129295416651294,0.00680739348348113,0,0,0
323,"simple_mode",0.761782727667651,42.4792195028858,0.985736348849618,0.761782727667651,42.4792195028858,0.985736348849618,0,0,0
323,"weighted_mode",-0.74351833157859,42.3371986223549,0.986031600618096,-0.74351833157859,42.3371986223549,0.986031600618096,0,0,0
324,"ivw",-0.456017365752919,0.177145527107863,0.010045684907586,-0.456017365752919,0.177145527107863,0.010045684907586,0,0,0
324,"egger",-0.157600136977342,0.245855860396068,0.523337584186605,-0.157600136977342,0.245855860396068,0.523337584186605,0,0,0
324,"weighted_median",-0.159845877923889,0.13535729101528,0.23763525142924,-0.159845877923889,0.13535729101528,0.23763525142924,0,0,0
324,"simple_mode",0.117704875049671,56.8046549018606,0.998351800072462,0.117704875049671,56.8046549018606,0.998351800072462,0,0,0
324,"weighted_mode",0.117704875049671,57.2502840800382,0.998364629439848,0.117704875049671,57.2502840800382,0.998364629439848,0,0,0
325,"ivw",0.28541785800039,0.145582687336613,0.0499349722418269,0.28541785800039,0.145582687336613,0.0499349722418269,0,0,0
325,"egger",0.278152204016482,0.21707565895816,0.203768723145512,0.278152204016482,0.21707565895816,0.203768723145512,0,0,0
325,"weighted_median",0.145109951722433,0.124606952856057,0.244204687691448,0.145109951722433,0.124606952856057,0.244204687691448,0,0,0
325,"simple_mode",0.0390917197009957,76.5585637215947,0.99959384606971,0.0390917197009957,76.5585637215947,0.99959384606971,0,0,0
325,"weighted_mode",0.0390917197009957,76.5585637215947,0.99959384606971,0.0390917197009957,76.5585637215947,0.99959384606971,0,0,0
326,"ivw",0.0188115785682623,0.0867372358125049,0.828301802655313,0.0188115785682623,0.0867372358125049,0.828301802655313,0,0,0
326,"egger",-0.0896851335867402,0.130769845624455,0.494806678597051,-0.0896851335867402,0.130769845624455,0.494806678597051,0,0,0
326,"weighted_median",-0.000266664535839289,0.0775440083988114,0.997256176188298,-0.000266664535839289,0.0775440083988114,0.997256176188298,0,0,0
326,"simple_mode",0.0398246217361653,1.06342208141134,0.970218750902063,0.0398246217361653,1.06342208141134,0.970218750902063,0,0,0
326,"weighted_mode",-0.0843647764222139,1.05654278659681,0.936553633533273,-0.0843647764222139,1.05654278659681,0.936553633533273,0,0,0
327,"ivw",-0.11616453966561,0.0952009839140515,0.222387876196283,-0.11616453966561,0.0952009839140515,0.222387876196283,0,0,0
327,"egger",-0.181487439591756,0.146858061122473,0.220148797943797,-0.181487439591756,0.146858061122473,0.220148797943797,0,0,0
327,"weighted_median",-0.1032112426209,0.090561684783505,0.254420094777276,-0.1032112426209,0.090561684783505,0.254420094777276,0,0,0
327,"simple_mode",-0.0811628692194673,3.276077287351,0.980295838409647,-0.0811628692194673,3.276077287351,0.980295838409647,0,0,0
327,"weighted_mode",-0.0811628692194673,3.276077287351,0.980295838409647,-0.0811628692194673,3.276077287351,0.980295838409647,0,0,0
328,"ivw",-0.0481842066601434,0.0764792070231832,0.528674854985717,-0.0481842066601434,0.0764792070231832,0.528674854985717,0,0,0
328,"egger",0.0793487278572598,0.111701188511578,0.479542926786522,0.0793487278572598,0.111701188511578,0.479542926786522,0,0,0
328,"weighted_median",-0.121433292430249,0.0732306767675402,0.0972710867223422,-0.121433292430249,0.0732306767675402,0.0972710867223422,0,0,0
328,"simple_mode",-0.0893250966694982,9.56507760865329,0.992571890677774,-0.0893250966694982,9.56507760865329,0.992571890677774,0,0,0
328,"weighted_mode",-0.0893250966694982,9.64484792613725,0.992633325074813,-0.0893250966694982,9.64484792613725,0.992633325074813,0,0,0
329,"ivw",-0.154799920235927,0.111644619954458,0.165581558771353,-0.154799920235927,0.111644619954458,0.165581558771353,0,0,0
329,"egger",0.00941461239360404,0.167756577072422,0.955385601051618,0.00941461239360404,0.167756577072422,0.955385601051618,0,0,0
329,"weighted_median",0.0899648524279135,0.103889227822562,0.386507153121266,0.0899648524279135,0.103889227822562,0.386507153121266,0,0,0
329,"simple_mode",-0.405622374230461,11.544884322844,0.972059025324123,-0.405622374230461,11.544884322844,0.972059025324123,0,0,0
329,"weighted_mode",0.258352742118994,11.4713929004797,0.982087366687568,0.258352742118994,11.4713929004797,0.982087366687568,0,0,0
330,"ivw",0.0870823751628836,0.0802109656871364,0.277626474352385,0.0870823751628836,0.0802109656871364,0.277626474352385,0,0,0
330,"egger",0.042927050771041,0.115037242573419,0.710017908226932,0.042927050771041,0.115037242573419,0.710017908226932,0,0,0
330,"weighted_median",0.110351459960121,0.0588544362097862,0.060794144591377,0.110351459960121,0.0588544362097862,0.060794144591377,0,0,0
330,"simple_mode",-0.00304379764884599,3.96374543813059,0.999389185048325,-0.00304379764884599,3.96374543813059,0.999389185048325,0,0,0
330,"weighted_mode",-0.00304379764884599,4.06814714975319,0.999404860517251,-0.00304379764884599,4.06814714975319,0.999404860517251,0,0,0
331,"ivw",0.0245784962695237,0.118796013104112,0.836090578581484,0.0245784962695237,0.118796013104112,0.836090578581484,0,0,0
331,"egger",0.122593639254816,0.188166482953099,0.51658017503552,0.122593639254816,0.188166482953099,0.51658017503552,0,0,0
331,"weighted_median",-0.000782139206629384,0.099616093564727,0.993735446118528,-0.000782139206629384,0.099616093564727,0.993735446118528,0,0,0
331,"simple_mode",0.0592846333019923,2.5135765971568,0.981241032403307,0.0592846333019923,2.5135765971568,0.981241032403307,0,0,0
331,"weighted_mode",-0.115222751593672,2.52085426953649,0.963655632353063,-0.115222751593672,2.52085426953649,0.963655632353063,0,0,0
332,"ivw",0.133990070524641,0.0995964731841798,0.178518860572709,0.133990070524641,0.0995964731841798,0.178518860572709,0,0,0
332,"egger",-0.0708901806315376,0.153784112968765,0.646069424687801,-0.0708901806315376,0.153784112968765,0.646069424687801,0,0,0
332,"weighted_median",-0.0518545810017072,0.0784343598037376,0.508534893744062,-0.0518545810017072,0.0784343598037376,0.508534893744062,0,0,0
332,"simple_mode",0.0758958794284936,17.1845176253794,0.996486992290077,0.0758958794284936,17.1845176253794,0.996486992290077,0,0,0
332,"weighted_mode",0.0758958794284936,17.2220551412301,0.996494649257631,0.0758958794284936,17.2220551412301,0.996494649257631,0,0,0
333,"ivw",0.171205097109502,0.104087616729578,0.100007524353276,0.171205097109502,0.104087616729578,0.100007524353276,0,0,0
333,"egger",0.17810341135889,0.159513171347158,0.267531852467572,0.17810341135889,0.159513171347158,0.267531852467572,0,0,0
333,"weighted_median",-0.13242216944369,0.0881093485160454,0.132857136075438,-0.13242216944369,0.0881093485160454,0.132857136075438,0,0,0
333,"simple_mode",-0.214803438480258,7.52485358805689,0.977297005255423,-0.214803438480258,7.52485358805689,0.977297005255423,0,0,0
333,"weighted_mode",-0.214803438480258,7.57180074213671,0.977437731444857,-0.214803438480258,7.57180074213671,0.977437731444857,0,0,0
334,"ivw",0.238972641973734,0.128560568010508,0.0630507960574647,0.238972641973734,0.128560568010508,0.0630507960574647,0,0,0
334,"egger",0.128365256126192,0.199776896391626,0.522357878601793,0.128365256126192,0.199776896391626,0.522357878601793,0,0,0
334,"weighted_median",0.143846642292893,0.0933758071791452,0.123435363114523,0.143846642292893,0.0933758071791452,0.123435363114523,0,0,0
334,"simple_mode",-0.0633721221745096,9.91354911115341,0.994915294846915,-0.0633721221745096,9.91354911115341,0.994915294846915,0,0,0
334,"weighted_mode",-0.0633721221745096,9.98970963633955,0.994954059590827,-0.0633721221745096,9.98970963633955,0.994954059590827,0,0,0
335,"ivw",0.239251551464616,0.115264121231918,0.0379234603005952,0.239251551464616,0.115264121231918,0.0379234603005952,0,0,0
335,"egger",0.169328172450812,0.187257217418338,0.368575524451628,0.169328172450812,0.187257217418338,0.368575524451628,0,0,0
335,"weighted_median",0.0670760558322015,0.101308518230643,0.507909122630879,0.0670760558322015,0.101308518230643,0.507909122630879,0,0,0
335,"simple_mode",-0.21102802899793,0.707883381938474,0.766381574391736,-0.21102802899793,0.707883381938474,0.766381574391736,0,0,0
335,"weighted_mode",0.00126761782453855,0.711778212418793,0.998583413510895,0.00126761782453855,0.711778212418793,0.998583413510895,0,0,0
336,"ivw",0.0431247881499471,0.0993987561325387,0.664392710445668,0.0431247881499471,0.0993987561325387,0.664392710445668,0,0,0
336,"egger",0.215009538302261,0.155142098761393,0.169632356561553,0.215009538302261,0.155142098761393,0.169632356561553,0,0,0
336,"weighted_median",0.155787584421904,0.0804297413552996,0.0527526763162952,0.155787584421904,0.0804297413552996,0.0527526763162952,0,0,0
336,"simple_mode",-0.0179216914427791,3.0656492377231,0.995349991900612,-0.0179216914427791,3.0656492377231,0.995349991900612,0,0,0
336,"weighted_mode",-0.0179216914427791,3.16590021846351,0.9954972368284,-0.0179216914427791,3.16590021846351,0.9954972368284,0,0,0
337,"ivw",-0.0101513430020997,0.118665137976995,0.931827225545433,-0.0101513430020997,0.118665137976995,0.931827225545433,0,0,0
337,"egger",0.0706614505546978,0.182187755007933,0.699157406457077,0.0706614505546978,0.182187755007933,0.699157406457077,0,0,0
337,"weighted_median",-0.0386221747700401,0.0785370449965643,0.62288183728853,-0.0386221747700401,0.0785370449965643,0.62288183728853,0,0,0
337,"simple_mode",0.0177505155661681,7.86162675356356,0.998204035046241,0.0177505155661681,7.86162675356356,0.998204035046241,0,0,0
337,"weighted_mode",0.0177505155661681,7.71227165338992,0.998169254625803,0.0177505155661681,7.71227165338992,0.998169254625803,0,0,0
338,"ivw",0.125283118367301,0.112962832929688,0.267402165006879,0.125283118367301,0.112962832929688,0.267402165006879,0,0,0
338,"egger",0.136518355625684,0.181795633062671,0.454889563346811,0.136518355625684,0.181795633062671,0.454889563346811,0,0,0
338,"weighted_median",-0.054590590007177,0.0953939590823402,0.567142698851257,-0.054590590007177,0.0953939590823402,0.567142698851257,0,0,0
338,"simple_mode",-0.411762935489383,16.4142706212943,0.980048330934336,-0.411762935489383,16.4142706212943,0.980048330934336,0,0,0
338,"weighted_mode",-0.411762935489383,16.4398082804835,0.980079317365552,-0.411762935489383,16.4398082804835,0.980079317365552,0,0,0
339,"ivw",-0.295747482057215,0.117583438992234,0.0118960237134728,-0.295747482057215,0.117583438992234,0.0118960237134728,0,0,0
339,"egger",-0.476983031791001,0.191398115622281,0.0147653907393453,-0.476983031791001,0.191398115622281,0.0147653907393453,0,0,0
339,"weighted_median",-0.046129821667611,0.100211881368544,0.645284481967732,-0.046129821667611,0.100211881368544,0.645284481967732,0,0,0
339,"simple_mode",-0.146747990082809,2.62865937860451,0.955617760807391,-0.146747990082809,2.62865937860451,0.955617760807391,0,0,0
339,"weighted_mode",0.0287039932760028,2.632106892135,0.991325793370025,0.0287039932760028,2.632106892135,0.991325793370025,0,0,0
340,"ivw",0.017006578503686,0.122101082637552,0.88922669504377,0.017006578503686,0.122101082637552,0.88922669504377,0,0,0
340,"egger",0.110091477175547,0.202088168403903,0.587427474169939,0.110091477175547,0.202088168403903,0.587427474169939,0,0,0
340,"weighted_median",0.0414758871773433,0.0901462629360441,0.645447695787593,0.0414758871773433,0.0901462629360441,0.645447695787593,0,0,0
340,"simple_mode",0.0743545115919653,14.9115607667629,0.996033731771158,0.0743545115919653,14.9115607667629,0.996033731771158,0,0,0
340,"weighted_mode",0.0743545115919653,14.7110556063179,0.995979673757958,0.0743545115919653,14.7110556063179,0.995979673757958,0,0,0
341,"ivw",-0.0451092024529315,0.119086610761887,0.704841411895829,-0.0451092024529315,0.119086610761887,0.704841411895829,0,0,0
341,"egger",-0.063186605893852,0.184487211064908,0.732873962193242,-0.063186605893852,0.184487211064908,0.732873962193242,0,0,0
341,"weighted_median",-0.390932824354529,0.0963814290421979,4.98986588063232e-05,-0.390932824354529,0.0963814290421979,4.98986588063232e-05,0,0,0
341,"simple_mode",0.1015468685684,14.4799466681381,0.994421779853532,0.1015468685684,14.4799466681381,0.994421779853532,0,0,0
341,"weighted_mode",0.1015468685684,14.4071112964,0.994393579547753,0.1015468685684,14.4071112964,0.994393579547753,0,0,0
342,"ivw",-0.274194471179305,0.115417087841565,0.017516480376888,-0.274194471179305,0.115417087841565,0.017516480376888,0,0,0
342,"egger",-0.296011555782099,0.180422032719271,0.104793840923997,-0.296011555782099,0.180422032719271,0.104793840923997,0,0,0
342,"weighted_median",-0.171384495306603,0.0968310269266206,0.0767381902767769,-0.171384495306603,0.0968310269266206,0.0767381902767769,0,0,0
342,"simple_mode",-0.159797221732346,3.45912702075466,0.963267875831795,-0.159797221732346,3.45912702075466,0.963267875831795,0,0,0
342,"weighted_mode",-0.159797221732346,3.49606345207809,0.963655681222469,-0.159797221732346,3.49606345207809,0.963655681222469,0,0,0
343,"ivw",-0.0813278878452925,0.114942120656078,0.4792215615837,-0.0813278878452925,0.114942120656078,0.4792215615837,0,0,0
343,"egger",-0.327184021228899,0.173875113195726,0.0635112798270299,-0.327184021228899,0.173875113195726,0.0635112798270299,0,0,0
343,"weighted_median",-0.0904892944373539,0.0798637144028923,0.257194766661296,-0.0904892944373539,0.0798637144028923,0.257194766661296,0,0,0
343,"simple_mode",-0.0919459406100007,0.773121390691542,0.905626690788202,-0.0919459406100007,0.773121390691542,0.905626690788202,0,0,0
343,"weighted_mode",-0.0919459406100007,0.745038765733112,0.902087403793948,-0.0919459406100007,0.745038765733112,0.902087403793948,0,0,0
344,"ivw",0.0270260472660098,0.10996569820157,0.805861846943067,0.0270260472660098,0.10996569820157,0.805861846943067,0,0,0
344,"egger",-0.0147087502797407,0.183869619407728,0.936440576097206,-0.0147087502797407,0.183869619407728,0.936440576097206,0,0,0
344,"weighted_median",-0.0480571287069098,0.0881015047379909,0.58542717913493,-0.0480571287069098,0.0881015047379909,0.58542717913493,0,0,0
344,"simple_mode",0.153894883953384,11.7452524221561,0.989578051371242,0.153894883953384,11.7452524221561,0.989578051371242,0,0,0
344,"weighted_mode",0.153894883953384,11.7296822847165,0.989564217940026,0.153894883953384,11.7296822847165,0.989564217940026,0,0,0
345,"ivw",0.242787349393903,0.122401158824041,0.0473073671676121,0.242787349393903,0.122401158824041,0.0473073671676121,0,0,0
345,"egger",0.554681276573231,0.188050807479945,0.00417069773314299,0.554681276573231,0.188050807479945,0.00417069773314299,0,0,0
345,"weighted_median",0.200741450228364,0.0951914088608663,0.0349602092259378,0.200741450228364,0.0951914088608663,0.0349602092259378,0,0,0
345,"simple_mode",0.137471246453155,8.43042878207541,0.98702992752235,0.137471246453155,8.43042878207541,0.98702992752235,0,0,0
345,"weighted_mode",0.137471246453155,8.18131512437373,0.986635037597324,0.137471246453155,8.18131512437373,0.986635037597324,0,0,0
346,"ivw",-0.223549393071234,0.102009570767407,0.0284188762666637,-0.223549393071234,0.102009570767407,0.0284188762666637,0,0,0
346,"egger",-0.0401417221025707,0.166210041393655,0.809776270457578,-0.0401417221025707,0.166210041393655,0.809776270457578,0,0,0
346,"weighted_median",-0.293724574591014,0.0908912300541633,0.00123096988875649,-0.293724574591014,0.0908912300541633,0.00123096988875649,0,0,0
346,"simple_mode",-0.283278542420639,13.2834023899909,0.983038248085493,-0.283278542420639,13.2834023899909,0.983038248085493,0,0,0
346,"weighted_mode",-0.283278542420639,13.405858015444,0.983193161523328,-0.283278542420639,13.405858015444,0.983193161523328,0,0,0
347,"ivw",-0.023573768845734,0.117021455003664,0.840348080201234,-0.023573768845734,0.117021455003664,0.840348080201234,0,0,0
347,"egger",0.242099704263308,0.166616042404718,0.150124168936886,0.242099704263308,0.166616042404718,0.150124168936886,0,0,0
347,"weighted_median",0.191782041677884,0.0749895718481208,0.0105442872256262,0.191782041677884,0.0749895718481208,0.0105442872256262,0,0,0
347,"simple_mode",-0.551680539368579,14.2940310495179,0.969308120510595,-0.551680539368579,14.2940310495179,0.969308120510595,0,0,0
347,"weighted_mode",0.2944449443407,14.224427478766,0.983535915366204,0.2944449443407,14.224427478766,0.983535915366204,0,0,0
348,"ivw",0.0948563447006946,0.14231315117423,0.50507077832356,0.0948563447006946,0.14231315117423,0.50507077832356,0,0,0
348,"egger",-0.159849619062127,0.238118298000963,0.50396106372528,-0.159849619062127,0.238118298000963,0.50396106372528,0,0,0
348,"weighted_median",0.067596346349026,0.107009381929136,0.527591968566875,0.067596346349026,0.107009381929136,0.527591968566875,0,0,0
348,"simple_mode",-0.00138004197370312,18.8587765823924,0.999941792565229,-0.00138004197370312,18.8587765823924,0.999941792565229,0,0,0
348,"weighted_mode",-0.00138004197370312,18.8497108985655,0.999941764570625,-0.00138004197370312,18.8497108985655,0.999941764570625,0,0,0
349,"ivw",-0.28265629968513,0.133615297576059,0.0343917278510261,-0.28265629968513,0.133615297576059,0.0343917278510261,0,0,0
349,"egger",-0.102034524193336,0.188960359204242,0.590711883499754,-0.102034524193336,0.188960359204242,0.590711883499754,0,0,0
349,"weighted_median",-0.0586922296929247,0.0749723589935303,0.433714274049402,-0.0586922296929247,0.0749723589935303,0.433714274049402,0,0,0
349,"simple_mode",-0.174150010145772,2.47069807018743,0.94398045460512,-0.174150010145772,2.47069807018743,0.94398045460512,0,0,0
349,"weighted_mode",-0.174150010145772,2.54043909295073,0.945515851303548,-0.174150010145772,2.54043909295073,0.945515851303548,0,0,0
350,"ivw",-0.021046782584843,0.125236207873917,0.866538680913259,-0.021046782584843,0.125236207873917,0.866538680913259,0,0,0
350,"egger",0.0240005461753501,0.199810017622818,0.904691751553578,0.0240005461753501,0.199810017622818,0.904691751553578,0,0,0
350,"weighted_median",-0.0858373580562902,0.0846088576913922,0.310334805156587,-0.0858373580562902,0.0846088576913922,0.310334805156587,0,0,0
350,"simple_mode",-0.0778567528666624,3.50684276159816,0.982341916866194,-0.0778567528666624,3.50684276159816,0.982341916866194,0,0,0
350,"weighted_mode",-0.0778567528666624,3.48203997493583,0.982216158388389,-0.0778567528666624,3.48203997493583,0.982216158388389,0,0,0
351,"ivw",0.129731493246593,0.0932396802068655,0.164111308567442,0.129731493246593,0.0932396802068655,0.164111308567442,0,0,0
351,"egger",0.410728993411014,0.16559598582786,0.0152257415021885,0.410728993411014,0.16559598582786,0.0152257415021885,0,0,0
351,"weighted_median",0.155030999619717,0.102478243202397,0.130325724989408,0.155030999619717,0.102478243202397,0.130325724989408,0,0,0
351,"simple_mode",-0.0941796515029013,1.0813759426004,0.930812991865213,-0.0941796515029013,1.0813759426004,0.930812991865213,0,0,0
351,"weighted_mode",0.203055821091078,1.07764872833123,0.851014884065015,0.203055821091078,1.07764872833123,0.851014884065015,0,0,0
352,"ivw",-0.0997077859615688,0.11544058544587,0.387744372930009,-0.0997077859615688,0.11544058544587,0.387744372930009,0,0,0
352,"egger",-0.106819766429263,0.204657711180568,0.60315184739163,-0.106819766429263,0.204657711180568,0.60315184739163,0,0,0
352,"weighted_median",-0.0953368200190316,0.125087552585658,0.445964082409197,-0.0953368200190316,0.125087552585658,0.445964082409197,0,0,0
352,"simple_mode",0.0178332184233181,0.468385837547233,0.969722539688761,0.0178332184233181,0.468385837547233,0.969722539688761,0,0,0
352,"weighted_mode",0.0178332184233181,0.441792769500188,0.967901005752597,0.0178332184233181,0.441792769500188,0.967901005752597,0,0,0
353,"ivw",-0.0802378492535029,0.109418807155174,0.463369690575926,-0.0802378492535029,0.109418807155174,0.463369690575926,0,0,0
353,"egger",-0.138451568700513,0.190750202237465,0.470063194178725,-0.138451568700513,0.190750202237465,0.470063194178725,0,0,0
353,"weighted_median",-0.157527939896952,0.107735320451369,0.143693139211474,-0.157527939896952,0.107735320451369,0.143693139211474,0,0,0
353,"simple_mode",-0.123925120836152,0.819084967269401,0.880117591102028,-0.123925120836152,0.819084967269401,0.880117591102028,0,0,0
353,"weighted_mode",-0.123925120836152,0.810273943047476,0.878824174681376,-0.123925120836152,0.810273943047476,0.878824174681376,0,0,0
354,"ivw",0.104934559910097,0.156658725221046,0.50296679373531,0.104934559910097,0.156658725221046,0.50296679373531,0,0,0
354,"egger",0.13104988027057,0.277045120485495,0.637481878333206,0.13104988027057,0.277045120485495,0.637481878333206,0,0,0
354,"weighted_median",-0.0430365417178841,0.125477462341824,0.73161181741718,-0.0430365417178841,0.125477462341824,0.73161181741718,0,0,0
354,"simple_mode",-0.1719025634377,0.365201894396563,0.639116129162422,-0.1719025634377,0.365201894396563,0.639116129162422,0,0,0
354,"weighted_mode",-0.0687097502074641,0.345474335740319,0.84285088105033,-0.0687097502074641,0.345474335740319,0.84285088105033,0,0,0
355,"ivw",0.061703453712341,0.10704118531245,0.564313818958262,0.061703453712341,0.10704118531245,0.564313818958262,0,0,0
355,"egger",-0.00831075102193435,0.19983608629509,0.966930887128577,-0.00831075102193435,0.19983608629509,0.966930887128577,0,0,0
355,"weighted_median",0.130629380523222,0.111069277907768,0.23955203005978,0.130629380523222,0.111069277907768,0.23955203005978,0,0,0
355,"simple_mode",0.106457848899644,0.653970563181676,0.871091652095761,0.106457848899644,0.653970563181676,0.871091652095761,0,0,0
355,"weighted_mode",0.106457848899644,0.622881462679403,0.864719266282374,0.106457848899644,0.622881462679403,0.864719266282374,0,0,0
356,"ivw",-0.216814500247204,0.134023280930671,0.105719160139043,-0.216814500247204,0.134023280930671,0.105719160139043,0,0,0
356,"egger",-0.0889941518510092,0.249834417544492,0.72261910660238,-0.0889941518510092,0.249834417544492,0.72261910660238,0,0,0
356,"weighted_median",-0.125604618808664,0.117761478380301,0.286151633644695,-0.125604618808664,0.117761478380301,0.286151633644695,0,0,0
356,"simple_mode",-0.00267577301001332,1.23622663676404,0.998278327633519,-0.00267577301001332,1.23622663676404,0.998278327633519,0,0,0
356,"weighted_mode",-0.00267577301001332,1.23503474853894,0.998276666111222,-0.00267577301001332,1.23503474853894,0.998276666111222,0,0,0
357,"ivw",-0.00647107255251139,0.124253630450632,0.958465311479527,-0.00647107255251139,0.124253630450632,0.958465311479527,0,0,0
357,"egger",-0.187125191464563,0.226979490085674,0.41215534249036,-0.187125191464563,0.226979490085674,0.41215534249036,0,0,0
357,"weighted_median",-0.108227663647689,0.124960961863003,0.386439824882928,-0.108227663647689,0.124960961863003,0.386439824882928,0,0,0
357,"simple_mode",0.0175544131136216,0.841157852248572,0.983401204336264,0.0175544131136216,0.841157852248572,0.983401204336264,0,0,0
357,"weighted_mode",0.0175544131136216,0.824442091052697,0.983064710744494,0.0175544131136216,0.824442091052697,0.983064710744494,0,0,0
358,"ivw",0.253867421382369,0.138298541037101,0.0664097534115329,0.253867421382369,0.138298541037101,0.0664097534115329,0,0,0
358,"egger",0.00154236380356707,0.236295851993852,0.994808288741663,0.00154236380356707,0.236295851993852,0.994808288741663,0,0,0
358,"weighted_median",0.021373339517775,0.123060040740301,0.862115221433691,0.021373339517775,0.123060040740301,0.862115221433691,0,0,0
358,"simple_mode",-0.152290012252298,1.00999720909344,0.880522077314175,-0.152290012252298,1.00999720909344,0.880522077314175,0,0,0
358,"weighted_mode",0.142240561781239,1.00776879641749,0.888106586671914,0.142240561781239,1.00776879641749,0.888106586671914,0,0,0
359,"ivw",-0.171957286517379,0.154712203572298,0.266368004898428,-0.171957286517379,0.154712203572298,0.266368004898428,0,0,0
359,"egger",-0.413024011933154,0.275580430794083,0.137876369605034,-0.413024011933154,0.275580430794083,0.137876369605034,0,0,0
359,"weighted_median",-0.117292263228913,0.119818935425749,0.327623175738441,-0.117292263228913,0.119818935425749,0.327623175738441,0,0,0
359,"simple_mode",0.255251138304495,0.532112684822663,0.632737900134825,0.255251138304495,0.532112684822663,0.632737900134825,0,0,0
359,"weighted_mode",0.0307129565025788,0.485174332116691,0.949681239331288,0.0307129565025788,0.485174332116691,0.949681239331288,0,0,0
360,"ivw",-0.218647664750451,0.150153157360496,0.145347210510888,-0.218647664750451,0.150153157360496,0.145347210510888,0,0,0
360,"egger",-0.114569440790593,0.264294032384331,0.665823794953608,-0.114569440790593,0.264294032384331,0.665823794953608,0,0,0
360,"weighted_median",-0.132220376118401,0.119375689424027,0.26803510106331,-0.132220376118401,0.119375689424027,0.26803510106331,0,0,0
360,"simple_mode",-0.226143700024021,1.54993602154063,0.884358733115997,-0.226143700024021,1.54993602154063,0.884358733115997,0,0,0
360,"weighted_mode",-0.226143700024021,1.56046004596337,0.885133109183669,-0.226143700024021,1.56046004596337,0.885133109183669,0,0,0
361,"ivw",0.214949347234371,0.113725708883663,0.0587488378634258,0.214949347234371,0.113725708883663,0.0587488378634258,0,0,0
361,"egger",0.219404744855674,0.209953873226769,0.299163860777916,0.219404744855674,0.209953873226769,0.299163860777916,0,0,0
361,"weighted_median",0.0521390795533447,0.10432877246192,0.617245886400289,0.0521390795533447,0.10432877246192,0.617245886400289,0,0,0
361,"simple_mode",-0.0705722776873756,0.364212831286205,0.846843747556192,-0.0705722776873756,0.364212831286205,0.846843747556192,0,0,0
361,"weighted_mode",0.0350280020391842,0.322222061817987,0.913703223389765,0.0350280020391842,0.322222061817987,0.913703223389765,0,0,0
362,"ivw",0.0059892529509218,0.129746258731107,0.963181706265882,0.0059892529509218,0.129746258731107,0.963181706265882,0,0,0
362,"egger",-0.054897460085671,0.221399131825982,0.80480303458747,-0.054897460085671,0.221399131825982,0.80480303458747,0,0,0
362,"weighted_median",0.112486870005938,0.106102663669017,0.289067227764279,0.112486870005938,0.106102663669017,0.289067227764279,0,0,0
362,"simple_mode",-0.0235761175534225,0.88893839931424,0.978906494410621,-0.0235761175534225,0.88893839931424,0.978906494410621,0,0,0
362,"weighted_mode",0.120272414625969,0.871796916519209,0.890615036449219,0.120272414625969,0.871796916519209,0.890615036449219,0,0,0
363,"ivw",0.0536470376031948,0.145080001268427,0.711549732535336,0.0536470376031948,0.145080001268427,0.711549732535336,0,0,0
363,"egger",0.0305086808028417,0.261805387252439,0.907523044808087,0.0305086808028417,0.261805387252439,0.907523044808087,0,0,0
363,"weighted_median",-0.119118718381622,0.114451058030493,0.297976260099354,-0.119118718381622,0.114451058030493,0.297976260099354,0,0,0
363,"simple_mode",-0.065749941665166,0.457861286442974,0.886171169461221,-0.065749941665166,0.457861286442974,0.886171169461221,0,0,0
363,"weighted_mode",-0.065749941665166,0.421238499879642,0.876352639874571,-0.065749941665166,0.421238499879642,0.876352639874571,0,0,0
364,"ivw",-0.179468212436018,0.140583029461496,0.201743710362099,-0.179468212436018,0.140583029461496,0.201743710362099,0,0,0
364,"egger",-0.0219968946698794,0.244618057064441,0.928572818361401,-0.0219968946698794,0.244618057064441,0.928572818361401,0,0,0
364,"weighted_median",-0.0693914219461234,0.117350599954654,0.554307942771247,-0.0693914219461234,0.117350599954654,0.554307942771247,0,0,0
364,"simple_mode",-0.262013497019825,1.02724534870646,0.799320038270782,-0.262013497019825,1.02724534870646,0.799320038270782,0,0,0
364,"weighted_mode",-0.262013497019825,1.02255049253405,0.798418829925028,-0.262013497019825,1.02255049253405,0.798418829925028,0,0,0
365,"ivw",0.236792227445594,0.153583978277688,0.123127821245967,0.236792227445594,0.153583978277688,0.123127821245967,0,0,0
365,"egger",0.251277753644374,0.280150944806554,0.372443783935045,0.251277753644374,0.280150944806554,0.372443783935045,0,0,0
365,"weighted_median",-0.03907122553682,0.110388254633934,0.723381088116298,-0.03907122553682,0.110388254633934,0.723381088116298,0,0,0
365,"simple_mode",0.280046033989053,1.26513193998271,0.825371415051222,0.280046033989053,1.26513193998271,0.825371415051222,0,0,0
365,"weighted_mode",0.280046033989053,1.27595546675967,0.826828716936952,0.280046033989053,1.27595546675967,0.826828716936952,0,0,0
366,"ivw",-0.186884998749145,0.156036523018944,0.231033691740267,-0.186884998749145,0.156036523018944,0.231033691740267,0,0,0
366,"egger",-0.461434257933711,0.276691285512912,0.0992881053053467,-0.461434257933711,0.276691285512912,0.0992881053053467,0,0,0
366,"weighted_median",-0.122832352704323,0.134955608771078,0.362733619723928,-0.122832352704323,0.134955608771078,0.362733619723928,0,0,0
366,"simple_mode",0.130568492172999,0.544763709521217,0.811184494647207,0.130568492172999,0.544763709521217,0.811184494647207,0,0,0
366,"weighted_mode",-0.0410681008955387,0.524653289887389,0.937801040907512,-0.0410681008955387,0.524653289887389,0.937801040907512,0,0,0
367,"ivw",-0.193169783558769,0.134313026737435,0.150375650008826,-0.193169783558769,0.134313026737435,0.150375650008826,0,0,0
367,"egger",0.374298651205958,0.24392465830406,0.128856000003909,0.374298651205958,0.24392465830406,0.128856000003909,0,0,0
367,"weighted_median",0.0296441405242905,0.130944301922641,0.820900124136084,0.0296441405242905,0.130944301922641,0.820900124136084,0,0,0
367,"simple_mode",-0.030254650972851,0.677071323001466,0.96446869837289,-0.030254650972851,0.677071323001466,0.96446869837289,0,0,0
367,"weighted_mode",0.0978474504357372,0.678494416484232,0.885690788492037,0.0978474504357372,0.678494416484232,0.885690788492037,0,0,0
368,"ivw",-0.195256019997569,0.148501195752081,0.188562078917521,-0.195256019997569,0.148501195752081,0.188562078917521,0,0,0
368,"egger",-0.660560312423743,0.267331362770506,0.0156005216274662,-0.660560312423743,0.267331362770506,0.0156005216274662,0,0,0
368,"weighted_median",-0.145737306735308,0.12306192110492,0.236310170309918,-0.145737306735308,0.12306192110492,0.236310170309918,0,0,0
368,"simple_mode",-0.148691393184207,1.05719194303888,0.888497608894919,-0.148691393184207,1.05719194303888,0.888497608894919,0,0,0
368,"weighted_mode",-0.148691393184207,1.0520989314942,0.887961465916526,-0.148691393184207,1.0520989314942,0.887961465916526,0,0,0
369,"ivw",-0.135343086532944,0.134568474542377,0.31453282951252,-0.135343086532944,0.134568474542377,0.31453282951252,0,0,0
369,"egger",-0.0573900129938322,0.234734314712389,0.807477922851733,-0.0573900129938322,0.234734314712389,0.807477922851733,0,0,0
369,"weighted_median",-0.155331870303074,0.106392960067022,0.144294856494373,-0.155331870303074,0.106392960067022,0.144294856494373,0,0,0
369,"simple_mode",0.0306782384879788,1.04324068973499,0.976612585090997,0.0306782384879788,1.04324068973499,0.976612585090997,0,0,0
369,"weighted_mode",0.0306782384879788,1.06577244301891,0.977106884370258,0.0306782384879788,1.06577244301891,0.977106884370258,0,0,0
370,"ivw",-0.0475572422597922,0.145673158850151,0.744072283108992,-0.0475572422597922,0.145673158850151,0.744072283108992,0,0,0
370,"egger",-0.178017341364381,0.259817332476623,0.495221297983713,-0.178017341364381,0.259817332476623,0.495221297983713,0,0,0
370,"weighted_median",-0.169411844459154,0.114524911293181,0.139071482513521,-0.169411844459154,0.114524911293181,0.139071482513521,0,0,0
370,"simple_mode",0.292378320883511,0.499489304423905,0.559936638686085,0.292378320883511,0.499489304423905,0.559936638686085,0,0,0
370,"weighted_mode",-0.185012827503154,0.465268389981536,0.69193603662672,-0.185012827503154,0.465268389981536,0.69193603662672,0,0,0
371,"ivw",0.0100824359584927,0.137472628800817,0.941534442738759,0.0100824359584927,0.137472628800817,0.941534442738759,0,0,0
371,"egger",0.50571460081887,0.234894427750201,0.0343354980911693,0.50571460081887,0.234894427750201,0.0343354980911693,0,0,0
371,"weighted_median",0.221297961427223,0.141570452660495,0.118013815406624,0.221297961427223,0.141570452660495,0.118013815406624,0,0,0
371,"simple_mode",-0.121958767066501,0.941617074237341,0.897266850980512,-0.121958767066501,0.941617074237341,0.897266850980512,0,0,0
371,"weighted_mode",0.394374660632401,0.930564258924692,0.672833808965553,0.394374660632401,0.930564258924692,0.672833808965553,0,0,0
372,"ivw",-0.424367220435616,0.160122553511592,0.00804286266762586,-0.424367220435616,0.160122553511592,0.00804286266762586,0,0,0
372,"egger",-0.00249876061711703,0.259487063945854,0.992340770708108,-0.00249876061711703,0.259487063945854,0.992340770708108,0,0,0
372,"weighted_median",0.0510733801108541,0.125524005166295,0.684095114238023,0.0510733801108541,0.125524005166295,0.684095114238023,0,0,0
372,"simple_mode",-0.14060047957333,0.901407526073878,0.876437801634045,-0.14060047957333,0.901407526073878,0.876437801634045,0,0,0
372,"weighted_mode",-0.14060047957333,0.900211230910031,0.876274945307498,-0.14060047957333,0.900211230910031,0.876274945307498,0,0,0
373,"ivw",0.238520430149469,0.170135232730026,0.16093133547514,0.238520430149469,0.170135232730026,0.16093133547514,0,0,0
373,"egger",0.257186925539003,0.29391436956543,0.384171541739852,0.257186925539003,0.29391436956543,0.384171541739852,0,0,0
373,"weighted_median",0.36751680090432,0.131518710656462,0.00519949995705445,0.36751680090432,0.131518710656462,0.00519949995705445,0,0,0
373,"simple_mode",0.132921213875936,1.42138011794766,0.925724885388036,0.132921213875936,1.42138011794766,0.925724885388036,0,0,0
373,"weighted_mode",0.547709961548543,1.41403673206182,0.699521995466243,0.547709961548543,1.41403673206182,0.699521995466243,0,0,0
374,"ivw",-0.262518652442183,0.175368565225515,0.134405261525722,-0.262518652442183,0.175368565225515,0.134405261525722,0,0,0
374,"egger",-0.146487408106015,0.30111299721258,0.627952371529311,-0.146487408106015,0.30111299721258,0.627952371529311,0,0,0
374,"weighted_median",0.0720247336443841,0.127529391002198,0.5722304308962,0.0720247336443841,0.127529391002198,0.5722304308962,0,0,0
374,"simple_mode",0.186508175155867,0.70271077957032,0.791366082904304,0.186508175155867,0.70271077957032,0.791366082904304,0,0,0
374,"weighted_mode",-0.0480694461409518,0.682738365773999,0.944043392003667,-0.0480694461409518,0.682738365773999,0.944043392003667,0,0,0
375,"ivw",-0.184449011674804,0.143433440575804,0.198458617149553,-0.184449011674804,0.143433440575804,0.198458617149553,0,0,0
375,"egger",-0.159545008762435,0.275886441602826,0.564686329302977,-0.159545008762435,0.275886441602826,0.564686329302977,0,0,0
375,"weighted_median",-0.0166819061415027,0.113119342476305,0.882759684885801,-0.0166819061415027,0.113119342476305,0.882759684885801,0,0,0
375,"simple_mode",-0.278205131400707,0.469072171601763,0.554768894513916,-0.278205131400707,0.469072171601763,0.554768894513916,0,0,0
375,"weighted_mode",-0.0257765670154164,0.452139562627247,0.954677470201639,-0.0257765670154164,0.452139562627247,0.954677470201639,0,0,0
376,"ivw",0.0643303336748945,0.109085716824284,0.555376511146058,0.0643303336748945,0.109085716824284,0.555376511146058,0,0,0
376,"egger",0.427370547625485,0.192376967873581,0.0291412050265264,0.427370547625485,0.192376967873581,0.0291412050265264,0,0,0
376,"weighted_median",0.0636956511796508,0.106043591351354,0.548069559496475,0.0636956511796508,0.106043591351354,0.548069559496475,0,0,0
376,"simple_mode",-0.121367912590274,0.257957882728523,0.63926582728379,-0.121367912590274,0.257957882728523,0.63926582728379,0,0,0
376,"weighted_mode",0.0297882615544673,0.235969787508981,0.899856667465445,0.0297882615544673,0.235969787508981,0.899856667465445,0,0,0
377,"ivw",-0.106296110764686,0.1253502402674,0.39644193814582,-0.106296110764686,0.1253502402674,0.39644193814582,0,0,0
377,"egger",-0.0189480827910669,0.203720529781931,0.926128010706038,-0.0189480827910669,0.203720529781931,0.926128010706038,0,0,0
377,"weighted_median",-0.159384181333714,0.122454656179027,0.193060978168714,-0.159384181333714,0.122454656179027,0.193060978168714,0,0,0
377,"simple_mode",0.0929065708745082,0.433833221667911,0.830966137082715,0.0929065708745082,0.433833221667911,0.830966137082715,0,0,0
377,"weighted_mode",-0.0190757033907871,0.385451693671853,0.960651258387361,-0.0190757033907871,0.385451693671853,0.960651258387361,0,0,0
378,"ivw",0.138969668867413,0.112885756362066,0.218298669834553,0.138969668867413,0.112885756362066,0.218298669834553,0,0,0
378,"egger",0.141631529465506,0.191506340962509,0.461728218071225,0.141631529465506,0.191506340962509,0.461728218071225,0,0,0
378,"weighted_median",0.102269041329878,0.126080823206052,0.417285994992447,0.102269041329878,0.126080823206052,0.417285994992447,0,0,0
378,"simple_mode",0.21891128868014,0.293647002694553,0.45813262998647,0.21891128868014,0.293647002694553,0.45813262998647,0,0,0
378,"weighted_mode",0.126882775387684,0.273224914174135,0.643614520536245,0.126882775387684,0.273224914174135,0.643614520536245,0,0,0
379,"ivw",-0.239579967435256,0.15086274690461,0.112271462941444,-0.239579967435256,0.15086274690461,0.112271462941444,0,0,0
379,"egger",-0.872452694216348,0.26464405213672,0.00146041445993467,-0.872452694216348,0.26464405213672,0.00146041445993467,0,0,0
379,"weighted_median",-0.248235887766793,0.130871227118742,0.0578550009875933,-0.248235887766793,0.130871227118742,0.0578550009875933,0,0,0
379,"simple_mode",-0.0840587078328739,0.576919957425727,0.884518189872062,-0.0840587078328739,0.576919957425727,0.884518189872062,0,0,0
379,"weighted_mode",-0.190544469777111,0.555417353036654,0.732438044894173,-0.190544469777111,0.555417353036654,0.732438044894173,0,0,0
380,"ivw",-0.163943489209853,0.123452786222942,0.184182952866416,-0.163943489209853,0.123452786222942,0.184182952866416,0,0,0
380,"egger",-0.12534699894561,0.214248579994066,0.560157961046355,-0.12534699894561,0.214248579994066,0.560157961046355,0,0,0
380,"weighted_median",-0.308953635289756,0.111252123614117,0.00548533359716557,-0.308953635289756,0.111252123614117,0.00548533359716557,0,0,0
380,"simple_mode",-0.443280090921459,0.581676899241001,0.448229982459933,-0.443280090921459,0.581676899241001,0.448229982459933,0,0,0
380,"weighted_mode",-0.311576815017556,0.548714192372548,0.571720514473526,-0.311576815017556,0.548714192372548,0.571720514473526,0,0,0
381,"ivw",-0.211087364114789,0.140065103959193,0.131793725792027,-0.211087364114789,0.140065103959193,0.131793725792027,0,0,0
381,"egger",0.0377471833817599,0.2324480968225,0.871408430895277,0.0377471833817599,0.2324480968225,0.871408430895277,0,0,0
381,"weighted_median",-0.199851169785915,0.124994437619661,0.109847156110525,-0.199851169785915,0.124994437619661,0.109847156110525,0,0,0
381,"simple_mode",0.0647112641966365,0.659399741636614,0.922066250856828,0.0647112641966365,0.659399741636614,0.922066250856828,0,0,0
381,"weighted_mode",-0.100996831056215,0.654036970184879,0.8776621702809,-0.100996831056215,0.654036970184879,0.8776621702809,0,0,0
382,"ivw",0.338892082194614,0.123408496638746,0.00603083637449486,0.338892082194614,0.123408496638746,0.00603083637449486,0,0,0
382,"egger",0.448196046237138,0.206354734756213,0.0328194041414524,0.448196046237138,0.206354734756213,0.0328194041414524,0,0,0
382,"weighted_median",-0.0904816104089288,0.126569819820616,0.474686235053121,-0.0904816104089288,0.126569819820616,0.474686235053121,0,0,0
382,"simple_mode",-0.153099299975279,0.821319526052508,0.852592059980959,-0.153099299975279,0.821319526052508,0.852592059980959,0,0,0
382,"weighted_mode",-0.0193296563142376,0.792411764430005,0.98059876850225,-0.0193296563142376,0.792411764430005,0.98059876850225,0,0,0
383,"ivw",0.122439151552004,0.154344793970952,0.427612769078967,0.122439151552004,0.154344793970952,0.427612769078967,0,0,0
383,"egger",0.610336413913852,0.261864036501217,0.0222864823021163,0.610336413913852,0.261864036501217,0.0222864823021163,0,0,0
383,"weighted_median",0.269298469693543,0.1260490032284,0.0326420567022098,0.269298469693543,0.1260490032284,0.0326420567022098,0,0,0
383,"simple_mode",-0.112963741965542,0.313599259277436,0.71962255640578,-0.112963741965542,0.313599259277436,0.71962255640578,0,0,0
383,"weighted_mode",0.20890465623237,0.28710214951936,0.468937071088288,0.20890465623237,0.28710214951936,0.468937071088288,0,0,0
384,"ivw",0.180846807227137,0.168659166110925,0.283602389686296,0.180846807227137,0.168659166110925,0.283602389686296,0,0,0
384,"egger",-0.306086662923666,0.266413773013433,0.254014747624958,-0.306086662923666,0.266413773013433,0.254014747624958,0,0,0
384,"weighted_median",-0.0647338784633206,0.124643064581072,0.603513878963987,-0.0647338784633206,0.124643064581072,0.603513878963987,0,0,0
384,"simple_mode",-0.249853378845981,2.0058745322143,0.90117985395762,-0.249853378845981,2.0058745322143,0.90117985395762,0,0,0
384,"weighted_mode",0.117792628421698,1.99046071234275,0.952955633248786,0.117792628421698,1.99046071234275,0.952955633248786,0,0,0
385,"ivw",-0.308899646512365,0.154550663787746,0.0456413590438857,-0.308899646512365,0.154550663787746,0.0456413590438857,0,0,0
385,"egger",-0.264972447599734,0.262018551851244,0.314934381747608,-0.264972447599734,0.262018551851244,0.314934381747608,0,0,0
385,"weighted_median",-0.229374955981118,0.133645006691872,0.0861071059029777,-0.229374955981118,0.133645006691872,0.0861071059029777,0,0,0
385,"simple_mode",-0.621781931561508,0.495975955144301,0.213574363107562,-0.621781931561508,0.495975955144301,0.213574363107562,0,0,0
385,"weighted_mode",-0.160829796951567,0.493672443376984,0.745429118105826,-0.160829796951567,0.493672443376984,0.745429118105826,0,0,0
386,"ivw",-0.0603478171246143,0.118846996389875,0.611609470853588,-0.0603478171246143,0.118846996389875,0.611609470853588,0,0,0
386,"egger",0.247243102465504,0.195774798958102,0.210295328834289,0.247243102465504,0.195774798958102,0.210295328834289,0,0,0
386,"weighted_median",-0.0340541213492554,0.122505109964541,0.781026766155048,-0.0340541213492554,0.122505109964541,0.781026766155048,0,0,0
386,"simple_mode",0.0887608906239277,2.1131120331896,0.966598225765086,0.0887608906239277,2.1131120331896,0.966598225765086,0,0,0
386,"weighted_mode",0.0887608906239277,2.13251943754941,0.966902026571566,0.0887608906239277,2.13251943754941,0.966902026571566,0,0,0
387,"ivw",-0.072395215656577,0.136491751545547,0.595834673567373,-0.072395215656577,0.136491751545547,0.595834673567373,0,0,0
387,"egger",0.277170196111804,0.212736791984991,0.196354063935188,0.277170196111804,0.212736791984991,0.196354063935188,0,0,0
387,"weighted_median",-0.0493869614420098,0.107303799172149,0.645334191400595,-0.0493869614420098,0.107303799172149,0.645334191400595,0,0,0
387,"simple_mode",0.262298814434215,1.30109218811745,0.84073569624637,0.262298814434215,1.30109218811745,0.84073569624637,0,0,0
387,"weighted_mode",0.0380192883260745,1.28012811135165,0.976379689697989,0.0380192883260745,1.28012811135165,0.976379689697989,0,0,0
388,"ivw",-0.125360523146656,0.138628514045811,0.365841096574593,-0.125360523146656,0.138628514045811,0.365841096574593,0,0,0
388,"egger",0.117685725543501,0.238431733804542,0.622953439139647,0.117685725543501,0.238431733804542,0.622953439139647,0,0,0
388,"weighted_median",-0.102109860280544,0.118890797253237,0.390420961739201,-0.102109860280544,0.118890797253237,0.390420961739201,0,0,0
388,"simple_mode",0.185965370138953,0.739958629851166,0.802204281094916,0.185965370138953,0.739958629851166,0.802204281094916,0,0,0
388,"weighted_mode",-0.159572238708992,0.700757003622013,0.82044234065066,-0.159572238708992,0.700757003622013,0.82044234065066,0,0,0
389,"ivw",-0.215096637277504,0.168360845690833,0.201392971385603,-0.215096637277504,0.168360845690833,0.201392971385603,0,0,0
389,"egger",0.00882475521039738,0.289472667081963,0.975755684628311,0.00882475521039738,0.289472667081963,0.975755684628311,0,0,0
389,"weighted_median",-0.117249692909109,0.136797838217866,0.391388547568881,-0.117249692909109,0.136797838217866,0.391388547568881,0,0,0
389,"simple_mode",0.00526809521398491,0.345495435900169,0.987871867159888,0.00526809521398491,0.345495435900169,0.987871867159888,0,0,0
389,"weighted_mode",-0.151949844442904,0.322960075846751,0.639268645372942,-0.151949844442904,0.322960075846751,0.639268645372942,0,0,0
390,"ivw",-0.0266779896314942,0.162875838131055,0.869893776303306,-0.0266779896314942,0.162875838131055,0.869893776303306,0,0,0
390,"egger",-0.0505172978479939,0.275940636212471,0.855203868164417,-0.0505172978479939,0.275940636212471,0.855203868164417,0,0,0
390,"weighted_median",0.116332297481582,0.124866378806305,0.351515216464377,0.116332297481582,0.124866378806305,0.351515216464377,0,0,0
390,"simple_mode",-0.115895724989453,0.751421479959971,0.877807848475708,-0.115895724989453,0.751421479959971,0.877807848475708,0,0,0
390,"weighted_mode",0.170138024403942,0.719078855495374,0.813560165536557,0.170138024403942,0.719078855495374,0.813560165536557,0,0,0
391,"ivw",-0.0961137600442108,0.164647382594635,0.559385046587376,-0.0961137600442108,0.164647382594635,0.559385046587376,0,0,0
391,"egger",-0.0933520197326264,0.292882150713003,0.750757567955302,-0.0933520197326264,0.292882150713003,0.750757567955302,0,0,0
391,"weighted_median",-0.0989623182292661,0.15119285969379,0.51276164881014,-0.0989623182292661,0.15119285969379,0.51276164881014,0,0,0
391,"simple_mode",-0.188617732585131,0.286475775412422,0.512143593274268,-0.188617732585131,0.286475775412422,0.512143593274268,0,0,0
391,"weighted_mode",0.00630244940252894,0.243322545401087,0.979399510542103,0.00630244940252894,0.243322545401087,0.979399510542103,0,0,0
392,"ivw",0.0778860322275602,0.151188648927111,0.606442660731497,0.0778860322275602,0.151188648927111,0.606442660731497,0,0,0
392,"egger",-0.306570548698262,0.27470287824393,0.267759758629794,-0.306570548698262,0.27470287824393,0.267759758629794,0,0,0
392,"weighted_median",0.122454930363599,0.126405966510907,0.332673293646295,0.122454930363599,0.126405966510907,0.332673293646295,0,0,0
392,"simple_mode",0.16555658026278,1.13764487768151,0.884657348859517,0.16555658026278,1.13764487768151,0.884657348859517,0,0,0
392,"weighted_mode",0.16555658026278,1.1248837635074,0.883358338818064,0.16555658026278,1.1248837635074,0.883358338818064,0,0,0
393,"ivw",-0.039278595433795,0.152584740527905,0.796853393982184,-0.039278595433795,0.152584740527905,0.796853393982184,0,0,0
393,"egger",-0.0264663264000938,0.261405340963941,0.91960825993241,-0.0264663264000938,0.261405340963941,0.91960825993241,0,0,0
393,"weighted_median",0.153492157068683,0.122184159930206,0.209030368454621,0.153492157068683,0.122184159930206,0.209030368454621,0,0,0
393,"simple_mode",0.0955191322796338,0.969192004395773,0.921734750202238,0.0955191322796338,0.969192004395773,0.921734750202238,0,0,0
393,"weighted_mode",0.0955191322796338,0.926983963300669,0.918183596908857,0.0955191322796338,0.926983963300669,0.918183596908857,0,0,0
394,"ivw",-0.0913981191693153,0.151914282206838,0.547411998108757,-0.0913981191693153,0.151914282206838,0.547411998108757,0,0,0
394,"egger",-0.0212085038389658,0.269808649265557,0.937542519797357,-0.0212085038389658,0.269808649265557,0.937542519797357,0,0,0
394,"weighted_median",0.000662492161665459,0.118089360468925,0.995523817788346,0.000662492161665459,0.118089360468925,0.995523817788346,0,0,0
394,"simple_mode",-0.111419239495074,1.08142000196927,0.918193424308271,-0.111419239495074,1.08142000196927,0.918193424308271,0,0,0
394,"weighted_mode",-0.111419239495074,1.0771998811945,0.91787408563367,-0.111419239495074,1.0771998811945,0.91787408563367,0,0,0
395,"ivw",-0.308237048125587,0.162459630169593,0.0577864130457589,-0.308237048125587,0.162459630169593,0.0577864130457589,0,0,0
395,"egger",-0.367007223635282,0.265753227768901,0.171122320317603,-0.367007223635282,0.265753227768901,0.171122320317603,0,0,0
395,"weighted_median",-0.099683365429839,0.138085045299897,0.470356979942439,-0.099683365429839,0.138085045299897,0.470356979942439,0,0,0
395,"simple_mode",-0.384854292497343,0.927802814751639,0.679383572326811,-0.384854292497343,0.927802814751639,0.679383572326811,0,0,0
395,"weighted_mode",-0.185142989602957,0.881782774028092,0.834222690981288,-0.185142989602957,0.881782774028092,0.834222690981288,0,0,0
396,"ivw",-0.148981340893464,0.152016943055451,0.327070738206014,-0.148981340893464,0.152016943055451,0.327070738206014,0,0,0
396,"egger",0.231386487878253,0.270223275864202,0.394401111324771,0.231386487878253,0.270223275864202,0.394401111324771,0,0,0
396,"weighted_median",0.105266917197498,0.162078251351588,0.516026836022232,0.105266917197498,0.162078251351588,0.516026836022232,0,0,0
396,"simple_mode",-0.231858066938136,0.653468247033455,0.723652941286321,-0.231858066938136,0.653468247033455,0.723652941286321,0,0,0
396,"weighted_mode",0.0515632921525445,0.581119157272139,0.929514703225801,0.0515632921525445,0.581119157272139,0.929514703225801,0,0,0
397,"ivw",0.0743593623062192,0.175440271021209,0.671679353682245,0.0743593623062192,0.175440271021209,0.671679353682245,0,0,0
397,"egger",-0.456703367366792,0.325014508766676,0.163839654162865,-0.456703367366792,0.325014508766676,0.163839654162865,0,0,0
397,"weighted_median",-0.0782784687692119,0.139255919302603,0.574034598221101,-0.0782784687692119,0.139255919302603,0.574034598221101,0,0,0
397,"simple_mode",-0.0684842499692476,1.78525785954941,0.969494256704006,-0.0684842499692476,1.78525785954941,0.969494256704006,0,0,0
397,"weighted_mode",-0.0684842499692476,1.79619065775334,0.969679843385389,-0.0684842499692476,1.79619065775334,0.969679843385389,0,0,0
398,"ivw",0.331051463910666,0.175979380073311,0.059945448633728,0.331051463910666,0.175979380073311,0.059945448633728,0,0,0
398,"egger",0.634961836768017,0.315234015774025,0.0473435024895138,0.634961836768017,0.315234015774025,0.0473435024895138,0,0,0
398,"weighted_median",0.274982899867859,0.147247875212119,0.0618341723202013,0.274982899867859,0.147247875212119,0.0618341723202013,0,0,0
398,"simple_mode",-0.19264568525296,1.04459817250247,0.854144256057206,-0.19264568525296,1.04459817250247,0.854144256057206,0,0,0
398,"weighted_mode",0.0150230018339575,1.04076243171067,0.988518740681177,0.0150230018339575,1.04076243171067,0.988518740681177,0,0,0
399,"ivw",0.0626703900741357,0.1879034863487,0.738738504242151,0.0626703900741357,0.1879034863487,0.738738504242151,0,0,0
399,"egger",0.777160704775353,0.342163641629487,0.0258150717922717,0.777160704775353,0.342163641629487,0.0258150717922717,0,0,0
399,"weighted_median",-0.0251665764328276,0.123064179763367,0.837963098848718,-0.0251665764328276,0.123064179763367,0.837963098848718,0,0,0
399,"simple_mode",-0.31121655874171,1.84009250702425,0.866115314440729,-0.31121655874171,1.84009250702425,0.866115314440729,0,0,0
399,"weighted_mode",0.0375261345230241,1.83382831193667,0.983724132147671,0.0375261345230241,1.83382831193667,0.983724132147671,0,0,0
400,"ivw",-0.190586906859768,0.161618008380264,0.238301423713278,-0.190586906859768,0.161618008380264,0.238301423713278,0,0,0
400,"egger",-0.215646477706727,0.270799057986957,0.428194800663194,-0.215646477706727,0.270799057986957,0.428194800663194,0,0,0
400,"weighted_median",-0.0998556332525159,0.144111569681882,0.488369145276628,-0.0998556332525159,0.144111569681882,0.488369145276628,0,0,0
400,"simple_mode",-0.411452400399973,0.332581332923917,0.219606724996565,-0.411452400399973,0.332581332923917,0.219606724996565,0,0,0
400,"weighted_mode",-0.202246035834248,0.265719254190001,0.448791564215143,-0.202246035834248,0.265719254190001,0.448791564215143,0,0,0
401,"ivw",0.047326881832749,0.128598706716289,0.712858403719972,0.047326881832749,0.128598706716289,0.712858403719972,0,0,0
401,"egger",0.0595684749067355,0.188767872376071,0.753154690775295,0.0595684749067355,0.188767872376071,0.753154690775295,0,0,0
401,"weighted_median",0.0500820824499622,0.121598243671653,0.680438244127188,0.0500820824499622,0.121598243671653,0.680438244127188,0,0,0
401,"simple_mode",-0.671361914621917,23.0926619983066,0.976878263252104,-0.671361914621917,23.0926619983066,0.976878263252104,0,0,0
401,"weighted_mode",-0.671361914621917,23.088379966044,0.976873976256663,-0.671361914621917,23.088379966044,0.976873976256663,0,0,0
402,"ivw",0.265047254032424,0.108234742170554,0.0143325595011497,0.265047254032424,0.108234742170554,0.0143325595011497,0,0,0
402,"egger",0.480961861612654,0.160610729972343,0.00365628121870398,0.480961861612654,0.160610729972343,0.00365628121870398,0,0,0
402,"weighted_median",0.253591728546888,0.11935476578538,0.0336125925040056,0.253591728546888,0.11935476578538,0.0336125925040056,0,0,0
402,"simple_mode",0.266662328526692,6.82387181207823,0.968924465911564,0.266662328526692,6.82387181207823,0.968924465911564,0,0,0
402,"weighted_mode",0.266662328526692,6.92446631202208,0.96937568511897,0.266662328526692,6.92446631202208,0.96937568511897,0,0,0
403,"ivw",-0.0282271119043656,0.106837839304099,0.791621810120252,-0.0282271119043656,0.106837839304099,0.791621810120252,0,0,0
403,"egger",0.147531785480426,0.153705706876402,0.340031353838744,0.147531785480426,0.153705706876402,0.340031353838744,0,0,0
403,"weighted_median",0.129798951798249,0.109915752053846,0.237644474829206,0.129798951798249,0.109915752053846,0.237644474829206,0,0,0
403,"simple_mode",-0.253474944806937,9.02772589026346,0.977669492648875,-0.253474944806937,9.02772589026346,0.977669492648875,0,0,0
403,"weighted_mode",0.305355113210128,9.01592224306998,0.97306539110424,0.305355113210128,9.01592224306998,0.97306539110424,0,0,0
404,"ivw",0.223558695567133,0.158012906337984,0.15712336580761,0.223558695567133,0.158012906337984,0.15712336580761,0,0,0
404,"egger",0.428671659276355,0.244567826883206,0.0834722108205428,0.428671659276355,0.244567826883206,0.0834722108205428,0,0,0
404,"weighted_median",0.308170680687753,0.135079654852327,0.0225248072564127,0.308170680687753,0.135079654852327,0.0225248072564127,0,0,0
404,"simple_mode",0.160390586543316,22.3664417857711,0.994296021379554,0.160390586543316,22.3664417857711,0.994296021379554,0,0,0
404,"weighted_mode",0.160390586543316,22.3427387719362,0.994289970235346,0.160390586543316,22.3427387719362,0.994289970235346,0,0,0
405,"ivw",0.151836232131799,0.116277972743796,0.191619248088979,0.151836232131799,0.116277972743796,0.191619248088979,0,0,0
405,"egger",0.0528695914876494,0.167972195836397,0.753769387754159,0.0528695914876494,0.167972195836397,0.753769387754159,0,0,0
405,"weighted_median",0.0526470693525163,0.119505679863567,0.659545823058831,0.0526470693525163,0.119505679863567,0.659545823058831,0,0,0
405,"simple_mode",0.0918448698924014,6.48038082790786,0.988727004420341,0.0918448698924014,6.48038082790786,0.988727004420341,0,0,0
405,"weighted_mode",0.0918448698924014,6.47255940142745,0.988713383082385,0.0918448698924014,6.47255940142745,0.988713383082385,0,0,0
406,"ivw",-0.0889922066374781,0.134865367830578,0.509343936989099,-0.0889922066374781,0.134865367830578,0.509343936989099,0,0,0
406,"egger",0.10630848149573,0.195825851351077,0.588726870146545,0.10630848149573,0.195825851351077,0.588726870146545,0,0,0
406,"weighted_median",-0.0454073850163424,0.111654180331131,0.68424393318428,-0.0454073850163424,0.111654180331131,0.68424393318428,0,0,0
406,"simple_mode",-0.0597275788582188,2.6224209274304,0.981885173473598,-0.0597275788582188,2.6224209274304,0.981885173473598,0,0,0
406,"weighted_mode",-0.0597275788582188,2.57050778373855,0.981519398283891,-0.0597275788582188,2.57050778373855,0.981519398283891,0,0,0
407,"ivw",0.192431751157255,0.129755494744418,0.138065498920275,0.192431751157255,0.129755494744418,0.138065498920275,0,0,0
407,"egger",0.152709204134048,0.199931746892476,0.447229297622308,0.152709204134048,0.199931746892476,0.447229297622308,0,0,0
407,"weighted_median",0.134304118492013,0.116433015671417,0.248710027051754,0.134304118492013,0.116433015671417,0.248710027051754,0,0,0
407,"simple_mode",0.568766371835407,19.191956995787,0.976430521289435,0.568766371835407,19.191956995787,0.976430521289435,0,0,0
407,"weighted_mode",0.568766371835407,19.2954865607881,0.976556945703823,0.568766371835407,19.2954865607881,0.976556945703823,0,0,0
408,"ivw",-0.072026090031401,0.152544386829126,0.636809161935044,-0.072026090031401,0.152544386829126,0.636809161935044,0,0,0
408,"egger",-0.158952562953921,0.218926104620615,0.469923464450009,-0.158952562953921,0.218926104620615,0.469923464450009,0,0,0
408,"weighted_median",0.0355940007451328,0.106989528539284,0.739370736731154,0.0355940007451328,0.106989528539284,0.739370736731154,0,0,0
408,"simple_mode",-0.0911039208912544,14.5144729319745,0.995007333096734,-0.0911039208912544,14.5144729319745,0.995007333096734,0,0,0
408,"weighted_mode",-0.0911039208912544,14.5400510249174,0.995016115817275,-0.0911039208912544,14.5400510249174,0.995016115817275,0,0,0
409,"ivw",-0.301079505425753,0.156535007662361,0.0544297768699668,-0.301079505425753,0.156535007662361,0.0544297768699668,0,0,0
409,"egger",-0.618600988431165,0.22251658444739,0.0067736742383877,-0.618600988431165,0.22251658444739,0.0067736742383877,0,0,0
409,"weighted_median",0.0641061795309261,0.126161874520237,0.611364699779082,0.0641061795309261,0.126161874520237,0.611364699779082,0,0,0
409,"simple_mode",-0.389766447013868,6.16276123330244,0.949726888052743,-0.389766447013868,6.16276123330244,0.949726888052743,0,0,0
409,"weighted_mode",0.0383120620018416,6.09996608220852,0.995004201691671,0.0383120620018416,6.09996608220852,0.995004201691671,0,0,0
410,"ivw",0.353676897051731,0.151992317485236,0.0199684960726788,0.353676897051731,0.151992317485236,0.0199684960726788,0,0,0
410,"egger",0.10272564639352,0.223203181318277,0.646596920726439,0.10272564639352,0.223203181318277,0.646596920726439,0,0,0
410,"weighted_median",0.241470431718239,0.12713516745533,0.057522347141748,0.241470431718239,0.12713516745533,0.057522347141748,0,0,0
410,"simple_mode",-1.02151348557284,34.8435747571207,0.976683782194715,-1.02151348557284,34.8435747571207,0.976683782194715,0,0,0
410,"weighted_mode",0.816934352443729,34.7114607005926,0.98128140000627,0.816934352443729,34.7114607005926,0.98128140000627,0,0,0
411,"ivw",-0.223061279130195,0.125783202283406,0.0761659400088457,-0.223061279130195,0.125783202283406,0.0761659400088457,0,0,0
411,"egger",-0.282325643654389,0.192036203384394,0.145438171222308,-0.282325643654389,0.192036203384394,0.145438171222308,0,0,0
411,"weighted_median",-0.0291482827709457,0.103864538761591,0.778988463293771,-0.0291482827709457,0.103864538761591,0.778988463293771,0,0,0
411,"simple_mode",0.181306884388082,1.49181078399539,0.903568475549498,0.181306884388082,1.49181078399539,0.903568475549498,0,0,0
411,"weighted_mode",-0.0278444726935879,1.48649494892313,0.98510126037136,-0.0278444726935879,1.48649494892313,0.98510126037136,0,0,0
412,"ivw",-0.125962376653602,0.114837756285055,0.272697132352487,-0.125962376653602,0.114837756285055,0.272697132352487,0,0,0
412,"egger",-0.376971272811506,0.169979302447663,0.029408343439756,-0.376971272811506,0.169979302447663,0.029408343439756,0,0,0
412,"weighted_median",-0.0857549769478865,0.0822851552952716,0.297333676741713,-0.0857549769478865,0.0822851552952716,0.297333676741713,0,0,0
412,"simple_mode",-0.0754180214235922,20.1298357308589,0.997019881348067,-0.0754180214235922,20.1298357308589,0.997019881348067,0,0,0
412,"weighted_mode",-0.0754180214235922,20.2188016097007,0.997032994272981,-0.0754180214235922,20.2188016097007,0.997032994272981,0,0,0
413,"ivw",-0.0877571144288884,0.153367417272637,0.567185258453059,-0.0877571144288884,0.153367417272637,0.567185258453059,0,0,0
413,"egger",-0.402087093041409,0.220228176678732,0.0716155728408491,-0.402087093041409,0.220228176678732,0.0716155728408491,0,0,0
413,"weighted_median",-0.156653732041253,0.118160310914978,0.184914948909196,-0.156653732041253,0.118160310914978,0.184914948909196,0,0,0
413,"simple_mode",0.0999002911485324,5.449903700328,0.985420152382938,0.0999002911485324,5.449903700328,0.985420152382938,0,0,0
413,"weighted_mode",-0.218004297826859,5.49421742429449,0.968446790543367,-0.218004297826859,5.49421742429449,0.968446790543367,0,0,0
414,"ivw",0.1090741353737,0.14312308309516,0.446000182143827,0.1090741353737,0.14312308309516,0.446000182143827,0,0,0
414,"egger",-0.017374235521324,0.20133611923903,0.931447787798998,-0.017374235521324,0.20133611923903,0.931447787798998,0,0,0
414,"weighted_median",0.15434811161538,0.105957925289132,0.145201290036782,0.15434811161538,0.105957925289132,0.145201290036782,0,0,0
414,"simple_mode",-0.181536149622384,10.5853936723098,0.986359376081704,-0.181536149622384,10.5853936723098,0.986359376081704,0,0,0
414,"weighted_mode",-0.181536149622384,10.5661984171771,0.986334598087795,-0.181536149622384,10.5661984171771,0.986334598087795,0,0,0
415,"ivw",-0.20728404287926,0.139253454750944,0.136609099047426,-0.20728404287926,0.139253454750944,0.136609099047426,0,0,0
415,"egger",-0.167915036097516,0.218204511932678,0.443844648374313,-0.167915036097516,0.218204511932678,0.443844648374313,0,0,0
415,"weighted_median",-0.0956899809142401,0.101135291462167,0.344067924831515,-0.0956899809142401,0.101135291462167,0.344067924831515,0,0,0
415,"simple_mode",-0.176214497650896,9.06105644649109,0.984531978458522,-0.176214497650896,9.06105644649109,0.984531978458522,0,0,0
415,"weighted_mode",-0.176214497650896,8.99077450831439,0.984411078733355,-0.176214497650896,8.99077450831439,0.984411078733355,0,0,0
416,"ivw",0.0232138740016176,0.146637785794692,0.874214430134648,0.0232138740016176,0.146637785794692,0.874214430134648,0,0,0
416,"egger",-0.157754420236003,0.229766748032803,0.494329551343293,-0.157754420236003,0.229766748032803,0.494329551343293,0,0,0
416,"weighted_median",0.140589665437859,0.126478025221586,0.266321421154682,0.140589665437859,0.126478025221586,0.266321421154682,0,0,0
416,"simple_mode",0.340238067194649,12.9007722684302,0.979024326764728,0.340238067194649,12.9007722684302,0.979024326764728,0,0,0
416,"weighted_mode",0.340238067194649,12.8119818714555,0.978878994315905,0.340238067194649,12.8119818714555,0.978878994315905,0,0,0
417,"ivw",0.0262454823086384,0.138353973221511,0.849545729802389,0.0262454823086384,0.138353973221511,0.849545729802389,0,0,0
417,"egger",0.154361968067924,0.203627249088306,0.450641573834962,0.154361968067924,0.203627249088306,0.450641573834962,0,0,0
417,"weighted_median",0.148490755687461,0.11305073798891,0.189018657346296,0.148490755687461,0.11305073798891,0.189018657346296,0,0,0
417,"simple_mode",0.201141283884524,10.4539908478923,0.984696468682062,0.201141283884524,10.4539908478923,0.984696468682062,0,0,0
417,"weighted_mode",0.201141283884524,10.1183164739006,0.984188841813091,0.201141283884524,10.1183164739006,0.984188841813091,0,0,0
418,"ivw",-0.0196558206030116,0.144746123975932,0.891983230824333,-0.0196558206030116,0.144746123975932,0.891983230824333,0,0,0
418,"egger",0.0844818682654458,0.219435800767161,0.701262174718058,0.0844818682654458,0.219435800767161,0.701262174718058,0,0,0
418,"weighted_median",-0.160550311896431,0.0970840007079103,0.0981832481937477,-0.160550311896431,0.0970840007079103,0.0981832481937477,0,0,0
418,"simple_mode",-0.227404693134116,3.14522836110807,0.942540212915825,-0.227404693134116,3.14522836110807,0.942540212915825,0,0,0
418,"weighted_mode",-0.227404693134116,3.17730612568016,0.943119314033238,-0.227404693134116,3.17730612568016,0.943119314033238,0,0,0
419,"ivw",0.0378441614021071,0.131031332713712,0.772720925789823,0.0378441614021071,0.131031332713712,0.772720925789823,0,0,0
419,"egger",-0.159611857265213,0.191401388132145,0.406813822961178,-0.159611857265213,0.191401388132145,0.406813822961178,0,0,0
419,"weighted_median",-0.0165585130540067,0.111178758336266,0.881604180225154,-0.0165585130540067,0.111178758336266,0.881604180225154,0,0,0
419,"simple_mode",-0.170026980563032,45.2373534232208,0.997010357223864,-0.170026980563032,45.2373534232208,0.997010357223864,0,0,0
419,"weighted_mode",-0.170026980563032,45.2373534232208,0.997010357223864,-0.170026980563032,45.2373534232208,0.997010357223864,0,0,0
420,"ivw",0.0797794863912793,0.129088782514616,0.536561965981907,0.0797794863912793,0.129088782514616,0.536561965981907,0,0,0
420,"egger",-0.161115476510096,0.185467751330536,0.387610974717136,-0.161115476510096,0.185467751330536,0.387610974717136,0,0,0
420,"weighted_median",-0.145308704391789,0.109841400532693,0.18587010201069,-0.145308704391789,0.109841400532693,0.18587010201069,0,0,0
420,"simple_mode",0.0519498703243952,14.6144211586262,0.997172506575106,0.0519498703243952,14.6144211586262,0.997172506575106,0,0,0
420,"weighted_mode",0.0519498703243952,14.5548868463571,0.997160941239278,0.0519498703243952,14.5548868463571,0.997160941239278,0,0,0
421,"ivw",-0.0208429150651213,0.121721079714777,0.864038949250988,-0.0208429150651213,0.121721079714777,0.864038949250988,0,0,0
421,"egger",-0.173910536156084,0.181429743742395,0.340670576862517,-0.173910536156084,0.181429743742395,0.340670576862517,0,0,0
421,"weighted_median",-0.0362420707453448,0.113144212561861,0.748727662164233,-0.0362420707453448,0.113144212561861,0.748727662164233,0,0,0
421,"simple_mode",-0.0564319525695338,33.2228793478681,0.998648900673998,-0.0564319525695338,33.2228793478681,0.998648900673998,0,0,0
421,"weighted_mode",-0.0564319525695338,33.2228793478681,0.998648900673998,-0.0564319525695338,33.2228793478681,0.998648900673998,0,0,0
422,"ivw",0.114574588456659,0.166763792510534,0.492053016357134,0.114574588456659,0.166763792510534,0.492053016357134,0,0,0
422,"egger",0.16345118395325,0.260915234693698,0.532801244060788,0.16345118395325,0.260915234693698,0.532801244060788,0,0,0
422,"weighted_median",0.00181900334087697,0.143833252993206,0.989909732520416,0.00181900334087697,0.143833252993206,0.989909732520416,0,0,0
422,"simple_mode",0.341225123743854,7.63962993794761,0.964484151446754,0.341225123743854,7.63962993794761,0.964484151446754,0,0,0
422,"weighted_mode",-0.181799696428568,7.74387120802672,0.981327849970891,-0.181799696428568,7.74387120802672,0.981327849970891,0,0,0
423,"ivw",-0.000135800444035651,0.18337738429864,0.99940912524106,-0.000135800444035651,0.18337738429864,0.99940912524106,0,0,0
423,"egger",-0.318155866473961,0.282828514350907,0.263992072823856,-0.318155866473961,0.282828514350907,0.263992072823856,0,0,0
423,"weighted_median",-0.0769614856792309,0.1396665571497,0.581608089948137,-0.0769614856792309,0.1396665571497,0.581608089948137,0,0,0
423,"simple_mode",-0.169287973480289,16.1927586504351,0.991684335964242,-0.169287973480289,16.1927586504351,0.991684335964242,0,0,0
423,"weighted_mode",-0.169287973480289,16.011385313968,0.991590141544065,-0.169287973480289,16.011385313968,0.991590141544065,0,0,0
424,"ivw",-0.0654180756617575,0.182235488654946,0.71961341754529,-0.0654180756617575,0.182235488654946,0.71961341754529,0,0,0
424,"egger",0.406864400024156,0.251087613583474,0.109080027967189,0.406864400024156,0.251087613583474,0.109080027967189,0,0,0
424,"weighted_median",0.237641916638814,0.119627749238413,0.0469765413712472,0.237641916638814,0.119627749238413,0.0469765413712472,0,0,0
424,"simple_mode",-0.382718441219616,17.0034620788886,0.982097874782558,-0.382718441219616,17.0034620788886,0.982097874782558,0,0,0
424,"weighted_mode",0.527433936467155,16.923523267273,0.97521403686927,0.527433936467155,16.923523267273,0.97521403686927,0,0,0
425,"ivw",-0.0271747752757866,0.157288527712451,0.862832037298112,-0.0271747752757866,0.157288527712451,0.862832037298112,0,0,0
425,"egger",-0.173938995308156,0.238812466945235,0.468526190441506,-0.173938995308156,0.238812466945235,0.468526190441506,0,0,0
425,"weighted_median",-0.115146069525703,0.103268124352185,0.264841662453315,-0.115146069525703,0.103268124352185,0.264841662453315,0,0,0
425,"simple_mode",-0.435642621749661,10.8039463833133,0.967935202838178,-0.435642621749661,10.8039463833133,0.967935202838178,0,0,0
425,"weighted_mode",-0.435642621749661,10.8024671388998,0.967930814428727,-0.435642621749661,10.8024671388998,0.967930814428727,0,0,0
426,"ivw",0.0171622185604427,0.10033124242141,0.864180065412172,0.0171622185604427,0.10033124242141,0.864180065412172,0,0,0
426,"egger",-0.120386910637209,0.168427732986033,0.47683247966074,-0.120386910637209,0.168427732986033,0.47683247966074,0,0,0
426,"weighted_median",-0.0296050750727316,0.112626582584393,0.792658134793978,-0.0296050750727316,0.112626582584393,0.792658134793978,0,0,0
426,"simple_mode",-0.131362094974371,3.60209244291767,0.970998701116428,-0.131362094974371,3.60209244291767,0.970998701116428,0,0,0
426,"weighted_mode",-0.131362094974371,3.56819583123245,0.970723324310528,-0.131362094974371,3.56819583123245,0.970723324310528,0,0,0
427,"ivw",-0.000701399561806275,0.105262127482045,0.994683446426625,-0.000701399561806275,0.105262127482045,0.994683446426625,0,0,0
427,"egger",-0.0204820643229345,0.174289850252354,0.906744719577942,-0.0204820643229345,0.174289850252354,0.906744719577942,0,0,0
427,"weighted_median",0.191322123022656,0.0929082887423609,0.0394695438803214,0.191322123022656,0.0929082887423609,0.0394695438803214,0,0,0
427,"simple_mode",0.0454645903895752,1.68421378682718,0.978530479197217,0.0454645903895752,1.68421378682718,0.978530479197217,0,0,0
427,"weighted_mode",0.0454645903895752,1.65223025863793,0.978114981870746,0.0454645903895752,1.65223025863793,0.978114981870746,0,0,0
428,"ivw",-0.017665903451503,0.0956965928849717,0.85354022522573,-0.017665903451503,0.0956965928849717,0.85354022522573,0,0,0
428,"egger",0.186453570058361,0.153791898889577,0.228936857969827,0.186453570058361,0.153791898889577,0.228936857969827,0,0,0
428,"weighted_median",-0.0314807562087394,0.109909517792791,0.774553168662618,-0.0314807562087394,0.109909517792791,0.774553168662618,0,0,0
428,"simple_mode",-0.0761532790844471,1.68771824892225,0.964121095489781,-0.0761532790844471,1.68771824892225,0.964121095489781,0,0,0
428,"weighted_mode",-0.0761532790844471,1.70315082939827,0.964445980939686,-0.0761532790844471,1.70315082939827,0.964445980939686,0,0,0
429,"ivw",0.119828115167556,0.144047478456916,0.405484916365155,0.119828115167556,0.144047478456916,0.405484916365155,0,0,0
429,"egger",0.106636052490963,0.225626812334958,0.637770185971775,0.106636052490963,0.225626812334958,0.637770185971775,0,0,0
429,"weighted_median",0.010014211151407,0.105631889544562,0.924471370673688,0.010014211151407,0.105631889544562,0.924471370673688,0,0,0
429,"simple_mode",0.0922175074391458,2.62682925092501,0.972081574860347,0.0922175074391458,2.62682925092501,0.972081574860347,0,0,0
429,"weighted_mode",0.0922175074391458,2.69628246601039,0.972800434632407,0.0922175074391458,2.69628246601039,0.972800434632407,0,0,0
430,"ivw",-0.104194838843491,0.117071352037889,0.373459760617757,-0.104194838843491,0.117071352037889,0.373459760617757,0,0,0
430,"egger",-0.319696931951353,0.196360371052955,0.107433062381735,-0.319696931951353,0.196360371052955,0.107433062381735,0,0,0
430,"weighted_median",-0.100139349816585,0.127569741172351,0.43246688336767,-0.100139349816585,0.127569741172351,0.43246688336767,0,0,0
430,"simple_mode",-0.0512019781595792,0.979713322980938,0.958448442836354,-0.0512019781595792,0.979713322980938,0.958448442836354,0,0,0
430,"weighted_mode",-0.0512019781595792,0.96717236113205,0.957910165440741,-0.0512019781595792,0.96717236113205,0.957910165440741,0,0,0
431,"ivw",-0.0575465580027614,0.128205762796132,0.653531981362376,-0.0575465580027614,0.128205762796132,0.653531981362376,0,0,0
431,"egger",-0.533638412312328,0.205572338954342,0.0112228587933657,-0.533638412312328,0.205572338954342,0.0112228587933657,0,0,0
431,"weighted_median",-0.168647842604505,0.110631519543438,0.127406215532374,-0.168647842604505,0.110631519543438,0.127406215532374,0,0,0
431,"simple_mode",-0.518222705098193,4.93921452570198,0.91669861515513,-0.518222705098193,4.93921452570198,0.91669861515513,0,0,0
431,"weighted_mode",0.0549275146613644,4.89762781621033,0.991079388337964,0.0549275146613644,4.89762781621033,0.991079388337964,0,0,0
432,"ivw",-0.102517964107548,0.121160022078764,0.397476384165875,-0.102517964107548,0.121160022078764,0.397476384165875,0,0,0
432,"egger",-0.316427790198605,0.19879659782644,0.115392442263935,-0.316427790198605,0.19879659782644,0.115392442263935,0,0,0
432,"weighted_median",0.110574904701619,0.100957110386314,0.273400056595689,0.110574904701619,0.100957110386314,0.273400056595689,0,0,0
432,"simple_mode",-0.0283597783431582,1.09394898644837,0.979381541240428,-0.0283597783431582,1.09394898644837,0.979381541240428,0,0,0
432,"weighted_mode",-0.0283597783431582,1.07052310682406,0.978930460474541,-0.0283597783431582,1.07052310682406,0.978930460474541,0,0,0
433,"ivw",-0.101823479369797,0.126322112695787,0.420206988769434,-0.101823479369797,0.126322112695787,0.420206988769434,0,0,0
433,"egger",0.0255233429694316,0.21113826574195,0.90408562591978,0.0255233429694316,0.21113826574195,0.90408562591978,0,0,0
433,"weighted_median",0.0188853057466587,0.103277304439456,0.854907733341817,0.0188853057466587,0.103277304439456,0.854907733341817,0,0,0
433,"simple_mode",0.225657598498299,1.90336219014636,0.905919573411995,0.225657598498299,1.90336219014636,0.905919573411995,0,0,0
433,"weighted_mode",-0.0564000351861864,1.9315645541233,0.976777586298395,-0.0564000351861864,1.9315645541233,0.976777586298395,0,0,0
434,"ivw",-0.166027445656095,0.149484640550989,0.266712321246626,-0.166027445656095,0.149484640550989,0.266712321246626,0,0,0
434,"egger",0.32909566598854,0.246233905847344,0.18516934563155,0.32909566598854,0.246233905847344,0.18516934563155,0,0,0
434,"weighted_median",-0.0969803095750877,0.116836039272963,0.40650782831988,-0.0969803095750877,0.116836039272963,0.40650782831988,0,0,0
434,"simple_mode",0.319820217114395,2.75396281058333,0.907836227693932,0.319820217114395,2.75396281058333,0.907836227693932,0,0,0
434,"weighted_mode",-0.0172346273617536,2.79267532345332,0.995091166068793,-0.0172346273617536,2.79267532345332,0.995091166068793,0,0,0
435,"ivw",-0.140629865718623,0.131993476873235,0.286681196204394,-0.140629865718623,0.131993476873235,0.286681196204394,0,0,0
435,"egger",-0.223255928827097,0.212978859050276,0.297678255116986,-0.223255928827097,0.212978859050276,0.297678255116986,0,0,0
435,"weighted_median",-0.178895712906261,0.10316582769622,0.0829074761133493,-0.178895712906261,0.10316582769622,0.0829074761133493,0,0,0
435,"simple_mode",-0.118043447220974,2.47632252307933,0.962097498217682,-0.118043447220974,2.47632252307933,0.962097498217682,0,0,0
435,"weighted_mode",-0.118043447220974,2.47150456203677,0.962023667730009,-0.118043447220974,2.47150456203677,0.962023667730009,0,0,0
436,"ivw",0.00586732774025741,0.116697265932987,0.959900700698484,0.00586732774025741,0.116697265932987,0.959900700698484,0,0,0
436,"egger",0.0125114687881036,0.20234433359255,0.95085039224013,0.0125114687881036,0.20234433359255,0.95085039224013,0,0,0
436,"weighted_median",-0.0152793022367771,0.100734126240597,0.879439724074869,-0.0152793022367771,0.100734126240597,0.879439724074869,0,0,0
436,"simple_mode",0.0996568698876212,0.95852064322336,0.917450590005355,0.0996568698876212,0.95852064322336,0.917450590005355,0,0,0
436,"weighted_mode",-0.0141613983810182,0.94692228956989,0.988104708399574,-0.0141613983810182,0.94692228956989,0.988104708399574,0,0,0
437,"ivw",-0.192743130030977,0.123149876524347,0.117557068229394,-0.192743130030977,0.123149876524347,0.117557068229394,0,0,0
437,"egger",-0.404663555438619,0.211823416148314,0.0596672772592077,-0.404663555438619,0.211823416148314,0.0596672772592077,0,0,0
437,"weighted_median",0.0837889990820308,0.0897603892426367,0.350575233987917,0.0837889990820308,0.0897603892426367,0.350575233987917,0,0,0
437,"simple_mode",0.520552252820915,2.93360078312019,0.859601992065879,0.520552252820915,2.93360078312019,0.859601992065879,0,0,0
437,"weighted_mode",0.154750985745443,2.94893870828861,0.95827795289127,0.154750985745443,2.94893870828861,0.95827795289127,0,0,0
438,"ivw",0.0215430403204663,0.142011180313127,0.879423866724181,0.0215430403204663,0.142011180313127,0.879423866724181,0,0,0
438,"egger",0.0527225464933,0.214933682765513,0.806854784453835,0.0527225464933,0.214933682765513,0.806854784453835,0,0,0
438,"weighted_median",-0.0130874155063393,0.0992621317418268,0.895105300656233,-0.0130874155063393,0.0992621317418268,0.895105300656233,0,0,0
438,"simple_mode",0.0550313944892243,1.28917811431877,0.966055941418361,0.0550313944892243,1.28917811431877,0.966055941418361,0,0,0
438,"weighted_mode",0.0550313944892243,1.29423225136418,0.96618841615566,0.0550313944892243,1.29423225136418,0.96618841615566,0,0,0
439,"ivw",0.292694134733565,0.133574857730588,0.028434665769257,0.292694134733565,0.133574857730588,0.028434665769257,0,0,0
439,"egger",0.228861511330257,0.218771607538313,0.298655844528283,0.228861511330257,0.218771607538313,0.298655844528283,0,0,0
439,"weighted_median",0.0420454268314729,0.118459991335692,0.722639363491665,0.0420454268314729,0.118459991335692,0.722639363491665,0,0,0
439,"simple_mode",-0.086480926694291,0.931129416345443,0.926230258624969,-0.086480926694291,0.931129416345443,0.926230258624969,0,0,0
439,"weighted_mode",-0.086480926694291,0.919586568624198,0.925307027938958,-0.086480926694291,0.919586568624198,0.925307027938958,0,0,0
440,"ivw",0.0993955556633265,0.146164651615512,0.496488898033192,0.0993955556633265,0.146164651615512,0.496488898033192,0,0,0
440,"egger",0.245244977840911,0.239326815671982,0.308579991471149,0.245244977840911,0.239326815671982,0.308579991471149,0,0,0
440,"weighted_median",-0.025574158795197,0.111920041769637,0.819254574823248,-0.025574158795197,0.111920041769637,0.819254574823248,0,0,0
440,"simple_mode",-0.149842624171581,1.57442624845968,0.924412595630277,-0.149842624171581,1.57442624845968,0.924412595630277,0,0,0
440,"weighted_mode",0.0298535231764401,1.59641053177931,0.985126092928152,0.0298535231764401,1.59641053177931,0.985126092928152,0,0,0
441,"ivw",-0.19156775541284,0.144366322684099,0.184523244198757,-0.19156775541284,0.144366322684099,0.184523244198757,0,0,0
441,"egger",-0.170253473089345,0.234739678582218,0.470392686837334,-0.170253473089345,0.234739678582218,0.470392686837334,0,0,0
441,"weighted_median",-0.171361370907872,0.133506566894072,0.199302031943588,-0.171361370907872,0.133506566894072,0.199302031943588,0,0,0
441,"simple_mode",-0.138912740694586,3.51167331121428,0.96854331129678,-0.138912740694586,3.51167331121428,0.96854331129678,0,0,0
441,"weighted_mode",-0.138912740694586,3.51753000018882,0.968595659116162,-0.138912740694586,3.51753000018882,0.968595659116162,0,0,0
442,"ivw",0.311758202939485,0.120313869524503,0.0095639801114194,0.311758202939485,0.120313869524503,0.0095639801114194,0,0,0
442,"egger",0.503944759040268,0.206475958304257,0.0168680456278213,0.503944759040268,0.206475958304257,0.0168680456278213,0,0,0
442,"weighted_median",-0.0267532516504369,0.100898734823436,0.790894276471459,-0.0267532516504369,0.100898734823436,0.790894276471459,0,0,0
442,"simple_mode",0.182493117018853,4.53513820578056,0.968000955889137,0.182493117018853,4.53513820578056,0.968000955889137,0,0,0
442,"weighted_mode",0.182493117018853,4.53970398572079,0.968033121180511,0.182493117018853,4.53970398572079,0.968033121180511,0,0,0
443,"ivw",0.0423424376871959,0.148283419815061,0.775222250088684,0.0423424376871959,0.148283419815061,0.775222250088684,0,0,0
443,"egger",0.222726094153569,0.235471210957306,0.347061069432395,0.222726094153569,0.235471210957306,0.347061069432395,0,0,0
443,"weighted_median",0.134732382077389,0.110794328226822,0.223962646590904,0.134732382077389,0.110794328226822,0.223962646590904,0,0,0
443,"simple_mode",-0.0231599968778735,3.60273189334097,0.994886677265735,-0.0231599968778735,3.60273189334097,0.994886677265735,0,0,0
443,"weighted_mode",-0.0231599968778735,3.62776047761104,0.994921954529353,-0.0231599968778735,3.62776047761104,0.994921954529353,0,0,0
444,"ivw",0.186130250481414,0.112898770705479,0.0992199179694031,0.186130250481414,0.112898770705479,0.0992199179694031,0,0,0
444,"egger",-0.012538205359411,0.185344987832102,0.946234685758228,-0.012538205359411,0.185344987832102,0.946234685758228,0,0,0
444,"weighted_median",0.040594295998793,0.0990453819379701,0.681911939756688,0.040594295998793,0.0990453819379701,0.681911939756688,0,0,0
444,"simple_mode",0.0611574499902674,3.09606361947266,0.984288755683114,0.0611574499902674,3.09606361947266,0.984288755683114,0,0,0
444,"weighted_mode",0.0611574499902674,3.12385111878684,0.98442849328838,0.0611574499902674,3.12385111878684,0.98442849328838,0,0,0
445,"ivw",0.0616528176796762,0.144701742214509,0.670058116759985,0.0616528176796762,0.144701742214509,0.670058116759985,0,0,0
445,"egger",0.280882667230236,0.235900344205851,0.237298886195987,0.280882667230236,0.235900344205851,0.237298886195987,0,0,0
445,"weighted_median",0.133608214754739,0.114184936342597,0.241959245830582,0.133608214754739,0.114184936342597,0.241959245830582,0,0,0
445,"simple_mode",0.17637548926623,4.86227176722044,0.971152892473014,0.17637548926623,4.86227176722044,0.971152892473014,0,0,0
445,"weighted_mode",0.17637548926623,4.91740730422488,0.971476194247123,0.17637548926623,4.91740730422488,0.971476194247123,0,0,0
446,"ivw",-0.0452314645432373,0.135759754617433,0.739003810027381,-0.0452314645432373,0.135759754617433,0.739003810027381,0,0,0
446,"egger",-0.0663295962871809,0.219714810540976,0.763519703031837,-0.0663295962871809,0.219714810540976,0.763519703031837,0,0,0
446,"weighted_median",-0.129332785549706,0.11950745803965,0.279156923609709,-0.129332785549706,0.11950745803965,0.279156923609709,0,0,0
446,"simple_mode",-0.0396787589020019,0.741411229855519,0.957451057722359,-0.0396787589020019,0.741411229855519,0.957451057722359,0,0,0
446,"weighted_mode",-0.0396787589020019,0.733334963332091,0.956982923619882,-0.0396787589020019,0.733334963332091,0.956982923619882,0,0,0
447,"ivw",0.0203332111055635,0.160744496266509,0.89934091398742,0.0203332111055635,0.160744496266509,0.89934091398742,0,0,0
447,"egger",-0.287648504498733,0.264363179415063,0.279826619818481,-0.287648504498733,0.264363179415063,0.279826619818481,0,0,0
447,"weighted_median",0.0309774959449545,0.122334363216705,0.800098284969794,0.0309774959449545,0.122334363216705,0.800098284969794,0,0,0
447,"simple_mode",-0.188892413621681,1.2953331424922,0.884421551919616,-0.188892413621681,1.2953331424922,0.884421551919616,0,0,0
447,"weighted_mode",-0.188892413621681,1.28399205275532,0.883408084638404,-0.188892413621681,1.28399205275532,0.883408084638404,0,0,0
448,"ivw",-0.309456782893558,0.15012406671775,0.0392705897440139,-0.309456782893558,0.15012406671775,0.0392705897440139,0,0,0
448,"egger",-0.46045873015581,0.242894368369778,0.0616087936838743,-0.46045873015581,0.242894368369778,0.0616087936838743,0,0,0
448,"weighted_median",-0.420649714027763,0.126459132034853,0.000879854228213725,-0.420649714027763,0.126459132034853,0.000879854228213725,0,0,0
448,"simple_mode",-0.0514408111556719,1.27588224315236,0.967938945896008,-0.0514408111556719,1.27588224315236,0.967938945896008,0,0,0
448,"weighted_mode",-0.369782055528292,1.28850495256453,0.774856386968223,-0.369782055528292,1.28850495256453,0.774856386968223,0,0,0
449,"ivw",-0.152784843994901,0.168023263004782,0.363187736149867,-0.152784843994901,0.168023263004782,0.363187736149867,0,0,0
449,"egger",-0.0409934680566948,0.311995448044906,0.89579569048158,-0.0409934680566948,0.311995448044906,0.89579569048158,0,0,0
449,"weighted_median",0.0170017419131567,0.118236477562882,0.885662834663304,0.0170017419131567,0.118236477562882,0.885662834663304,0,0,0
449,"simple_mode",-0.111894601980645,1.48301870390725,0.940042265870613,-0.111894601980645,1.48301870390725,0.940042265870613,0,0,0
449,"weighted_mode",-0.111894601980645,1.44696871522364,0.938551445378135,-0.111894601980645,1.44696871522364,0.938551445378135,0,0,0
450,"ivw",0.0989375544477747,0.146115993673776,0.498332022518585,0.0989375544477747,0.146115993673776,0.498332022518585,0,0,0
450,"egger",-0.0811052103124939,0.242341996552017,0.73874800051182,-0.0811052103124939,0.242341996552017,0.73874800051182,0,0,0
450,"weighted_median",-0.19304177452155,0.10864636568995,0.0756028001855704,-0.19304177452155,0.10864636568995,0.0756028001855704,0,0,0
450,"simple_mode",0.0177928457802547,2.35128579846112,0.993980845677381,0.0177928457802547,2.35128579846112,0.993980845677381,0,0,0
450,"weighted_mode",0.0177928457802547,2.34646868576808,0.993968489074091,0.0177928457802547,2.34646868576808,0.993968489074091,0,0,0
451,"ivw",0.0399334912542735,0.094295661850387,0.671936080216706,0.0399334912542735,0.094295661850387,0.671936080216706,0,0,0
451,"egger",0.0471168941684724,0.145603720875301,0.747087752750093,0.0471168941684724,0.145603720875301,0.747087752750093,0,0,0
451,"weighted_median",0.0357236820130312,0.0896039788495587,0.690125982107037,0.0357236820130312,0.0896039788495587,0.690125982107037,0,0,0
451,"simple_mode",0.0861618061155603,0.185256073288435,0.643110864337482,0.0861618061155603,0.185256073288435,0.643110864337482,0,0,0
451,"weighted_mode",0.0474068810652561,0.0908052439395088,0.603044984894588,0.0474068810652561,0.0908052439395088,0.603044984894588,0,0,0
452,"ivw",-0.127719934687613,0.0961445739885413,0.18404090795296,-0.127719934687613,0.0961445739885413,0.18404090795296,0,0,0
452,"egger",0.158146941279564,0.142234732838013,0.26952305136342,0.158146941279564,0.142234732838013,0.26952305136342,0,0,0
452,"weighted_median",0.125070169340948,0.0927703842200398,0.177603986963265,0.125070169340948,0.0927703842200398,0.177603986963265,0,0,0
452,"simple_mode",0.134578341708621,0.409517298665986,0.743285918351448,0.134578341708621,0.409517298665986,0.743285918351448,0,0,0
452,"weighted_mode",0.134578341708621,0.383103553394714,0.726287020930141,0.134578341708621,0.383103553394714,0.726287020930141,0,0,0
453,"ivw",0.058937597611019,0.0953719190275707,0.536590878669219,0.058937597611019,0.0953719190275707,0.536590878669219,0,0,0
453,"egger",0.0186229564800177,0.148706796540352,0.900653484277491,0.0186229564800177,0.148706796540352,0.900653484277491,0,0,0
453,"weighted_median",0.0316974092209613,0.0948013730348775,0.738110926896767,0.0316974092209613,0.0948013730348775,0.738110926896767,0,0,0
453,"simple_mode",0.176561732557045,0.738585737862115,0.811667679548163,0.176561732557045,0.738585737862115,0.811667679548163,0,0,0
453,"weighted_mode",0.00171332358350679,0.693640817094668,0.998035264984866,0.00171332358350679,0.693640817094668,0.998035264984866,0,0,0
454,"ivw",0.0338410770360944,0.139909893733148,0.8088749646791,0.0338410770360944,0.139909893733148,0.8088749646791,0,0,0
454,"egger",0.156385876782044,0.202023484223471,0.441154814096871,0.156385876782044,0.202023484223471,0.441154814096871,0,0,0
454,"weighted_median",0.0427927996609455,0.113256961246446,0.705550838160716,0.0427927996609455,0.113256961246446,0.705550838160716,0,0,0
454,"simple_mode",0.248669911993048,0.837020696915217,0.767158856178544,0.248669911993048,0.837020696915217,0.767158856178544,0,0,0
454,"weighted_mode",0.248669911993048,0.836719639421762,0.767077543678867,0.248669911993048,0.836719639421762,0.767077543678867,0,0,0
455,"ivw",0.0560905018148233,0.110604731223966,0.61206662311825,0.0560905018148233,0.110604731223966,0.61206662311825,0,0,0
455,"egger",0.0760083610671085,0.182563107444297,0.678275960963022,0.0760083610671085,0.182563107444297,0.678275960963022,0,0,0
455,"weighted_median",0.334410981982329,0.110103601199811,0.00238755849756583,0.334410981982329,0.110103601199811,0.00238755849756583,0,0,0
455,"simple_mode",-0.059908332901234,0.556141668633317,0.914483110780216,-0.059908332901234,0.556141668633317,0.914483110780216,0,0,0
455,"weighted_mode",0.292437584433107,0.583172534260568,0.617407767202992,0.292437584433107,0.583172534260568,0.617407767202992,0,0,0
456,"ivw",-0.0471288927506555,0.102858841529139,0.646815942593833,-0.0471288927506555,0.102858841529139,0.646815942593833,0,0,0
456,"egger",-0.0771948906336939,0.149155943018932,0.606204039174361,-0.0771948906336939,0.149155943018932,0.606204039174361,0,0,0
456,"weighted_median",-0.0497999247286144,0.0782576321335146,0.524542655820147,-0.0497999247286144,0.0782576321335146,0.524542655820147,0,0,0
456,"simple_mode",0.265211842541648,0.241293873799738,0.274970241880485,0.265211842541648,0.241293873799738,0.274970241880485,0,0,0
456,"weighted_mode",0.00524470075357009,0.210755795902655,0.98020773525596,0.00524470075357009,0.210755795902655,0.98020773525596,0,0,0
457,"ivw",0.113617676038066,0.0782525374359471,0.146519402019013,0.113617676038066,0.0782525374359471,0.146519402019013,0,0,0
457,"egger",0.0828739543612341,0.108165249499963,0.445824616221822,0.0828739543612341,0.108165249499963,0.445824616221822,0,0,0
457,"weighted_median",0.132883754802679,0.0532115656407992,0.0125152905674735,0.132883754802679,0.0532115656407992,0.0125152905674735,0,0,0
457,"simple_mode",0.14423545438175,0.595965799728167,0.809376609597219,0.14423545438175,0.595965799728167,0.809376609597219,0,0,0
457,"weighted_mode",0.14423545438175,0.57412656846902,0.802275714816935,0.14423545438175,0.57412656846902,0.802275714816935,0,0,0
458,"ivw",-0.016367682948342,0.107192165999658,0.878638986693992,-0.016367682948342,0.107192165999658,0.878638986693992,0,0,0
458,"egger",0.038252603035309,0.155038616634106,0.805749588813403,0.038252603035309,0.155038616634106,0.805749588813403,0,0,0
458,"weighted_median",0.0306793981948738,0.0811398430567952,0.705352430817564,0.0306793981948738,0.0811398430567952,0.705352430817564,0,0,0
458,"simple_mode",0.107323522211316,0.525741300311669,0.838758073299303,0.107323522211316,0.525741300311669,0.838758073299303,0,0,0
458,"weighted_mode",-0.00608059478553645,0.495173113718805,0.990232630036864,-0.00608059478553645,0.495173113718805,0.990232630036864,0,0,0
459,"ivw",-0.0424277884708168,0.137356171949049,0.757406087190198,-0.0424277884708168,0.137356171949049,0.757406087190198,0,0,0
459,"egger",0.158214655495363,0.215032523345525,0.464022002080434,0.158214655495363,0.215032523345525,0.464022002080434,0,0,0
459,"weighted_median",-0.153348655782535,0.111042611808992,0.167282258854627,-0.153348655782535,0.111042611808992,0.167282258854627,0,0,0
459,"simple_mode",-0.189176222903366,0.529154841874714,0.72164260556268,-0.189176222903366,0.529154841874714,0.72164260556268,0,0,0
459,"weighted_mode",-0.189176222903366,0.50729657191401,0.710189121026051,-0.189176222903366,0.50729657191401,0.710189121026051,0,0,0
460,"ivw",0.121457027207258,0.119165413906703,0.30809353885638,0.121457027207258,0.119165413906703,0.30809353885638,0,0,0
460,"egger",-0.0279863028844087,0.168940743809984,0.868844410028878,-0.0279863028844087,0.168940743809984,0.868844410028878,0,0,0
460,"weighted_median",0.0798530198016285,0.0856637369527085,0.351249556642641,0.0798530198016285,0.0856637369527085,0.351249556642641,0,0,0
460,"simple_mode",0.228707435820394,0.380557160512201,0.5495310678508,0.228707435820394,0.380557160512201,0.5495310678508,0,0,0
460,"weighted_mode",0.134775341923693,0.34777173423356,0.699373207540712,0.134775341923693,0.34777173423356,0.699373207540712,0,0,0
461,"ivw",0.106664021905735,0.110546208054804,0.334604028726275,0.106664021905735,0.110546208054804,0.334604028726275,0,0,0
461,"egger",0.372814461221102,0.180681545142575,0.0423196465377139,0.372814461221102,0.180681545142575,0.0423196465377139,0,0,0
461,"weighted_median",0.080076168883978,0.113625492268281,0.480973480910289,0.080076168883978,0.113625492268281,0.480973480910289,0,0,0
461,"simple_mode",-0.0207810531546902,0.297489658879723,0.944481474843795,-0.0207810531546902,0.297489658879723,0.944481474843795,0,0,0
461,"weighted_mode",0.117251924120667,0.255625383053296,0.647687682598595,0.117251924120667,0.255625383053296,0.647687682598595,0,0,0
462,"ivw",-0.000363197495356433,0.125611725462115,0.997692975960562,-0.000363197495356433,0.125611725462115,0.997692975960562,0,0,0
462,"egger",-0.111685864328367,0.184424081397884,0.546499572339033,-0.111685864328367,0.184424081397884,0.546499572339033,0,0,0
462,"weighted_median",-0.00275159101436018,0.0918609988905251,0.976103855246354,-0.00275159101436018,0.0918609988905251,0.976103855246354,0,0,0
462,"simple_mode",0.052844888885845,0.483587466620495,0.913253221204478,0.052844888885845,0.483587466620495,0.913253221204478,0,0,0
462,"weighted_mode",0.052844888885845,0.463860583844743,0.909579885980947,0.052844888885845,0.463860583844743,0.909579885980947,0,0,0
463,"ivw",-0.105738662789104,0.121824616824829,0.385417271509502,-0.105738662789104,0.121824616824829,0.385417271509502,0,0,0
463,"egger",0.282619990271292,0.172817829073549,0.105901709483581,0.282619990271292,0.172817829073549,0.105901709483581,0,0,0
463,"weighted_median",-0.0446610344023989,0.0895063704367466,0.617800197978849,-0.0446610344023989,0.0895063704367466,0.617800197978849,0,0,0
463,"simple_mode",0.139175867410841,0.827557945533978,0.866863578271614,0.139175867410841,0.827557945533978,0.866863578271614,0,0,0
463,"weighted_mode",-0.0921063018675087,0.823301538780834,0.911199828857166,-0.0921063018675087,0.823301538780834,0.911199828857166,0,0,0
464,"ivw",-0.0257173582845879,0.144612414249672,0.858851421128729,-0.0257173582845879,0.144612414249672,0.858851421128729,0,0,0
464,"egger",-0.23746885177433,0.228142888864456,0.301067812480262,-0.23746885177433,0.228142888864456,0.301067812480262,0,0,0
464,"weighted_median",-0.13049710493682,0.123168679717795,0.289372540279582,-0.13049710493682,0.123168679717795,0.289372540279582,0,0,0
464,"simple_mode",0.0314371603282753,0.447052261734247,0.944111498091242,0.0314371603282753,0.447052261734247,0.944111498091242,0,0,0
464,"weighted_mode",-0.070554273964984,0.426948690466058,0.869157099977529,-0.070554273964984,0.426948690466058,0.869157099977529,0,0,0
465,"ivw",-0.0848530907580842,0.111119341074908,0.445092978730827,-0.0848530907580842,0.111119341074908,0.445092978730827,0,0,0
465,"egger",-0.176854479617044,0.158230820675432,0.26704075151299,-0.176854479617044,0.158230820675432,0.26704075151299,0,0,0
465,"weighted_median",-0.361718372611913,0.0718243892699246,4.7498927291183e-07,-0.361718372611913,0.0718243892699246,4.7498927291183e-07,0,0,0
465,"simple_mode",-0.215636833125986,0.273263821370672,0.432347999350192,-0.215636833125986,0.273263821370672,0.432347999350192,0,0,0
465,"weighted_mode",-0.215636833125986,0.199413191774657,0.282747352354521,-0.215636833125986,0.199413191774657,0.282747352354521,0,0,0
466,"ivw",0.0364061627962852,0.138607243976374,0.792814962816723,0.0364061627962852,0.138607243976374,0.792814962816723,0,0,0
466,"egger",-0.187002312149166,0.208570560496599,0.372627781106545,-0.187002312149166,0.208570560496599,0.372627781106545,0,0,0
466,"weighted_median",-0.0228854207083485,0.118088491906992,0.84633334256079,-0.0228854207083485,0.118088491906992,0.84633334256079,0,0,0
466,"simple_mode",0.0219465416169591,0.636659440642144,0.972586055756005,0.0219465416169591,0.636659440642144,0.972586055756005,0,0,0
466,"weighted_mode",-0.152370271287113,0.612429686718796,0.804148065146553,-0.152370271287113,0.612429686718796,0.804148065146553,0,0,0
467,"ivw",0.102568165640411,0.125285312822067,0.412970897347049,0.102568165640411,0.125285312822067,0.412970897347049,0,0,0
467,"egger",-0.0137539920973236,0.188696109528358,0.942075868509388,-0.0137539920973236,0.188696109528358,0.942075868509388,0,0,0
467,"weighted_median",-0.0182014770094792,0.103687139837011,0.860653551305715,-0.0182014770094792,0.103687139837011,0.860653551305715,0,0,0
467,"simple_mode",0.0451188921811723,0.329980034084121,0.891581767908962,0.0451188921811723,0.329980034084121,0.891581767908962,0,0,0
467,"weighted_mode",0.0451188921811723,0.281972225625157,0.873270112714632,0.0451188921811723,0.281972225625157,0.873270112714632,0,0,0
468,"ivw",-0.126705828562906,0.111201712819106,0.254526619906256,-0.126705828562906,0.111201712819106,0.254526619906256,0,0,0
468,"egger",-0.267455053149019,0.161195739953749,0.100992278592688,-0.267455053149019,0.161195739953749,0.100992278592688,0,0,0
468,"weighted_median",0.049488273050357,0.107943613539207,0.646619039360974,0.049488273050357,0.107943613539207,0.646619039360974,0,0,0
468,"simple_mode",-0.368696281184324,0.386229396819659,0.342618052429709,-0.368696281184324,0.386229396819659,0.342618052429709,0,0,0
468,"weighted_mode",-0.113309212843168,0.325990504883634,0.729053911904153,-0.113309212843168,0.325990504883634,0.729053911904153,0,0,0
469,"ivw",-0.066774949020305,0.124183846575627,0.590776980346342,-0.066774949020305,0.124183846575627,0.590776980346342,0,0,0
469,"egger",-0.0225161123990602,0.198238756849396,0.90985467906859,-0.0225161123990602,0.198238756849396,0.90985467906859,0,0,0
469,"weighted_median",-0.155854362995863,0.100024506188324,0.119194901667569,-0.155854362995863,0.100024506188324,0.119194901667569,0,0,0
469,"simple_mode",-0.35245559522735,0.271372675325638,0.197701919485045,-0.35245559522735,0.271372675325638,0.197701919485045,0,0,0
469,"weighted_mode",-0.164669247555062,0.20460408695731,0.423280222307199,-0.164669247555062,0.20460408695731,0.423280222307199,0,0,0
470,"ivw",-0.0441332293180809,0.139053348881842,0.75095267601943,-0.0441332293180809,0.139053348881842,0.75095267601943,0,0,0
470,"egger",-0.0431709833144475,0.220285582016425,0.845124851826754,-0.0431709833144475,0.220285582016425,0.845124851826754,0,0,0
470,"weighted_median",-0.107746481389877,0.11656582367835,0.355309198261136,-0.107746481389877,0.11656582367835,0.355309198261136,0,0,0
470,"simple_mode",-0.125940435590089,0.388262163071094,0.746494420664096,-0.125940435590089,0.388262163071094,0.746494420664096,0,0,0
470,"weighted_mode",-0.125940435590089,0.368544442901243,0.733443682398732,-0.125940435590089,0.368544442901243,0.733443682398732,0,0,0
471,"ivw",-0.12907521155883,0.114409417616932,0.259240975367269,-0.12907521155883,0.114409417616932,0.259240975367269,0,0,0
471,"egger",-0.00924159132500538,0.163937437306066,0.955185485150455,-0.00924159132500538,0.163937437306066,0.955185485150455,0,0,0
471,"weighted_median",-0.105917717746112,0.0878202110099067,0.227788763181929,-0.105917717746112,0.0878202110099067,0.227788763181929,0,0,0
471,"simple_mode",-0.319439123608089,0.562120057264571,0.571419909748437,-0.319439123608089,0.562120057264571,0.571419909748437,0,0,0
471,"weighted_mode",-0.0648464103159899,0.516215089109645,0.900344810631412,-0.0648464103159899,0.516215089109645,0.900344810631412,0,0,0
472,"ivw",-0.15340176775148,0.141420149548293,0.278044110823222,-0.15340176775148,0.141420149548293,0.278044110823222,0,0,0
472,"egger",-0.0681878109786732,0.241932683710532,0.778789244281316,-0.0681878109786732,0.241932683710532,0.778789244281316,0,0,0
472,"weighted_median",-0.0857768904421536,0.124406610420263,0.490516093606753,-0.0857768904421536,0.124406610420263,0.490516093606753,0,0,0
472,"simple_mode",-0.175184012565442,0.301680976191073,0.56305959286141,-0.175184012565442,0.301680976191073,0.56305959286141,0,0,0
472,"weighted_mode",0.0722791758173207,0.239587651728847,0.763668010046634,0.0722791758173207,0.239587651728847,0.763668010046634,0,0,0
473,"ivw",-0.176925608784384,0.125819535293799,0.159669042489505,-0.176925608784384,0.125819535293799,0.159669042489505,0,0,0
473,"egger",-0.306066631385598,0.17588768040449,0.0856824266581857,-0.306066631385598,0.17588768040449,0.0856824266581857,0,0,0
473,"weighted_median",-0.144340125553124,0.0659663184062505,0.0286631753520239,-0.144340125553124,0.0659663184062505,0.0286631753520239,0,0,0
473,"simple_mode",-0.4616384513025,0.370082786200714,0.215848153901448,-0.4616384513025,0.370082786200714,0.215848153901448,0,0,0
473,"weighted_mode",-0.154634071555569,0.292597408097547,0.598606104297904,-0.154634071555569,0.292597408097547,0.598606104297904,0,0,0
474,"ivw",-0.0911893860014288,0.168936048614441,0.589344328846504,-0.0911893860014288,0.168936048614441,0.589344328846504,0,0,0
474,"egger",-0.235449043091964,0.254080041290457,0.35688370753038,-0.235449043091964,0.254080041290457,0.35688370753038,0,0,0
474,"weighted_median",0.00415259339206398,0.111697849093954,0.970343859739369,0.00415259339206398,0.111697849093954,0.970343859739369,0,0,0
474,"simple_mode",0.121815611201875,0.294241105320996,0.6799688252061,0.121815611201875,0.294241105320996,0.6799688252061,0,0,0
474,"weighted_mode",-0.0740864713744173,0.24214410204858,0.760419898536986,-0.0740864713744173,0.24214410204858,0.760419898536986,0,0,0
475,"ivw",0.0736943697162261,0.12457785647928,0.554150142857064,0.0736943697162261,0.12457785647928,0.554150142857064,0,0,0
475,"egger",0.305711268227934,0.176622670344796,0.0873299424586797,0.305711268227934,0.176622670344796,0.0873299424586797,0,0,0
475,"weighted_median",0.160852651178526,0.080056344909064,0.0445113687994651,0.160852651178526,0.080056344909064,0.0445113687994651,0,0,0
475,"simple_mode",0.383139362097704,0.425516690680342,0.370571537399885,0.383139362097704,0.425516690680342,0.370571537399885,0,0,0
475,"weighted_mode",0.218346194186783,0.392443688071693,0.579487792559615,0.218346194186783,0.392443688071693,0.579487792559615,0,0,0
476,"ivw",-0.0719766702333713,0.0902003584600298,0.424891179572654,-0.0719766702333713,0.0902003584600298,0.424891179572654,0,0,0
476,"egger",-0.244949269396356,0.154946590858818,0.117855343291419,-0.244949269396356,0.154946590858818,0.117855343291419,0,0,0
476,"weighted_median",0.0578262944719638,0.0772132948473338,0.453907660019463,0.0578262944719638,0.0772132948473338,0.453907660019463,0,0,0
476,"simple_mode",-0.0226652016274404,0.207728140627837,0.913385156843689,-0.0226652016274404,0.207728140627837,0.913385156843689,0,0,0
476,"weighted_mode",0.0312211872197181,0.161593651778458,0.847279719939734,0.0312211872197181,0.161593651778458,0.847279719939734,0,0,0
477,"ivw",0.129981242440088,0.0912520607027416,0.154324984715629,0.129981242440088,0.0912520607027416,0.154324984715629,0,0,0
477,"egger",0.296957480680029,0.152449865830105,0.0549341281100262,0.296957480680029,0.152449865830105,0.0549341281100262,0,0,0
477,"weighted_median",0.204753623036964,0.0979104615209035,0.0365071505928173,0.204753623036964,0.0979104615209035,0.0365071505928173,0,0,0
477,"simple_mode",0.185515778798713,0.750960272498136,0.805503819314016,0.185515778798713,0.750960272498136,0.805503819314016,0,0,0
477,"weighted_mode",0.185515778798713,0.74126477292572,0.803012819264361,0.185515778798713,0.74126477292572,0.803012819264361,0,0,0
478,"ivw",-0.0220399840825298,0.0919294746090278,0.810524976937287,-0.0220399840825298,0.0919294746090278,0.810524976937287,0,0,0
478,"egger",0.0519814567225774,0.166416623061336,0.755581679464897,0.0519814567225774,0.166416623061336,0.755581679464897,0,0,0
478,"weighted_median",0.00271875339828915,0.090761113663925,0.976102904603708,0.00271875339828915,0.090761113663925,0.976102904603708,0,0,0
478,"simple_mode",-0.0972533529722628,0.289794842600215,0.738044877136403,-0.0972533529722628,0.289794842600215,0.738044877136403,0,0,0
478,"weighted_mode",-0.00530009097204419,0.270175427180839,0.984396969435888,-0.00530009097204419,0.270175427180839,0.984396969435888,0,0,0
479,"ivw",0.0947730918350515,0.127299659679216,0.456581189995022,0.0947730918350515,0.127299659679216,0.456581189995022,0,0,0
479,"egger",0.2078187818521,0.21732003397531,0.341811740473762,0.2078187818521,0.21732003397531,0.341811740473762,0,0,0
479,"weighted_median",0.00610466788857696,0.108796931339178,0.955253649925437,0.00610466788857696,0.108796931339178,0.955253649925437,0,0,0
479,"simple_mode",-0.173819525848222,0.421364400460598,0.681051122943264,-0.173819525848222,0.421364400460598,0.681051122943264,0,0,0
479,"weighted_mode",-0.173819525848222,0.376603961693832,0.645645041569305,-0.173819525848222,0.376603961693832,0.645645041569305,0,0,0
480,"ivw",-0.163990099318048,0.0891484217154593,0.0658390775395246,-0.163990099318048,0.0891484217154593,0.0658390775395246,0,0,0
480,"egger",-0.00463243817627118,0.145120634526783,0.97461432486585,-0.00463243817627118,0.145120634526783,0.97461432486585,0,0,0
480,"weighted_median",-0.169974698800129,0.105221228870324,0.106223430396473,-0.169974698800129,0.105221228870324,0.106223430396473,0,0,0
480,"simple_mode",0.0767273363756482,0.177349115737124,0.666430084306661,0.0767273363756482,0.177349115737124,0.666430084306661,0,0,0
480,"weighted_mode",-0.145317060711308,0.0957245997198774,0.13288921138875,-0.145317060711308,0.0957245997198774,0.13288921138875,0,0,0
481,"ivw",-0.0393412805498391,0.111705994620129,0.724698821719965,-0.0393412805498391,0.111705994620129,0.724698821719965,0,0,0
481,"egger",-0.159984312438763,0.194014550348829,0.412050878126736,-0.159984312438763,0.194014550348829,0.412050878126736,0,0,0
481,"weighted_median",0.0058981524257104,0.0955952845853069,0.950802378372606,0.0058981524257104,0.0955952845853069,0.950802378372606,0,0,0
481,"simple_mode",-0.121482801967398,0.147974307733905,0.414071769671064,-0.121482801967398,0.147974307733905,0.414071769671064,0,0,0
481,"weighted_mode",-0.0297682151137453,0.0899712336902561,0.741601818189063,-0.0297682151137453,0.0899712336902561,0.741601818189063,0,0,0
482,"ivw",-0.111655480147533,0.104802577492881,0.286700075309704,-0.111655480147533,0.104802577492881,0.286700075309704,0,0,0
482,"egger",-0.144327359234469,0.182495843042352,0.431368191074799,-0.144327359234469,0.182495843042352,0.431368191074799,0,0,0
482,"weighted_median",0.162127891667893,0.0949723071003407,0.0878021635219217,0.162127891667893,0.0949723071003407,0.0878021635219217,0,0,0
482,"simple_mode",0.327862548619248,0.195877994040856,0.0980255800797413,0.327862548619248,0.195877994040856,0.0980255800797413,0,0,0
482,"weighted_mode",0.179665719552634,0.160377968584265,0.265911793459265,0.179665719552634,0.160377968584265,0.265911793459265,0,0,0
483,"ivw",-0.0376298272523965,0.121746799342004,0.757258632492706,-0.0376298272523965,0.121746799342004,0.757258632492706,0,0,0
483,"egger",-0.0103542992956966,0.208023035728715,0.960425934158197,-0.0103542992956966,0.208023035728715,0.960425934158197,0,0,0
483,"weighted_median",0.0671524838717054,0.0976402205277921,0.49160750406107,0.0671524838717054,0.0976402205277921,0.49160750406107,0,0,0
483,"simple_mode",0.0501390263785797,0.251468042208696,0.842461046382382,0.0501390263785797,0.251468042208696,0.842461046382382,0,0,0
483,"weighted_mode",0.0501390263785797,0.191655090196266,0.794285662004716,0.0501390263785797,0.191655090196266,0.794285662004716,0,0,0
484,"ivw",-0.318003444247484,0.125370146794461,0.0111961470821014,-0.318003444247484,0.125370146794461,0.0111961470821014,0,0,0
484,"egger",-0.631767866419133,0.204051661727079,0.00270294816395576,-0.631767866419133,0.204051661727079,0.00270294816395576,0,0,0
484,"weighted_median",-0.231220648533743,0.120630864651574,0.0552681839270356,-0.231220648533743,0.120630864651574,0.0552681839270356,0,0,0
484,"simple_mode",0.102185448736484,0.243393701514347,0.675716756622896,0.102185448736484,0.243393701514347,0.675716756622896,0,0,0
484,"weighted_mode",-0.336917209530753,0.185016328010319,0.0722973532349411,-0.336917209530753,0.185016328010319,0.0722973532349411,0,0,0
485,"ivw",-0.0550639967171473,0.122216620573255,0.652318048776071,-0.0550639967171473,0.122216620573255,0.652318048776071,0,0,0
485,"egger",-0.137673710780484,0.212203418393172,0.518337558418579,-0.137673710780484,0.212203418393172,0.518337558418579,0,0,0
485,"weighted_median",-0.0690405912192961,0.0958309251267235,0.471253104787029,-0.0690405912192961,0.0958309251267235,0.471253104787029,0,0,0
485,"simple_mode",-0.0961338229578819,0.327412470292203,0.769801693679012,-0.0961338229578819,0.327412470292203,0.769801693679012,0,0,0
485,"weighted_mode",-0.0961338229578819,0.282614446679806,0.734617414752058,-0.0961338229578819,0.282614446679806,0.734617414752058,0,0,0
486,"ivw",0.106981607366421,0.0945922410810578,0.258064957582461,0.106981607366421,0.0945922410810578,0.258064957582461,0,0,0
486,"egger",0.187687637505969,0.154776021549337,0.228836225846408,0.187687637505969,0.154776021549337,0.228836225846408,0,0,0
486,"weighted_median",0.421861197290559,0.0785455501734472,7.83396586733774e-08,0.421861197290559,0.0785455501734472,7.83396586733774e-08,0,0,0
486,"simple_mode",0.163356148329012,0.197217988065037,0.409933190177698,0.163356148329012,0.197217988065037,0.409933190177698,0,0,0
486,"weighted_mode",0.380720216241692,0.1403697203682,0.00815886234843236,0.380720216241692,0.1403697203682,0.00815886234843236,0,0,0
487,"ivw",0.136510016315458,0.113728767937179,0.230018152060353,0.136510016315458,0.113728767937179,0.230018152060353,0,0,0
487,"egger",0.280757175065496,0.194805612669705,0.15342625731982,0.280757175065496,0.194805612669705,0.15342625731982,0,0,0
487,"weighted_median",0.101655168520805,0.0764480766596775,0.183607817790417,0.101655168520805,0.0764480766596775,0.183607817790417,0,0,0
487,"simple_mode",0.16686901151813,0.135333145418675,0.221133337217494,0.16686901151813,0.135333145418675,0.221133337217494,0,0,0
487,"weighted_mode",0.0735792928278261,0.0797755309922539,0.359096121613214,0.0735792928278261,0.0797755309922539,0.359096121613214,0,0,0
488,"ivw",-0.0431933146805753,0.104810880083606,0.68026087704617,-0.0431933146805753,0.104810880083606,0.68026087704617,0,0,0
488,"egger",-0.157122265126674,0.173593361311169,0.3681213471286,-0.157122265126674,0.173593361311169,0.3681213471286,0,0,0
488,"weighted_median",-0.0928804549600658,0.079841822423556,0.244705454054385,-0.0928804549600658,0.079841822423556,0.244705454054385,0,0,0
488,"simple_mode",-0.11440245537905,0.163708336493087,0.486667003720699,-0.11440245537905,0.163708336493087,0.486667003720699,0,0,0
488,"weighted_mode",-0.161386078306832,0.0982280471260994,0.10426504008663,-0.161386078306832,0.0982280471260994,0.10426504008663,0,0,0
489,"ivw",-0.0446333462598541,0.131956626709686,0.73518041119882,-0.0446333462598541,0.131956626709686,0.73518041119882,0,0,0
489,"egger",-0.378961012483108,0.214774805156161,0.0814720066996199,-0.378961012483108,0.214774805156161,0.0814720066996199,0,0,0
489,"weighted_median",-0.197899240906825,0.109388723628636,0.0704296460152038,-0.197899240906825,0.109388723628636,0.0704296460152038,0,0,0
489,"simple_mode",0.128502425474199,0.541051910166105,0.812864906208082,0.128502425474199,0.541051910166105,0.812864906208082,0,0,0
489,"weighted_mode",-0.263137587952956,0.471574227799157,0.578384641614182,-0.263137587952956,0.471574227799157,0.578384641614182,0,0,0
490,"ivw",0.175500760177048,0.134022268375041,0.19036857457071,0.175500760177048,0.134022268375041,0.19036857457071,0,0,0
490,"egger",-0.224559510980603,0.218273385752878,0.306674509023171,-0.224559510980603,0.218273385752878,0.306674509023171,0,0,0
490,"weighted_median",-0.14604071233841,0.0958195571644694,0.127478193037151,-0.14604071233841,0.0958195571644694,0.127478193037151,0,0,0
490,"simple_mode",-0.177260272076025,0.292801773860011,0.546610116315009,-0.177260272076025,0.292801773860011,0.546610116315009,0,0,0
490,"weighted_mode",-0.078855370788127,0.239741714614186,0.743066565114655,-0.078855370788127,0.239741714614186,0.743066565114655,0,0,0
491,"ivw",0.0254547484923129,0.13785814000804,0.853507873469873,0.0254547484923129,0.13785814000804,0.853507873469873,0,0,0
491,"egger",-0.099591118812452,0.226392020169675,0.661191651809873,-0.099591118812452,0.226392020169675,0.661191651809873,0,0,0
491,"weighted_median",-0.0196460558158239,0.113513116149518,0.862594045707275,-0.0196460558158239,0.113513116149518,0.862594045707275,0,0,0
491,"simple_mode",-0.28481515957136,0.30383748936335,0.351343045767626,-0.28481515957136,0.30383748936335,0.351343045767626,0,0,0
491,"weighted_mode",-0.108010079082401,0.265430235656676,0.685136700352572,-0.108010079082401,0.265430235656676,0.685136700352572,0,0,0
492,"ivw",0.095651389546291,0.125093142232064,0.444485137447802,0.095651389546291,0.125093142232064,0.444485137447802,0,0,0
492,"egger",-0.215643020372233,0.211758654835842,0.311584646566801,-0.215643020372233,0.211758654835842,0.311584646566801,0,0,0
492,"weighted_median",0.195668951561595,0.0958430481162569,0.0411955919501446,0.195668951561595,0.0958430481162569,0.0411955919501446,0,0,0
492,"simple_mode",0.0688318756049109,0.243082592572608,0.777774696376914,0.0688318756049109,0.243082592572608,0.777774696376914,0,0,0
492,"weighted_mode",0.154662905209313,0.223310242617747,0.490546487013048,0.154662905209313,0.223310242617747,0.490546487013048,0,0,0
493,"ivw",0.00453042180029671,0.126117509670205,0.971344372788288,0.00453042180029671,0.126117509670205,0.971344372788288,0,0,0
493,"egger",-0.225444588972635,0.214625005132627,0.296691700619558,-0.225444588972635,0.214625005132627,0.296691700619558,0,0,0
493,"weighted_median",-0.106103823091317,0.0980692624292126,0.279284784279388,-0.106103823091317,0.0980692624292126,0.279284784279388,0,0,0
493,"simple_mode",0.0339177794129299,0.201617784673484,0.86682317277081,0.0339177794129299,0.201617784673484,0.86682317277081,0,0,0
493,"weighted_mode",-0.10567616927456,0.149403610461088,0.481397714298525,-0.10567616927456,0.149403610461088,0.481397714298525,0,0,0
494,"ivw",0.0779798000249975,0.115089665959368,0.498052666237687,0.0779798000249975,0.115089665959368,0.498052666237687,0,0,0
494,"egger",0.0361348021259157,0.192267949534388,0.851399724841993,0.0361348021259157,0.192267949534388,0.851399724841993,0,0,0
494,"weighted_median",0.0655377788629015,0.0864817727169722,0.448557626988678,0.0655377788629015,0.0864817727169722,0.448557626988678,0,0,0
494,"simple_mode",0.0164160953375709,0.202950022920032,0.935731045266307,0.0164160953375709,0.202950022920032,0.935731045266307,0,0,0
494,"weighted_mode",0.0895693851360063,0.183686689264457,0.627135927015205,0.0895693851360063,0.183686689264457,0.627135927015205,0,0,0
495,"ivw",0.0266654015828314,0.121185648478993,0.825841856642818,0.0266654015828314,0.121185648478993,0.825841856642818,0,0,0
495,"egger",-0.0737432156782326,0.201336929894948,0.715132183210136,-0.0737432156782326,0.201336929894948,0.715132183210136,0,0,0
495,"weighted_median",-0.109627023293762,0.100019516252587,0.273054126683603,-0.109627023293762,0.100019516252587,0.273054126683603,0,0,0
495,"simple_mode",-0.325470536938532,0.383186799385984,0.398174297591763,-0.325470536938532,0.383186799385984,0.398174297591763,0,0,0
495,"weighted_mode",-0.204200407309113,0.33641665809645,0.545557509015319,-0.204200407309113,0.33641665809645,0.545557509015319,0,0,0
496,"ivw",0.0898189924655189,0.107108549336896,0.401705534747724,0.0898189924655189,0.107108549336896,0.401705534747724,0,0,0
496,"egger",0.34497265960565,0.197599103183272,0.0846811426581975,0.34497265960565,0.197599103183272,0.0846811426581975,0,0,0
496,"weighted_median",-0.0671897822989427,0.110963904183728,0.544840010606049,-0.0671897822989427,0.110963904183728,0.544840010606049,0,0,0
496,"simple_mode",-0.064798041108358,0.174414334658271,0.711221906964624,-0.064798041108358,0.174414334658271,0.711221906964624,0,0,0
496,"weighted_mode",-0.018279152286208,0.119115527763035,0.878419295960424,-0.018279152286208,0.119115527763035,0.878419295960424,0,0,0
497,"ivw",-0.205605205725801,0.125374444643269,0.101019900268484,-0.205605205725801,0.125374444643269,0.101019900268484,0,0,0
497,"egger",-0.62937799479373,0.212852195221278,0.00408351437832787,-0.62937799479373,0.212852195221278,0.00408351437832787,0,0,0
497,"weighted_median",-0.341983898320771,0.106355129677446,0.00130221850945689,-0.341983898320771,0.106355129677446,0.00130221850945689,0,0,0
497,"simple_mode",-0.498765852805181,0.485603483366934,0.307428419713387,-0.498765852805181,0.485603483366934,0.307428419713387,0,0,0
497,"weighted_mode",-0.344393412269733,0.450256053854129,0.446563715696931,-0.344393412269733,0.450256053854129,0.446563715696931,0,0,0
498,"ivw",-0.252736978416405,0.139213125283567,0.0694520145775527,-0.252736978416405,0.139213125283567,0.0694520145775527,0,0,0
498,"egger",-0.74761525069256,0.222079699641059,0.00117236585595887,-0.74761525069256,0.222079699641059,0.00117236585595887,0,0,0
498,"weighted_median",-0.28798242422143,0.109710212280815,0.00866649344071687,-0.28798242422143,0.109710212280815,0.00866649344071687,0,0,0
498,"simple_mode",-0.152002841203945,1.17464158681335,0.897359100982132,-0.152002841203945,1.17464158681335,0.897359100982132,0,0,0
498,"weighted_mode",-0.152002841203945,1.16708940381145,0.896698696788888,-0.152002841203945,1.16708940381145,0.896698696788888,0,0,0
499,"ivw",0.0647929336394914,0.147785422346252,0.661077688366942,0.0647929336394914,0.147785422346252,0.661077688366942,0,0,0
499,"egger",0.0137542112870733,0.254299845197347,0.957001017819874,0.0137542112870733,0.254299845197347,0.957001017819874,0,0,0
499,"weighted_median",0.0432392456168145,0.10003596861539,0.665569180088755,0.0432392456168145,0.10003596861539,0.665569180088755,0,0,0
499,"simple_mode",-0.0718926845241293,0.17234114852575,0.677669813038885,-0.0718926845241293,0.17234114852575,0.677669813038885,0,0,0
499,"weighted_mode",-0.00294771438087413,0.123151999084842,0.98096286298292,-0.00294771438087413,0.123151999084842,0.98096286298292,0,0,0
500,"ivw",-0.0476411247871805,0.124789779565485,0.702631196266456,-0.0476411247871805,0.124789779565485,0.702631196266456,0,0,0
500,"egger",-0.163583762725541,0.230864973347486,0.480651629760496,-0.163583762725541,0.230864973347486,0.480651629760496,0,0,0
500,"weighted_median",0.119501743033359,0.10282995759554,0.245182803672585,0.119501743033359,0.10282995759554,0.245182803672585,0,0,0
500,"simple_mode",0.223385287401641,0.232591544280687,0.339702702638754,0.223385287401641,0.232591544280687,0.339702702638754,0,0,0
500,"weighted_mode",0.0989861147138785,0.170653690978138,0.563497120312967,0.0989861147138785,0.170653690978138,0.563497120312967,0,0,0
501,"ivw",0.037269832978572,0.102192429325236,0.715333503029622,0.037269832978572,0.102192429325236,0.715333503029622,0,0,0
501,"egger",-0.00892398666222207,0.16414053912594,0.956777547933376,-0.00892398666222207,0.16414053912594,0.956777547933376,0,0,0
501,"weighted_median",0.033100302878616,0.100847577691381,0.742744495290246,0.033100302878616,0.100847577691381,0.742744495290246,0,0,0
501,"simple_mode",0.21659101189875,4.02597277113152,0.957228228257684,0.21659101189875,4.02597277113152,0.957228228257684,0,0,0
501,"weighted_mode",-0.0425073010714434,4.10059220870546,0.991754656454922,-0.0425073010714434,4.10059220870546,0.991754656454922,0,0,0
502,"ivw",0.208793420662761,0.111927193188812,0.0621198082937189,0.208793420662761,0.111927193188812,0.0621198082937189,0,0,0
502,"egger",-0.167886592870693,0.176731421138156,0.344997049577767,-0.167886592870693,0.176731421138156,0.344997049577767,0,0,0
502,"weighted_median",-0.0896748422022259,0.107153646716076,0.402659507493551,-0.0896748422022259,0.107153646716076,0.402659507493551,0,0,0
502,"simple_mode",0.154554862201685,4.05769146371891,0.96971015621275,0.154554862201685,4.05769146371891,0.96971015621275,0,0,0
502,"weighted_mode",-0.212276074499228,4.0051915074559,0.957862220256586,-0.212276074499228,4.0051915074559,0.957862220256586,0,0,0
503,"ivw",0.0279318799888237,0.11483143223908,0.807817576568548,0.0279318799888237,0.11483143223908,0.807817576568548,0,0,0
503,"egger",0.183623934419357,0.177837373200588,0.304931330090448,0.183623934419357,0.177837373200588,0.304931330090448,0,0,0
503,"weighted_median",0.0571729660706821,0.120290286557481,0.634579125876621,0.0571729660706821,0.120290286557481,0.634579125876621,0,0,0
503,"simple_mode",-0.220955152425436,9.9450271259617,0.982328977813158,-0.220955152425436,9.9450271259617,0.982328977813158,0,0,0
503,"weighted_mode",0.354617582018307,10.0148261594522,0.971840517897712,0.354617582018307,10.0148261594522,0.971840517897712,0,0,0
504,"ivw",-0.192634079981464,0.151096924960438,0.202343209159705,-0.192634079981464,0.151096924960438,0.202343209159705,0,0,0
504,"egger",-0.36463116594236,0.246394695516733,0.142836355307911,-0.36463116594236,0.246394695516733,0.142836355307911,0,0,0
504,"weighted_median",-0.0879607321348228,0.121054531551625,0.467458325361648,-0.0879607321348228,0.121054531551625,0.467458325361648,0,0,0
504,"simple_mode",-0.297360041366926,14.9826490516397,0.984214264584008,-0.297360041366926,14.9826490516397,0.984214264584008,0,0,0
504,"weighted_mode",-0.297360041366926,14.8234452582658,0.984044748693303,-0.297360041366926,14.8234452582658,0.984044748693303,0,0,0
505,"ivw",-0.0563771575856216,0.12956760183046,0.663476992568982,-0.0563771575856216,0.12956760183046,0.663476992568982,0,0,0
505,"egger",-0.0771769557562851,0.204639202924249,0.707070599818981,-0.0771769557562851,0.204639202924249,0.707070599818981,0,0,0
505,"weighted_median",-0.0551339072087802,0.125946970923906,0.661563946997905,-0.0551339072087802,0.125946970923906,0.661563946997905,0,0,0
505,"simple_mode",-0.239197570174952,4.69571280163818,0.95949908705199,-0.239197570174952,4.69571280163818,0.95949908705199,0,0,0
505,"weighted_mode",0.0414334308156441,4.68332062216271,0.992962944923376,0.0414334308156441,4.68332062216271,0.992962944923376,0,0,0
506,"ivw",0.155772234367671,0.135450315954161,0.250130580276496,0.155772234367671,0.135450315954161,0.250130580276496,0,0,0
506,"egger",-0.0177313457071956,0.217015287617193,0.935084967662823,-0.0177313457071956,0.217015287617193,0.935084967662823,0,0,0
506,"weighted_median",0.0361883431939201,0.108905693829726,0.739669803544678,0.0361883431939201,0.108905693829726,0.739669803544678,0,0,0
506,"simple_mode",-0.190205070221692,11.0088225524227,0.986257712656165,-0.190205070221692,11.0088225524227,0.986257712656165,0,0,0
506,"weighted_mode",-0.190205070221692,10.9822811932558,0.986224504426934,-0.190205070221692,10.9822811932558,0.986224504426934,0,0,0
507,"ivw",-0.159901252514064,0.11191961418045,0.153086110926419,-0.159901252514064,0.11191961418045,0.153086110926419,0,0,0
507,"egger",-0.137410057753895,0.180101980412899,0.44773303490073,-0.137410057753895,0.180101980412899,0.44773303490073,0,0,0
507,"weighted_median",0.0852745003230352,0.107946119495448,0.429543642379545,0.0852745003230352,0.107946119495448,0.429543642379545,0,0,0
507,"simple_mode",0.0597178375028802,1.26356734884517,0.962421303409627,0.0597178375028802,1.26356734884517,0.962421303409627,0,0,0
507,"weighted_mode",0.0597178375028802,1.28651579520898,0.963091128208703,0.0597178375028802,1.28651579520898,0.963091128208703,0,0,0
508,"ivw",0.134377375511727,0.131966185307288,0.308549056397837,0.134377375511727,0.131966185307288,0.308549056397837,0,0,0
508,"egger",0.113956999833956,0.220767383780488,0.607148458772967,0.113956999833956,0.220767383780488,0.607148458772967,0,0,0
508,"weighted_median",0.0771429152763122,0.120212255873386,0.521053345559546,0.0771429152763122,0.120212255873386,0.521053345559546,0,0,0
508,"simple_mode",0.07386849415708,9.45268790971978,0.993784169944392,0.07386849415708,9.45268790971978,0.993784169944392,0,0,0
508,"weighted_mode",0.07386849415708,9.48169755642048,0.993803187144005,0.07386849415708,9.48169755642048,0.993803187144005,0,0,0
509,"ivw",-0.192868054544486,0.153509033505962,0.20897262266189,-0.192868054544486,0.153509033505962,0.20897262266189,0,0,0
509,"egger",0.285598223963382,0.222478274888921,0.202948219403569,0.285598223963382,0.222478274888921,0.202948219403569,0,0,0
509,"weighted_median",-0.141637794052272,0.0948713824248313,0.135451479550563,-0.141637794052272,0.0948713824248313,0.135451479550563,0,0,0
509,"simple_mode",-0.0263267988977809,14.5324086021789,0.998559013554335,-0.0263267988977809,14.5324086021789,0.998559013554335,0,0,0
509,"weighted_mode",-0.0263267988977809,14.5866869927695,0.998564375590213,-0.0263267988977809,14.5866869927695,0.998564375590213,0,0,0
510,"ivw",-0.226381540453636,0.131755631946976,0.0857615065823772,-0.226381540453636,0.131755631946976,0.0857615065823772,0,0,0
510,"egger",-0.493915871488425,0.204757017374909,0.018145323060197,-0.493915871488425,0.204757017374909,0.018145323060197,0,0,0
510,"weighted_median",-0.150581574488056,0.127506874577084,0.237615324125277,-0.150581574488056,0.127506874577084,0.237615324125277,0,0,0
510,"simple_mode",-0.230403728713186,2.2185979082592,0.917544257643082,-0.230403728713186,2.2185979082592,0.917544257643082,0,0,0
510,"weighted_mode",-0.230403728713186,2.3053508193651,0.920636510580531,-0.230403728713186,2.3053508193651,0.920636510580531,0,0,0
511,"ivw",-0.132603345367432,0.116778576499736,0.256161321580238,-0.132603345367432,0.116778576499736,0.256161321580238,0,0,0
511,"egger",-0.0704278115551658,0.182565163915301,0.700692386218556,-0.0704278115551658,0.182565163915301,0.700692386218556,0,0,0
511,"weighted_median",-0.0781564710582576,0.0946307222501625,0.408855080111484,-0.0781564710582576,0.0946307222501625,0.408855080111484,0,0,0
511,"simple_mode",-0.05762678651692,3.36998074580522,0.986398862315501,-0.05762678651692,3.36998074580522,0.986398862315501,0,0,0
511,"weighted_mode",-0.05762678651692,3.41599770332868,0.98658206573541,-0.05762678651692,3.41599770332868,0.98658206573541,0,0,0
512,"ivw",0.139002105465246,0.145310853211836,0.338777030614577,0.139002105465246,0.145310853211836,0.338777030614577,0,0,0
512,"egger",-0.208854337509279,0.227760365204428,0.361903221977383,-0.208854337509279,0.227760365204428,0.361903221977383,0,0,0
512,"weighted_median",-0.000674312409870807,0.114637003916966,0.995306747908187,-0.000674312409870807,0.114637003916966,0.995306747908187,0,0,0
512,"simple_mode",-0.180103243515612,25.1285179696633,0.994299006117814,-0.180103243515612,25.1285179696633,0.994299006117814,0,0,0
512,"weighted_mode",-0.180103243515612,24.7264720154973,0.994206311097781,-0.180103243515612,24.7264720154973,0.994206311097781,0,0,0
513,"ivw",0.149551551379647,0.12258535693602,0.222472866085314,0.149551551379647,0.12258535693602,0.222472866085314,0,0,0
513,"egger",0.093713146362123,0.200666021047287,0.641761785707031,0.093713146362123,0.200666021047287,0.641761785707031,0,0,0
513,"weighted_median",-0.174545661798136,0.101607129879128,0.0858242414321897,-0.174545661798136,0.101607129879128,0.0858242414321897,0,0,0
513,"simple_mode",-0.114202782367966,10.7883545086427,0.991579983448185,-0.114202782367966,10.7883545086427,0.991579983448185,0,0,0
513,"weighted_mode",-0.114202782367966,10.7815735093879,0.991574687934975,-0.114202782367966,10.7815735093879,0.991574687934975,0,0,0
514,"ivw",-0.407947909160513,0.128039675895,0.00144202027136561,-0.407947909160513,0.128039675895,0.00144202027136561,0,0,0
514,"egger",-0.520591718630639,0.20187507038,0.0117473860667989,-0.520591718630639,0.20187507038,0.0117473860667989,0,0,0
514,"weighted_median",-0.245106870883273,0.110546978601834,0.0266081239472612,-0.245106870883273,0.110546978601834,0.0266081239472612,0,0,0
514,"simple_mode",0.245659359915222,20.320777353288,0.990384276426109,0.245659359915222,20.320777353288,0.990384276426109,0,0,0
514,"weighted_mode",0.245659359915222,20.1840315336773,0.990319133617894,0.245659359915222,20.1840315336773,0.990319133617894,0,0,0
515,"ivw",0.168046537000132,0.157970583717392,0.287426682818354,0.168046537000132,0.157970583717392,0.287426682818354,0,0,0
515,"egger",-0.173707601936929,0.251214142279624,0.491270652044118,-0.173707601936929,0.251214142279624,0.491270652044118,0,0,0
515,"weighted_median",0.0084560181218094,0.130162811441297,0.94820192190092,0.0084560181218094,0.130162811441297,0.94820192190092,0,0,0
515,"simple_mode",0.118237654179122,29.792020006668,0.996843146848552,0.118237654179122,29.792020006668,0.996843146848552,0,0,0
515,"weighted_mode",0.118237654179122,29.5416316040408,0.996816390196326,0.118237654179122,29.5416316040408,0.996816390196326,0,0,0
516,"ivw",-0.0172159866191634,0.145502561213272,0.90581343807856,-0.0172159866191634,0.145502561213272,0.90581343807856,0,0,0
516,"egger",0.0923224505233853,0.232091698483748,0.69184861498472,0.0923224505233853,0.232091698483748,0.69184861498472,0,0,0
516,"weighted_median",0.0726827279751058,0.112305565972329,0.517510776105404,0.0726827279751058,0.112305565972329,0.517510776105404,0,0,0
516,"simple_mode",0.087376054106391,9.13111858140826,0.992388654850698,0.087376054106391,9.13111858140826,0.992388654850698,0,0,0
516,"weighted_mode",0.087376054106391,9.0456609519947,0.992316749974654,0.087376054106391,9.0456609519947,0.992316749974654,0,0,0
517,"ivw",-0.0687886782990084,0.125207447747853,0.58273258238112,-0.0687886782990084,0.125207447747853,0.58273258238112,0,0,0
517,"egger",-0.0729296491780866,0.200822094440964,0.71744653848921,-0.0729296491780866,0.200822094440964,0.71744653848921,0,0,0
517,"weighted_median",0.144665767795877,0.121510447037074,0.233825425097891,0.144665767795877,0.121510447037074,0.233825425097891,0,0,0
517,"simple_mode",0.0770725884830945,20.4635383499871,0.997004165234317,0.0770725884830945,20.4635383499871,0.997004165234317,0,0,0
517,"weighted_mode",0.0770725884830945,20.4070163962688,0.996995867616637,0.0770725884830945,20.4070163962688,0.996995867616637,0,0,0
518,"ivw",0.019036547919066,0.145510673629963,0.895913125821711,0.019036547919066,0.145510673629963,0.895913125821711,0,0,0
518,"egger",0.200428729894587,0.229457475679427,0.385010717479822,0.200428729894587,0.229457475679427,0.385010717479822,0,0,0
518,"weighted_median",0.124691701449544,0.108429940746832,0.250154242919689,0.124691701449544,0.108429940746832,0.250154242919689,0,0,0
518,"simple_mode",0.0201346756472898,9.46031549595927,0.998307072474431,0.0201346756472898,9.46031549595927,0.998307072474431,0,0,0
518,"weighted_mode",0.0201346756472898,9.48507928997416,0.99831149238948,0.0201346756472898,9.48507928997416,0.99831149238948,0,0,0
519,"ivw",-0.120748704340895,0.133266847722305,0.364900345375253,-0.120748704340895,0.133266847722305,0.364900345375253,0,0,0
519,"egger",-0.413629717351913,0.216520159039184,0.0596711433399152,-0.413629717351913,0.216520159039184,0.0596711433399152,0,0,0
519,"weighted_median",-0.441200366295708,0.121147955695952,0.000270705896225709,-0.441200366295708,0.121147955695952,0.000270705896225709,0,0,0
519,"simple_mode",-0.480097771904017,20.9757020946665,0.981795679263228,-0.480097771904017,20.9757020946665,0.981795679263228,0,0,0
519,"weighted_mode",-0.480097771904017,20.6607821283716,0.981518251847204,-0.480097771904017,20.6607821283716,0.981518251847204,0,0,0
520,"ivw",-0.264508962998468,0.153576933189901,0.0850111665215656,-0.264508962998468,0.153576933189901,0.0850111665215656,0,0,0
520,"egger",-0.789445082318401,0.232352080965535,0.00106161931332292,-0.789445082318401,0.232352080965535,0.00106161931332292,0,0,0
520,"weighted_median",-0.58698393432075,0.126772145845913,3.65263379943581e-06,-0.58698393432075,0.126772145845913,3.65263379943581e-06,0,0,0
520,"simple_mode",-0.41618565593987,3.0120734496457,0.89044702607919,-0.41618565593987,3.0120734496457,0.89044702607919,0,0,0
520,"weighted_mode",-0.612879285174427,3.01219230542322,0.839280957152675,-0.612879285174427,3.01219230542322,0.839280957152675,0,0,0
521,"ivw",-0.0337370003957776,0.137360108268055,0.805984236472291,-0.0337370003957776,0.137360108268055,0.805984236472291,0,0,0
521,"egger",0.0249530946444532,0.222700404085164,0.911066157241682,0.0249530946444532,0.222700404085164,0.911066157241682,0,0,0
521,"weighted_median",0.139558932040152,0.116603999545747,0.231360227449798,0.139558932040152,0.116603999545747,0.231360227449798,0,0,0
521,"simple_mode",0.959829775286037,47.1033447299416,0.983792660604582,0.959829775286037,47.1033447299416,0.983792660604582,0,0,0
521,"weighted_mode",0.959829775286037,47.0095083191098,0.98376031342865,0.959829775286037,47.0095083191098,0.98376031342865,0,0,0
522,"ivw",-0.0338325194931149,0.172804775700442,0.844778738834809,-0.0338325194931149,0.172804775700442,0.844778738834809,0,0,0
522,"egger",0.284347614615297,0.274803113492504,0.303911792387467,0.284347614615297,0.274803113492504,0.303911792387467,0,0,0
522,"weighted_median",-0.140243304088523,0.113653318260027,0.217218939402756,-0.140243304088523,0.113653318260027,0.217218939402756,0,0,0
522,"simple_mode",-0.419756500132005,14.0484215841049,0.976236841518642,-0.419756500132005,14.0484215841049,0.976236841518642,0,0,0
522,"weighted_mode",-0.419756500132005,14.1470636650125,0.976402483572419,-0.419756500132005,14.1470636650125,0.976402483572419,0,0,0
523,"ivw",-0.03406447400931,0.17197843570153,0.842987087929615,-0.03406447400931,0.17197843570153,0.842987087929615,0,0,0
523,"egger",0.285181124794653,0.291939037237765,0.33158733942311,0.285181124794653,0.291939037237765,0.33158733942311,0,0,0
523,"weighted_median",0.0273296247357759,0.136125019999726,0.840879545011973,0.0273296247357759,0.136125019999726,0.840879545011973,0,0,0
523,"simple_mode",-0.213434581519664,6.39986877252193,0.973477655832493,-0.213434581519664,6.39986877252193,0.973477655832493,0,0,0
523,"weighted_mode",-0.213434581519664,6.44403029966711,0.973659348368162,-0.213434581519664,6.44403029966711,0.973659348368162,0,0,0
524,"ivw",-0.156682750280193,0.173562428602098,0.366660832517238,-0.156682750280193,0.173562428602098,0.366660832517238,0,0,0
524,"egger",-0.0910708011164707,0.293638160296471,0.75725619069106,-0.0910708011164707,0.293638160296471,0.75725619069106,0,0,0
524,"weighted_median",-0.0495313288088551,0.121892612230185,0.684483849998558,-0.0495313288088551,0.121892612230185,0.684483849998558,0,0,0
524,"simple_mode",-0.219014122364539,16.2332211121462,0.98926866486379,-0.219014122364539,16.2332211121462,0.98926866486379,0,0,0
524,"weighted_mode",-0.219014122364539,16.2876704066302,0.98930453726923,-0.219014122364539,16.2876704066302,0.98930453726923,0,0,0
525,"ivw",-0.280186489845235,0.134595910776951,0.0373711149248379,-0.280186489845235,0.134595910776951,0.0373711149248379,0,0,0
525,"egger",-0.284628248159178,0.208263455275063,0.17555621851338,-0.284628248159178,0.208263455275063,0.17555621851338,0,0,0
525,"weighted_median",-0.0735493475604739,0.0896727419625819,0.412103598214707,-0.0735493475604739,0.0896727419625819,0.412103598214707,0,0,0
525,"simple_mode",-0.52055976030822,10.1216665310073,0.95910930749717,-0.52055976030822,10.1216665310073,0.95910930749717,0,0,0
525,"weighted_mode",0.0158130554773166,10.0095790453925,0.99874339298847,0.0158130554773166,10.0095790453925,0.99874339298847,0,0,0
526,"ivw",-0.190574819806234,0.0636736749799448,0.0027625670654877,-0.190574819806234,0.0636736749799448,0.0027625670654877,0,0,0
526,"egger",-0.175106190684035,0.0836657923360093,0.0395248421370025,-0.175106190684035,0.0836657923360093,0.0395248421370025,0,0,0
526,"weighted_median",-0.231165444113938,0.0512630915630218,6.50132680808109e-06,-0.231165444113938,0.0512630915630218,6.50132680808109e-06,0,0,0
526,"simple_mode",-0.0877760220023442,0.349338801292111,0.80224688394248,-0.0877760220023442,0.349338801292111,0.80224688394248,0,0,0
526,"weighted_mode",-0.24949807198858,0.318893049650603,0.436267914753018,-0.24949807198858,0.318893049650603,0.436267914753018,0,0,0
527,"ivw",0.00793537747935578,0.0941346349447112,0.932819367185433,0.00793537747935578,0.0941346349447112,0.932819367185433,0,0,0
527,"egger",0.0886543520864761,0.140372434382289,0.5294715560996,0.0886543520864761,0.140372434382289,0.5294715560996,0,0,0
527,"weighted_median",0.057931242052009,0.0909758877161642,0.524270903077703,0.057931242052009,0.0909758877161642,0.524270903077703,0,0,0
527,"simple_mode",-0.100609298339907,0.290452514739596,0.729949248564921,-0.100609298339907,0.290452514739596,0.729949248564921,0,0,0
527,"weighted_mode",0.023246747344364,0.254934655423398,0.92756906966996,0.023246747344364,0.254934655423398,0.92756906966996,0,0,0
528,"ivw",0.0135927173652667,0.0876278901871652,0.876727803527862,0.0135927173652667,0.0876278901871652,0.876727803527862,0,0,0
528,"egger",0.158047424462561,0.123678630715087,0.204984575649985,0.158047424462561,0.123678630715087,0.204984575649985,0,0,0
528,"weighted_median",0.155536342355561,0.0867927869262474,0.0731261962399413,0.155536342355561,0.0867927869262474,0.0731261962399413,0,0,0
528,"simple_mode",-0.0569847081475534,0.444584792845499,0.898328092667205,-0.0569847081475534,0.444584792845499,0.898328092667205,0,0,0
528,"weighted_mode",0.095663042307081,0.432508112649803,0.82550728606836,0.095663042307081,0.432508112649803,0.82550728606836,0,0,0
529,"ivw",-0.0452635556141284,0.125875410016633,0.71915366230747,-0.0452635556141284,0.125875410016633,0.71915366230747,0,0,0
529,"egger",0.0629714595025856,0.181205629654372,0.729117974818978,0.0629714595025856,0.181205629654372,0.729117974818978,0,0,0
529,"weighted_median",-0.0140919907569303,0.0968971446948506,0.884369432530471,-0.0140919907569303,0.0968971446948506,0.884369432530471,0,0,0
529,"simple_mode",-0.0115033908079221,0.292190962729833,0.968692728914046,-0.0115033908079221,0.292190962729833,0.968692728914046,0,0,0
529,"weighted_mode",-0.0115033908079221,0.253041668382342,0.963852181026763,-0.0115033908079221,0.253041668382342,0.963852181026763,0,0,0
530,"ivw",-0.0172866313347647,0.103203628147106,0.866976467461474,-0.0172866313347647,0.103203628147106,0.866976467461474,0,0,0
530,"egger",-0.16246831486206,0.136677381090568,0.238074616288033,-0.16246831486206,0.136677381090568,0.238074616288033,0,0,0
530,"weighted_median",-0.352232009349247,0.0886738870061144,7.1206511030385e-05,-0.352232009349247,0.0886738870061144,7.1206511030385e-05,0,0,0
530,"simple_mode",0.0100205811285782,0.233476331832568,0.96587169121345,0.0100205811285782,0.233476331832568,0.96587169121345,0,0,0
530,"weighted_mode",-0.141658406904992,0.180178284269672,0.434037100208057,-0.141658406904992,0.180178284269672,0.434037100208057,0,0,0
531,"ivw",0.0132133684909987,0.109170405477389,0.903663831992863,0.0132133684909987,0.109170405477389,0.903663831992863,0,0,0
531,"egger",0.175148301039896,0.155912635441906,0.264638274713101,0.175148301039896,0.155912635441906,0.264638274713101,0,0,0
531,"weighted_median",-0.0240219271401951,0.0906771561495697,0.791073342812711,-0.0240219271401951,0.0906771561495697,0.791073342812711,0,0,0
531,"simple_mode",-0.131770507750772,0.559558235553977,0.814422617558063,-0.131770507750772,0.559558235553977,0.814422617558063,0,0,0
531,"weighted_mode",-0.131770507750772,0.540036973646214,0.807845662528581,-0.131770507750772,0.540036973646214,0.807845662528581,0,0,0
532,"ivw",-0.062865207293721,0.100605995706212,0.532059392670043,-0.062865207293721,0.100605995706212,0.532059392670043,0,0,0
532,"egger",-0.228643991854572,0.133554166970518,0.0907718502298406,-0.228643991854572,0.133554166970518,0.0907718502298406,0,0,0
532,"weighted_median",0.0754300434739782,0.109418325414191,0.490588545613912,0.0754300434739782,0.109418325414191,0.490588545613912,0,0,0
532,"simple_mode",-0.0890032780041959,0.260987149050173,0.733967376363292,-0.0890032780041959,0.260987149050173,0.733967376363292,0,0,0
532,"weighted_mode",0.0115640630860572,0.23213696769248,0.96039189946316,0.0115640630860572,0.23213696769248,0.96039189946316,0,0,0
533,"ivw",0.104014057191423,0.102169667301179,0.308653137458615,0.104014057191423,0.102169667301179,0.308653137458615,0,0,0
533,"egger",0.0958539865272762,0.147958092682154,0.518939858028849,0.0958539865272762,0.147958092682154,0.518939858028849,0,0,0
533,"weighted_median",0.120295409418057,0.0799518074586556,0.132427203965434,0.120295409418057,0.0799518074586556,0.132427203965434,0,0,0
533,"simple_mode",0.0771412239315263,0.372903517595565,0.83663331056142,0.0771412239315263,0.372903517595565,0.83663331056142,0,0,0
533,"weighted_mode",0.0771412239315263,0.352109846774146,0.827136628433833,0.0771412239315263,0.352109846774146,0.827136628433833,0,0,0
534,"ivw",0.226912258305834,0.113889395769354,0.0463281247894755,0.226912258305834,0.113889395769354,0.0463281247894755,0,0,0
534,"egger",0.145408398347669,0.163011395762289,0.375060800650083,0.145408398347669,0.163011395762289,0.375060800650083,0,0,0
534,"weighted_median",0.0884142029530445,0.0710396528971901,0.213287875185447,0.0884142029530445,0.0710396528971901,0.213287875185447,0,0,0
534,"simple_mode",0.143496572550211,0.287701546405835,0.619294049077125,0.143496572550211,0.287701546405835,0.619294049077125,0,0,0
534,"weighted_mode",0.143496572550211,0.259635074529743,0.582000742054221,0.143496572550211,0.259635074529743,0.582000742054221,0,0,0
535,"ivw",0.0654966747126454,0.1060123042722,0.536693047486274,0.0654966747126454,0.1060123042722,0.536693047486274,0,0,0
535,"egger",-0.153002806372468,0.149475721578321,0.309111258266758,-0.153002806372468,0.149475721578321,0.309111258266758,0,0,0
535,"weighted_median",0.0840513163786488,0.0779089666044695,0.280659020699462,0.0840513163786488,0.0779089666044695,0.280659020699462,0,0,0
535,"simple_mode",-0.166780987444799,0.321433321748995,0.605268562989122,-0.166780987444799,0.321433321748995,0.605268562989122,0,0,0
535,"weighted_mode",-0.0158046318205088,0.297142833709102,0.95771254543048,-0.0158046318205088,0.297142833709102,0.95771254543048,0,0,0
536,"ivw",0.0173267710878155,0.104041927716104,0.867734817384892,0.0173267710878155,0.104041927716104,0.867734817384892,0,0,0
536,"egger",0.0821849487811082,0.149540418128538,0.584136056402923,0.0821849487811082,0.149540418128538,0.584136056402923,0,0,0
536,"weighted_median",-0.0132117425092822,0.0876887547792102,0.880238937943327,-0.0132117425092822,0.0876887547792102,0.880238937943327,0,0,0
536,"simple_mode",0.0376282787282249,0.174568934512737,0.829880622267882,0.0376282787282249,0.174568934512737,0.829880622267882,0,0,0
536,"weighted_mode",0.0376282787282249,0.133158356397162,0.778217413232961,0.0376282787282249,0.133158356397162,0.778217413232961,0,0,0
537,"ivw",-0.0618390593849696,0.0964928380373014,0.521609207263527,-0.0618390593849696,0.0964928380373014,0.521609207263527,0,0,0
537,"egger",-0.179339611679936,0.137497077875027,0.195866070312487,-0.179339611679936,0.137497077875027,0.195866070312487,0,0,0
537,"weighted_median",-0.0841577426221106,0.0691749090516478,0.223758928562141,-0.0841577426221106,0.0691749090516478,0.223758928562141,0,0,0
537,"simple_mode",-0.190651746663375,0.232941943229143,0.415500613562104,-0.190651746663375,0.232941943229143,0.415500613562104,0,0,0
537,"weighted_mode",-0.190651746663375,0.201216158836587,0.346203688464083,-0.190651746663375,0.201216158836587,0.346203688464083,0,0,0
538,"ivw",0.114436020151679,0.11792134628791,0.331825406575321,0.114436020151679,0.11792134628791,0.331825406575321,0,0,0
538,"egger",0.126078781559128,0.177916970324086,0.480608838370897,0.126078781559128,0.177916970324086,0.480608838370897,0,0,0
538,"weighted_median",0.0772694343976122,0.0822513818398319,0.347509899249738,0.0772694343976122,0.0822513818398319,0.347509899249738,0,0,0
538,"simple_mode",-0.126851440387119,0.265853294012238,0.634541444156818,-0.126851440387119,0.265853294012238,0.634541444156818,0,0,0
538,"weighted_mode",-0.002969479338018,0.262036855357576,0.990986194156029,-0.002969479338018,0.262036855357576,0.990986194156029,0,0,0
539,"ivw",0.22385410731893,0.112513544950426,0.0466378006645339,0.22385410731893,0.112513544950426,0.0466378006645339,0,0,0
539,"egger",0.19808045108012,0.166536795958002,0.237796768357434,0.19808045108012,0.166536795958002,0.237796768357434,0,0,0
539,"weighted_median",0.0136147330046286,0.0972091452708651,0.888615671985634,0.0136147330046286,0.0972091452708651,0.888615671985634,0,0,0
539,"simple_mode",-0.0898419940364145,0.375810957128274,0.811661605527701,-0.0898419940364145,0.375810957128274,0.811661605527701,0,0,0
539,"weighted_mode",0.116133803504483,0.349628927219874,0.740624183929552,0.116133803504483,0.349628927219874,0.740624183929552,0,0,0
540,"ivw",-0.0443922396734179,0.11659077263235,0.703386835168824,-0.0443922396734179,0.11659077263235,0.703386835168824,0,0,0
540,"egger",0.0393090836407227,0.170291619585098,0.818033137635832,0.0393090836407227,0.170291619585098,0.818033137635832,0,0,0
540,"weighted_median",-0.080174974894716,0.0910156588320268,0.378376223449682,-0.080174974894716,0.0910156588320268,0.378376223449682,0,0,0
540,"simple_mode",-0.227336059374091,0.227226773652199,0.320057293045687,-0.227336059374091,0.227226773652199,0.320057293045687,0,0,0
540,"weighted_mode",-0.109303459747476,0.190399512642112,0.567508324519547,-0.109303459747476,0.190399512642112,0.567508324519547,0,0,0
541,"ivw",0.0671073416355401,0.113454593212339,0.554191655809082,0.0671073416355401,0.113454593212339,0.554191655809082,0,0,0
541,"egger",0.191157197849466,0.161928762179289,0.241298761795021,0.191157197849466,0.161928762179289,0.241298761795021,0,0,0
541,"weighted_median",-0.0320753962271836,0.103895758873517,0.757529421067246,-0.0320753962271836,0.103895758873517,0.757529421067246,0,0,0
541,"simple_mode",-0.131999673941158,0.356777738690555,0.712364999476979,-0.131999673941158,0.356777738690555,0.712364999476979,0,0,0
541,"weighted_mode",0.0406803997412588,0.293952135507437,0.890274696078645,0.0406803997412588,0.293952135507437,0.890274696078645,0,0,0
542,"ivw",0.0608984707045797,0.122333323190769,0.618619585586065,0.0608984707045797,0.122333323190769,0.618619585586065,0,0,0
542,"egger",0.0308004448485383,0.189336697053013,0.871184136507946,0.0308004448485383,0.189336697053013,0.871184136507946,0,0,0
542,"weighted_median",-0.0211571024057337,0.102047991488875,0.835756031438958,-0.0211571024057337,0.102047991488875,0.835756031438958,0,0,0
542,"simple_mode",-0.140829171353507,0.233215675904705,0.547625488626053,-0.140829171353507,0.233215675904705,0.547625488626053,0,0,0
542,"weighted_mode",-0.0393208486542698,0.189756990155358,0.836360556187724,-0.0393208486542698,0.189756990155358,0.836360556187724,0,0,0
543,"ivw",-0.0624186160952788,0.123073892375826,0.612039931538614,-0.0624186160952788,0.123073892375826,0.612039931538614,0,0,0
543,"egger",-0.157438373481976,0.19243684799874,0.415713115825953,-0.157438373481976,0.19243684799874,0.415713115825953,0,0,0
543,"weighted_median",-0.0828183157948715,0.0782344020140109,0.289785610309625,-0.0828183157948715,0.0782344020140109,0.289785610309625,0,0,0
543,"simple_mode",-0.0245500081956996,0.246269823919965,0.920838785195206,-0.0245500081956996,0.246269823919965,0.920838785195206,0,0,0
543,"weighted_mode",-0.0245500081956996,0.228440079828187,0.914683423237196,-0.0245500081956996,0.228440079828187,0.914683423237196,0,0,0
544,"ivw",0.190619075076286,0.102962860998301,0.0641209174987355,0.190619075076286,0.102962860998301,0.0641209174987355,0,0,0
544,"egger",0.265215779355035,0.147519225195464,0.0759753954999598,0.265215779355035,0.147519225195464,0.0759753954999598,0,0,0
544,"weighted_median",0.0772040870295256,0.0765760563432525,0.313357787090396,0.0772040870295256,0.0765760563432525,0.313357787090396,0,0,0
544,"simple_mode",0.126414612752195,0.282470023493936,0.655684948267784,0.126414612752195,0.282470023493936,0.655684948267784,0,0,0
544,"weighted_mode",0.126414612752195,0.230478535963409,0.584865786922803,0.126414612752195,0.230478535963409,0.584865786922803,0,0,0
545,"ivw",-0.0294048591181288,0.145270772349215,0.839592971484896,-0.0294048591181288,0.145270772349215,0.839592971484896,0,0,0
545,"egger",0.09999981488534,0.213832644052752,0.641303069941658,0.09999981488534,0.213832644052752,0.641303069941658,0,0,0
545,"weighted_median",0.0658490309725617,0.123399909138031,0.593602385082315,0.0658490309725617,0.123399909138031,0.593602385082315,0,0,0
545,"simple_mode",0.226857817011653,0.275814386251065,0.413206156627796,0.226857817011653,0.275814386251065,0.413206156627796,0,0,0
545,"weighted_mode",0.132927605091751,0.218526198764774,0.544696208496234,0.132927605091751,0.218526198764774,0.544696208496234,0,0,0
546,"ivw",0.0292938678261097,0.12331346892958,0.812225396212063,0.0292938678261097,0.12331346892958,0.812225396212063,0,0,0
546,"egger",-0.00789751144899655,0.18451020183593,0.96596556402612,-0.00789751144899655,0.18451020183593,0.96596556402612,0,0,0
546,"weighted_median",-0.133956170932848,0.110152251353584,0.223946768098157,-0.133956170932848,0.110152251353584,0.223946768098157,0,0,0
546,"simple_mode",0.240779431797679,0.236676001287956,0.312021906442924,0.240779431797679,0.236676001287956,0.312021906442924,0,0,0
546,"weighted_mode",-0.0517664152517494,0.184661537085805,0.779938030590291,-0.0517664152517494,0.184661537085805,0.779938030590291,0,0,0
547,"ivw",0.153609512983698,0.122641112422375,0.210383215993941,0.153609512983698,0.122641112422375,0.210383215993941,0,0,0
547,"egger",0.0577205180181496,0.169479203089049,0.734315674681949,0.0577205180181496,0.169479203089049,0.734315674681949,0,0,0
547,"weighted_median",-0.0854466143293264,0.0659396861652259,0.195034108012442,-0.0854466143293264,0.0659396861652259,0.195034108012442,0,0,0
547,"simple_mode",0.35112576919729,0.285928768624315,0.222996591655886,0.35112576919729,0.285928768624315,0.222996591655886,0,0,0
547,"weighted_mode",-0.0431270354803467,0.229718460458064,0.851551030054002,-0.0431270354803467,0.229718460458064,0.851551030054002,0,0,0
548,"ivw",0.0289397763085844,0.12863700306382,0.822000739466015,0.0289397763085844,0.12863700306382,0.822000739466015,0,0,0
548,"egger",-0.0646275462471262,0.187908382686952,0.731800412387142,-0.0646275462471262,0.187908382686952,0.731800412387142,0,0,0
548,"weighted_median",-0.260010327845775,0.10220518976781,0.0109590086692623,-0.260010327845775,0.10220518976781,0.0109590086692623,0,0,0
548,"simple_mode",0.267537803973601,0.316848945877423,0.400949561080343,0.267537803973601,0.316848945877423,0.400949561080343,0,0,0
548,"weighted_mode",-0.158030887935754,0.283758464516347,0.579117390143497,-0.158030887935754,0.283758464516347,0.579117390143497,0,0,0
549,"ivw",0.0841084162566043,0.14595980916174,0.56445049082108,0.0841084162566043,0.14595980916174,0.56445049082108,0,0,0
549,"egger",0.220994758966585,0.204078495378402,0.282109950602698,0.220994758966585,0.204078495378402,0.282109950602698,0,0,0
549,"weighted_median",-0.0721687449561598,0.10155131470951,0.477293196842795,-0.0721687449561598,0.10155131470951,0.477293196842795,0,0,0
549,"simple_mode",-0.0761296984151657,0.234865942568478,0.746666768937978,-0.0761296984151657,0.234865942568478,0.746666768937978,0,0,0
549,"weighted_mode",-0.0761296984151657,0.176526539435095,0.667421398273936,-0.0761296984151657,0.176526539435095,0.667421398273936,0,0,0
550,"ivw",0.295548251418426,0.110404785338763,0.00742953973954415,0.295548251418426,0.110404785338763,0.00742953973954415,0,0,0
550,"egger",0.178068478724399,0.156464361671792,0.25848524050886,0.178068478724399,0.156464361671792,0.25848524050886,0,0,0
550,"weighted_median",0.0182904862477502,0.0792648923760144,0.817507926122421,0.0182904862477502,0.0792648923760144,0.817507926122421,0,0,0
550,"simple_mode",0.0510655163321234,0.510472158199029,0.920563045724291,0.0510655163321234,0.510472158199029,0.920563045724291,0,0,0
550,"weighted_mode",0.0510655163321234,0.491021678657527,0.917427616548186,0.0510655163321234,0.491021678657527,0.917427616548186,0,0,0
551,"ivw",-0.0373283798467888,0.0836703318581499,0.655498727628551,-0.0373283798467888,0.0836703318581499,0.655498727628551,0,0,0
551,"egger",-0.0333350297458916,0.117338581657291,0.777073380327449,-0.0333350297458916,0.117338581657291,0.777073380327449,0,0,0
551,"weighted_median",-0.0499002830809356,0.0764026221309261,0.513677210854363,-0.0499002830809356,0.0764026221309261,0.513677210854363,0,0,0
551,"simple_mode",0.0150533725773292,1.17932865166952,0.989847179622827,0.0150533725773292,1.17932865166952,0.989847179622827,0,0,0
551,"weighted_mode",0.0150533725773292,1.18492563329195,0.989895133726773,0.0150533725773292,1.18492563329195,0.989895133726773,0,0,0
552,"ivw",0.213003528377967,0.0767273415360922,0.00550136181154013,0.213003528377967,0.0767273415360922,0.00550136181154013,0,0,0
552,"egger",0.267296141692619,0.106211881207855,0.0138474372247441,0.267296141692619,0.106211881207855,0.0138474372247441,0,0,0
552,"weighted_median",0.0982142883953067,0.0722671802554228,0.174132599605123,0.0982142883953067,0.0722671802554228,0.174132599605123,0,0,0
552,"simple_mode",0.0867424453200339,0.823379441380206,0.916359097053745,0.0867424453200339,0.823379441380206,0.916359097053745,0,0,0
552,"weighted_mode",0.0867424453200339,0.832858854467355,0.917307579799856,0.0867424453200339,0.832858854467355,0.917307579799856,0,0,0
553,"ivw",-0.176848252445559,0.0754956677594179,0.0191552714675269,-0.176848252445559,0.0754956677594179,0.0191552714675269,0,0,0
553,"egger",-0.0973537985695184,0.108646413414966,0.372908666725551,-0.0973537985695184,0.108646413414966,0.372908666725551,0,0,0
553,"weighted_median",-0.0491928267753284,0.0915652087963151,0.591099325176196,-0.0491928267753284,0.0915652087963151,0.591099325176196,0,0,0
553,"simple_mode",-0.100925714141299,1.44901859990236,0.944643045115945,-0.100925714141299,1.44901859990236,0.944643045115945,0,0,0
553,"weighted_mode",-0.100925714141299,1.32886001233787,0.939646872988821,-0.100925714141299,1.32886001233787,0.939646872988821,0,0,0
554,"ivw",-0.0194640523601653,0.122153189375115,0.873399955544939,-0.0194640523601653,0.122153189375115,0.873399955544939,0,0,0
554,"egger",0.270165419555524,0.177228738060814,0.131355369408699,0.270165419555524,0.177228738060814,0.131355369408699,0,0,0
554,"weighted_median",0.214867050867117,0.100954895225919,0.0333083219294748,0.214867050867117,0.100954895225919,0.0333083219294748,0,0,0
554,"simple_mode",-0.216516330914632,0.344187918767018,0.531077106209499,-0.216516330914632,0.344187918767018,0.531077106209499,0,0,0
554,"weighted_mode",0.109231586559568,0.29956185918805,0.71633203481003,0.109231586559568,0.29956185918805,0.71633203481003,0,0,0
555,"ivw",-0.143233792507026,0.0842928511293402,0.0892739542703277,-0.143233792507026,0.0842928511293402,0.0892739542703277,0,0,0
555,"egger",-0.140786630415747,0.123885248652986,0.259170372629041,-0.140786630415747,0.123885248652986,0.259170372629041,0,0,0
555,"weighted_median",-0.195650986516679,0.0805071088476696,0.0150891429287327,-0.195650986516679,0.0805071088476696,0.0150891429287327,0,0,0
555,"simple_mode",-0.148359851548451,0.430553957941232,0.73130395900015,-0.148359851548451,0.430553957941232,0.73130395900015,0,0,0
555,"weighted_mode",-0.0241867958783959,0.421461206065106,0.954377493126116,-0.0241867958783959,0.421461206065106,0.954377493126116,0,0,0
556,"ivw",-0.0488312083954891,0.100707175503632,0.627759264418827,-0.0488312083954891,0.100707175503632,0.627759264418827,0,0,0
556,"egger",-0.0749745905225653,0.139177463372341,0.591591282115617,-0.0749745905225653,0.139177463372341,0.591591282115617,0,0,0
556,"weighted_median",0.133798145795515,0.0738376794964226,0.0699772602853399,0.133798145795515,0.0738376794964226,0.0699772602853399,0,0,0
556,"simple_mode",-0.00714009651924652,1.04745028046824,0.994577907269398,-0.00714009651924652,1.04745028046824,0.994577907269398,0,0,0
556,"weighted_mode",-0.00714009651924652,1.00447625961378,0.994345940378731,-0.00714009651924652,1.00447625961378,0.994345940378731,0,0,0
557,"ivw",0.102458073984364,0.103544578096182,0.322415197972776,0.102458073984364,0.103544578096182,0.322415197972776,0,0,0
557,"egger",0.0486204967689084,0.141688136216942,0.732384600401485,0.0486204967689084,0.141688136216942,0.732384600401485,0,0,0
557,"weighted_median",0.0604382046443955,0.0839333776917467,0.471479716191285,0.0604382046443955,0.0839333776917467,0.471479716191285,0,0,0
557,"simple_mode",-0.0293310134660898,0.469365850104755,0.950325993302765,-0.0293310134660898,0.469365850104755,0.950325993302765,0,0,0
557,"weighted_mode",0.0989897954211645,0.442817478154473,0.823673914742299,0.0989897954211645,0.442817478154473,0.823673914742299,0,0,0
558,"ivw",-0.0695984874604215,0.106683830312145,0.514155517612047,-0.0695984874604215,0.106683830312145,0.514155517612047,0,0,0
558,"egger",-0.0478457355158978,0.159155162506781,0.764481708564086,-0.0478457355158978,0.159155162506781,0.764481708564086,0,0,0
558,"weighted_median",0.13292848406216,0.0904812003151011,0.14179801692132,0.13292848406216,0.0904812003151011,0.14179801692132,0,0,0
558,"simple_mode",-0.252876181799892,1.57474290845493,0.872822038433003,-0.252876181799892,1.57474290845493,0.872822038433003,0,0,0
558,"weighted_mode",0.109763463413396,1.56895876828111,0.944398380630235,0.109763463413396,1.56895876828111,0.944398380630235,0,0,0
559,"ivw",-0.255630403097789,0.124007756491145,0.0392642692542601,-0.255630403097789,0.124007756491145,0.0392642692542601,0,0,0
559,"egger",-0.217070496647474,0.17580721353942,0.220553682038077,-0.217070496647474,0.17580721353942,0.220553682038077,0,0,0
559,"weighted_median",-0.0957093059161786,0.093215757468474,0.304538062641422,-0.0957093059161786,0.093215757468474,0.304538062641422,0,0,0
559,"simple_mode",-0.427215179132342,0.52047278047804,0.414157226793803,-0.427215179132342,0.52047278047804,0.414157226793803,0,0,0
559,"weighted_mode",-0.151097407630788,0.493364422778411,0.760193097456692,-0.151097407630788,0.493364422778411,0.760193097456692,0,0,0
560,"ivw",-0.0427164241832813,0.11554750593202,0.711615633001501,-0.0427164241832813,0.11554750593202,0.711615633001501,0,0,0
560,"egger",-0.0248138828187017,0.164898367306134,0.880764811131521,-0.0248138828187017,0.164898367306134,0.880764811131521,0,0,0
560,"weighted_median",-0.0444801775514548,0.0891559920421727,0.617847833867835,-0.0444801775514548,0.0891559920421727,0.617847833867835,0,0,0
560,"simple_mode",0.0411591302101941,2.26545798138308,0.985549406943561,0.0411591302101941,2.26545798138308,0.985549406943561,0,0,0
560,"weighted_mode",0.0411591302101941,2.25642250289243,0.985491548367681,0.0411591302101941,2.25642250289243,0.985491548367681,0,0,0
561,"ivw",-0.194297508409832,0.0764020300173798,0.0109875812494965,-0.194297508409832,0.0764020300173798,0.0109875812494965,0,0,0
561,"egger",-0.178864599808427,0.10778977449365,0.100954003402948,-0.178864599808427,0.10778977449365,0.100954003402948,0,0,0
561,"weighted_median",-0.291969134495829,0.0648849523724546,6.80182852129165e-06,-0.291969134495829,0.0648849523724546,6.80182852129165e-06,0,0,0
561,"simple_mode",-0.288597693625812,0.576002819600887,0.617705226121053,-0.288597693625812,0.576002819600887,0.617705226121053,0,0,0
561,"weighted_mode",-0.288597693625812,0.540057694653343,0.594540273010131,-0.288597693625812,0.540057694653343,0.594540273010131,0,0,0
562,"ivw",-0.0386354188692484,0.0883422889985763,0.661866414041962,-0.0386354188692484,0.0883422889985763,0.661866414041962,0,0,0
562,"egger",0.0119163252039128,0.125117133997183,0.924361286533696,0.0119163252039128,0.125117133997183,0.924361286533696,0,0,0
562,"weighted_median",0.0310013746490067,0.0541711703789314,0.567128579939764,0.0310013746490067,0.0541711703789314,0.567128579939764,0,0,0
562,"simple_mode",0.0271751096750017,0.842770733732653,0.974356024221704,0.0271751096750017,0.842770733732653,0.974356024221704,0,0,0
562,"weighted_mode",0.0271751096750017,0.847297025359291,0.974492967603074,0.0271751096750017,0.847297025359291,0.974492967603074,0,0,0
563,"ivw",0.274318417990549,0.0976691877587222,0.0049749931593391,0.274318417990549,0.0976691877587222,0.0049749931593391,0,0,0
563,"egger",0.248183046987916,0.152072263214084,0.106608392479942,0.248183046987916,0.152072263214084,0.106608392479942,0,0,0
563,"weighted_median",0.0900833497702928,0.0731603053384196,0.218205235338642,0.0900833497702928,0.0731603053384196,0.218205235338642,0,0,0
563,"simple_mode",0.0500302145090302,0.289308015749625,0.863137358103183,0.0500302145090302,0.289308015749625,0.863137358103183,0,0,0
563,"weighted_mode",0.143946444075114,0.265068537388118,0.588584146927524,0.143946444075114,0.265068537388118,0.588584146927524,0,0,0
564,"ivw",-0.0422227942355907,0.123950483847022,0.73337278193084,-0.0422227942355907,0.123950483847022,0.73337278193084,0,0,0
564,"egger",0.250891333969853,0.176733496361551,0.159608412953439,0.250891333969853,0.176733496361551,0.159608412953439,0,0,0
564,"weighted_median",0.189799263372446,0.0913673340641316,0.0377719606877281,0.189799263372446,0.0913673340641316,0.0377719606877281,0,0,0
564,"simple_mode",-0.00473568268007707,1.62934021828621,0.997688095565272,-0.00473568268007707,1.62934021828621,0.997688095565272,0,0,0
564,"weighted_mode",-0.00473568268007707,1.64460141455349,0.997709548987259,-0.00473568268007707,1.64460141455349,0.997709548987259,0,0,0
565,"ivw",-0.0829085942686208,0.118271695131621,0.483302297693432,-0.0829085942686208,0.118271695131621,0.483302297693432,0,0,0
565,"egger",-0.087532395231625,0.166778651157015,0.6011446688573,-0.087532395231625,0.166778651157015,0.6011446688573,0,0,0
565,"weighted_median",-0.198360824046253,0.0732058881404701,0.00673584320525562,-0.198360824046253,0.0732058881404701,0.00673584320525562,0,0,0
565,"simple_mode",-0.22120638081778,1.02884349210137,0.830303922186707,-0.22120638081778,1.02884349210137,0.830303922186707,0,0,0
565,"weighted_mode",-0.22120638081778,1.03063436228697,0.830594234880671,-0.22120638081778,1.03063436228697,0.830594234880671,0,0,0
566,"ivw",-0.0770983227423295,0.117473615978804,0.51162898969828,-0.0770983227423295,0.117473615978804,0.51162898969828,0,0,0
566,"egger",-0.301585391166602,0.172820773867937,0.084811554261492,-0.301585391166602,0.172820773867937,0.084811554261492,0,0,0
566,"weighted_median",-0.123832920151667,0.0891960979703354,0.165038964707935,-0.123832920151667,0.0891960979703354,0.165038964707935,0,0,0
566,"simple_mode",-0.0719892356488036,0.290554986983093,0.804943556183805,-0.0719892356488036,0.290554986983093,0.804943556183805,0,0,0
566,"weighted_mode",-0.0719892356488036,0.239128262428904,0.764148849328113,-0.0719892356488036,0.239128262428904,0.764148849328113,0,0,0
567,"ivw",-0.109225741615408,0.110886457942791,0.3246126399228,-0.109225741615408,0.110886457942791,0.3246126399228,0,0,0
567,"egger",0.105459003770609,0.164004230259946,0.52204599927047,0.105459003770609,0.164004230259946,0.52204599927047,0,0,0
567,"weighted_median",-0.00430430427983186,0.0743670646447909,0.953844871990316,-0.00430430427983186,0.0743670646447909,0.953844871990316,0,0,0
567,"simple_mode",0.0479684021615769,0.97908112324312,0.961045252125185,0.0479684021615769,0.97908112324312,0.961045252125185,0,0,0
567,"weighted_mode",0.0479684021615769,0.976162246424451,0.960928866114696,0.0479684021615769,0.976162246424451,0.960928866114696,0,0,0
568,"ivw",0.057317165229149,0.108086399730395,0.595910697355633,0.057317165229149,0.108086399730395,0.595910697355633,0,0,0
568,"egger",-0.139893343983442,0.151714450560137,0.359257712141782,-0.139893343983442,0.151714450560137,0.359257712141782,0,0,0
568,"weighted_median",-0.08467633220027,0.0683480313681379,0.215382771378769,-0.08467633220027,0.0683480313681379,0.215382771378769,0,0,0
568,"simple_mode",-0.0272320862927664,1.22095628576934,0.98226039157908,-0.0272320862927664,1.22095628576934,0.98226039157908,0,0,0
568,"weighted_mode",-0.0272320862927664,1.17627896450237,0.981586726999675,-0.0272320862927664,1.17627896450237,0.981586726999675,0,0,0
569,"ivw",0.0494518975747216,0.12093083007622,0.682593136759194,0.0494518975747216,0.12093083007622,0.682593136759194,0,0,0
569,"egger",0.266495139739678,0.166633324388149,0.113698222856425,0.266495139739678,0.166633324388149,0.113698222856425,0,0,0
569,"weighted_median",0.113618508155817,0.091990332550809,0.216788239268672,0.113618508155817,0.091990332550809,0.216788239268672,0,0,0
569,"simple_mode",0.094694955663169,0.581512929769695,0.871048111493295,0.094694955663169,0.581512929769695,0.871048111493295,0,0,0
569,"weighted_mode",0.094694955663169,0.549402134223136,0.863584443250082,0.094694955663169,0.549402134223136,0.863584443250082,0,0,0
570,"ivw",0.0870163225339252,0.110191220287406,0.429711919307616,0.0870163225339252,0.110191220287406,0.429711919307616,0,0,0
570,"egger",0.21510191325032,0.158757319548164,0.179259977608241,0.21510191325032,0.158757319548164,0.179259977608241,0,0,0
570,"weighted_median",0.074344933839214,0.080136920219444,0.353550822685886,0.074344933839214,0.080136920219444,0.353550822685886,0,0,0
570,"simple_mode",-0.145555775984183,0.500455042595789,0.771911862851752,-0.145555775984183,0.500455042595789,0.771911862851752,0,0,0
570,"weighted_mode",0.0961222927712056,0.46331391769992,0.83616596795138,0.0961222927712056,0.46331391769992,0.83616596795138,0,0,0
571,"ivw",0.000709573292435635,0.110141740370898,0.994859771993766,0.000709573292435635,0.110141740370898,0.994859771993766,0,0,0
571,"egger",0.262173740017919,0.159286784596466,0.103703098433513,0.262173740017919,0.159286784596466,0.103703098433513,0,0,0
571,"weighted_median",-0.0695971039115884,0.106564946158353,0.513694609616148,-0.0695971039115884,0.106564946158353,0.513694609616148,0,0,0
571,"simple_mode",-0.235267383382864,0.872819862603658,0.78819302232386,-0.235267383382864,0.872819862603658,0.78819302232386,0,0,0
571,"weighted_mode",0.00181942493294782,0.849128003109885,0.998295643966603,0.00181942493294782,0.849128003109885,0.998295643966603,0,0,0
572,"ivw",-0.419236753262219,0.12505375906798,0.000800990634310812,-0.419236753262219,0.12505375906798,0.000800990634310812,0,0,0
572,"egger",-0.27482281338775,0.18053461783926,0.131884066083519,-0.27482281338775,0.18053461783926,0.131884066083519,0,0,0
572,"weighted_median",0.00711297022021738,0.0947515028770911,0.940159227758107,0.00711297022021738,0.0947515028770911,0.940159227758107,0,0,0
572,"simple_mode",-0.0712794627681826,0.491188129330585,0.884979448964537,-0.0712794627681826,0.491188129330585,0.884979448964537,0,0,0
572,"weighted_mode",-0.0712794627681826,0.452323260991169,0.875175820835183,-0.0712794627681826,0.452323260991169,0.875175820835183,0,0,0
573,"ivw",-0.306794948824889,0.130780922188304,0.0189827633457689,-0.306794948824889,0.130780922188304,0.0189827633457689,0,0,0
573,"egger",-0.357463210842547,0.191697686741597,0.0658874026199487,-0.357463210842547,0.191697686741597,0.0658874026199487,0,0,0
573,"weighted_median",-0.191024833141226,0.0898127505993349,0.0334264553965888,-0.191024833141226,0.0898127505993349,0.0334264553965888,0,0,0
573,"simple_mode",-0.169533436905676,1.07060478740148,0.87457280844761,-0.169533436905676,1.07060478740148,0.87457280844761,0,0,0
573,"weighted_mode",-0.169533436905676,1.08314090959957,0.876012455980978,-0.169533436905676,1.08314090959957,0.876012455980978,0,0,0
574,"ivw",0.253567006476431,0.143539423755863,0.0773066131688168,0.253567006476431,0.143539423755863,0.0773066131688168,0,0,0
574,"egger",0.0969311737336829,0.218685705213148,0.658785461182559,0.0969311737336829,0.218685705213148,0.658785461182559,0,0,0
574,"weighted_median",0.115341138515138,0.0897192478438272,0.198590194629293,0.115341138515138,0.0897192478438272,0.198590194629293,0,0,0
574,"simple_mode",-0.128989451008234,0.459162995309187,0.779485779317872,-0.128989451008234,0.459162995309187,0.779485779317872,0,0,0
574,"weighted_mode",0.185658573953199,0.441051812844681,0.674910036194655,0.185658573953199,0.441051812844681,0.674910036194655,0,0,0
575,"ivw",0.272750149971171,0.115154414624265,0.0178574795911256,0.272750149971171,0.115154414624265,0.0178574795911256,0,0,0
575,"egger",0.396918742166756,0.181562660592043,0.0317294594587323,0.396918742166756,0.181562660592043,0.0317294594587323,0,0,0
575,"weighted_median",0.202845429618726,0.083750953638337,0.0154350361534244,0.202845429618726,0.083750953638337,0.0154350361534244,0,0,0
575,"simple_mode",0.223608563789147,0.506795581827058,0.660228943583092,0.223608563789147,0.506795581827058,0.660228943583092,0,0,0
575,"weighted_mode",0.223608563789147,0.479449813779906,0.642191299167444,0.223608563789147,0.479449813779906,0.642191299167444,0,0,0
576,"ivw",0.084308437209825,0.0664117573535743,0.204269707389285,0.084308437209825,0.0664117573535743,0.204269707389285,0,0,0
576,"egger",-0.0362659016400128,0.0953863656534635,0.704804488443665,-0.0362659016400128,0.0953863656534635,0.704804488443665,0,0,0
576,"weighted_median",-0.00495377098889073,0.0621931389157364,0.936514508592017,-0.00495377098889073,0.0621931389157364,0.936514508592017,0,0,0
576,"simple_mode",0.0799479794790597,0.257240348684914,0.756757893462267,0.0799479794790597,0.257240348684914,0.756757893462267,0,0,0
576,"weighted_mode",0.0799479794790597,0.221290804180052,0.718830652481698,0.0799479794790597,0.221290804180052,0.718830652481698,0,0,0
577,"ivw",-0.021231822904785,0.0800571804817847,0.790849057432562,-0.021231822904785,0.0800571804817847,0.790849057432562,0,0,0
577,"egger",0.0737630465206306,0.116251557099769,0.527556914508509,0.0737630465206306,0.116251557099769,0.527556914508509,0,0,0
577,"weighted_median",-0.106397665387627,0.0752250394118309,0.157246949092808,-0.106397665387627,0.0752250394118309,0.157246949092808,0,0,0
577,"simple_mode",-0.16837503846833,0.633160740286647,0.790970529756352,-0.16837503846833,0.633160740286647,0.790970529756352,0,0,0
577,"weighted_mode",-0.0543328864064902,0.593892594062909,0.927332266400481,-0.0543328864064902,0.593892594062909,0.927332266400481,0,0,0
578,"ivw",-0.0925856313156654,0.0767181237749122,0.227498132200306,-0.0925856313156654,0.0767181237749122,0.227498132200306,0,0,0
578,"egger",0.0117521056843837,0.115308674662355,0.919076262393509,0.0117521056843837,0.115308674662355,0.919076262393509,0,0,0
578,"weighted_median",-0.0543094717466963,0.0838544553746622,0.517202603697988,-0.0543094717466963,0.0838544553746622,0.517202603697988,0,0,0
578,"simple_mode",0.10166083544293,2.88652077090414,0.971991633214107,0.10166083544293,2.88652077090414,0.971991633214107,0,0,0
578,"weighted_mode",0.10166083544293,2.9397213707756,0.972498298631137,0.10166083544293,2.9397213707756,0.972498298631137,0,0,0
579,"ivw",0.0879555715531081,0.107936194296049,0.415138215020415,0.0879555715531081,0.107936194296049,0.415138215020415,0,0,0
579,"egger",0.0546201760086746,0.16223643448416,0.737247091943472,0.0546201760086746,0.16223643448416,0.737247091943472,0,0,0
579,"weighted_median",0.082009280532374,0.084599488837093,0.332354282918719,0.082009280532374,0.084599488837093,0.332354282918719,0,0,0
579,"simple_mode",0.206514100981468,1.93918938677493,0.915452883855785,0.206514100981468,1.93918938677493,0.915452883855785,0,0,0
579,"weighted_mode",0.206514100981468,1.93441257338658,0.915244904975885,0.206514100981468,1.93441257338658,0.915244904975885,0,0,0
580,"ivw",0.0732868480912539,0.0833411657282282,0.379206369336436,0.0732868480912539,0.0833411657282282,0.379206369336436,0,0,0
580,"egger",0.21876712029148,0.125590386772633,0.0853677002751204,0.21876712029148,0.125590386772633,0.0853677002751204,0,0,0
580,"weighted_median",0.155565255448506,0.0765745015395566,0.0421988003641385,0.155565255448506,0.0765745015395566,0.0421988003641385,0,0,0
580,"simple_mode",0.171897158862869,1.20402800026491,0.886827636434603,0.171897158862869,1.20402800026491,0.886827636434603,0,0,0
580,"weighted_mode",0.171897158862869,1.16828651643774,0.88339018618889,0.171897158862869,1.16828651643774,0.88339018618889,0,0,0
581,"ivw",-0.0583080871135407,0.105495036624132,0.580462488864486,-0.0583080871135407,0.105495036624132,0.580462488864486,0,0,0
581,"egger",0.00117118322013087,0.158318106372655,0.994115993135242,0.00117118322013087,0.158318106372655,0.994115993135242,0,0,0
581,"weighted_median",0.03396029781571,0.0913303616415963,0.710011848323795,0.03396029781571,0.0913303616415963,0.710011848323795,0,0,0
581,"simple_mode",0.0733500925977773,0.281354059368652,0.79498252636377,0.0733500925977773,0.281354059368652,0.79498252636377,0,0,0
581,"weighted_mode",0.00821296551537865,0.258640573086556,0.974746060012808,0.00821296551537865,0.258640573086556,0.974746060012808,0,0,0
582,"ivw",0.0457687323553459,0.100589431233756,0.649105368531638,0.0457687323553459,0.100589431233756,0.649105368531638,0,0,0
582,"egger",0.295670041294848,0.148110634154162,0.0493056790693511,0.295670041294848,0.148110634154162,0.0493056790693511,0,0,0
582,"weighted_median",0.0544128666498937,0.0908728250933922,0.549319333539879,0.0544128666498937,0.0908728250933922,0.549319333539879,0,0,0
582,"simple_mode",0.123701838374744,2.0698471874423,0.952490999161854,0.123701838374744,2.0698471874423,0.952490999161854,0,0,0
582,"weighted_mode",0.123701838374744,2.14292104210899,0.954109208575954,0.123701838374744,2.14292104210899,0.954109208575954,0,0,0
583,"ivw",0.16411303633447,0.096879779985363,0.0902678544358961,0.16411303633447,0.096879779985363,0.0902678544358961,0,0,0
583,"egger",0.213998382056546,0.139153678096117,0.12802974710157,0.213998382056546,0.139153678096117,0.12802974710157,0,0,0
583,"weighted_median",0.268559194516225,0.0758186535366434,0.000396916416415863,0.268559194516225,0.0758186535366434,0.000396916416415863,0,0,0
583,"simple_mode",0.0898639437238573,0.908130929666705,0.921418617741337,0.0898639437238573,0.908130929666705,0.921418617741337,0,0,0
583,"weighted_mode",0.303651230602175,0.929507628683239,0.744752830502124,0.303651230602175,0.929507628683239,0.744752830502124,0,0,0
584,"ivw",-0.28625489274365,0.122539091244728,0.0194897208156554,-0.28625489274365,0.122539091244728,0.0194897208156554,0,0,0
584,"egger",0.0187806784522253,0.187817561760823,0.920599042539751,0.0187806784522253,0.187817561760823,0.920599042539751,0,0,0
584,"weighted_median",-0.125679463668984,0.0902058504963603,0.163543660251869,-0.125679463668984,0.0902058504963603,0.163543660251869,0,0,0
584,"simple_mode",-0.338009301079988,1.47613922697027,0.81946007500248,-0.338009301079988,1.47613922697027,0.81946007500248,0,0,0
584,"weighted_mode",-0.125997629393621,1.47602727868451,0.932183714113069,-0.125997629393621,1.47602727868451,0.932183714113069,0,0,0
585,"ivw",-0.0645579733722683,0.102086093720805,0.527133675740794,-0.0645579733722683,0.102086093720805,0.527133675740794,0,0,0
585,"egger",0.118716335642086,0.145870904469094,0.418149441081507,0.118716335642086,0.145870904469094,0.418149441081507,0,0,0
585,"weighted_median",0.0841258742209022,0.0781829055333551,0.281921147903904,0.0841258742209022,0.0781829055333551,0.281921147903904,0,0,0
585,"simple_mode",-0.251984126079632,1.78813308025572,0.888282829245798,-0.251984126079632,1.78813308025572,0.888282829245798,0,0,0
585,"weighted_mode",0.0121307148602341,1.72831619729616,0.994417107505238,0.0121307148602341,1.72831619729616,0.994417107505238,0,0,0
586,"ivw",-0.0142084145496477,0.0970645175674914,0.883620516540224,-0.0142084145496477,0.0970645175674914,0.883620516540224,0,0,0
586,"egger",-0.00822391597539994,0.147177020377054,0.955578541926287,-0.00822391597539994,0.147177020377054,0.955578541926287,0,0,0
586,"weighted_median",-0.016925782533004,0.0928592823821967,0.855368126977932,-0.016925782533004,0.0928592823821967,0.855368126977932,0,0,0
586,"simple_mode",-0.110570142741876,0.473941799669158,0.816117813420708,-0.110570142741876,0.473941799669158,0.816117813420708,0,0,0
586,"weighted_mode",-0.110570142741876,0.460160168113577,0.810715476692419,-0.110570142741876,0.460160168113577,0.810715476692419,0,0,0
587,"ivw",-0.121891679454439,0.0944243286562261,0.196740876473136,-0.121891679454439,0.0944243286562261,0.196740876473136,0,0,0
587,"egger",-0.326783774620074,0.139280063623357,0.0214395464806466,-0.326783774620074,0.139280063623357,0.0214395464806466,0,0,0
587,"weighted_median",-0.0425788022482939,0.0735671423648587,0.562741190717757,-0.0425788022482939,0.0735671423648587,0.562741190717757,0,0,0
587,"simple_mode",-0.172678117556983,0.588616604524829,0.769995292313897,-0.172678117556983,0.588616604524829,0.769995292313897,0,0,0
587,"weighted_mode",-0.172678117556983,0.57980403978234,0.766601946070671,-0.172678117556983,0.57980403978234,0.766601946070671,0,0,0
588,"ivw",0.132096887843376,0.0844908915198313,0.117947890501178,0.132096887843376,0.0844908915198313,0.117947890501178,0,0,0
588,"egger",0.252950446814179,0.121575334569662,0.0406700129034236,0.252950446814179,0.121575334569662,0.0406700129034236,0,0,0
588,"weighted_median",0.138600398816252,0.0545167418366204,0.011011123769716,0.138600398816252,0.0545167418366204,0.011011123769716,0,0,0
588,"simple_mode",0.191581722592329,0.92073974160833,0.835693718951754,0.191581722592329,0.92073974160833,0.835693718951754,0,0,0
588,"weighted_mode",0.191581722592329,0.923886363373632,0.836245237816697,0.191581722592329,0.923886363373632,0.836245237816697,0,0,0
589,"ivw",0.12994628834812,0.110416290988538,0.239244982797811,0.12994628834812,0.110416290988538,0.239244982797811,0,0,0
589,"egger",0.461608262639533,0.160660883053369,0.00520177735150472,0.461608262639533,0.160660883053369,0.00520177735150472,0,0,0
589,"weighted_median",0.215870936002715,0.0866019155054531,0.0126782748542938,0.215870936002715,0.0866019155054531,0.0126782748542938,0,0,0
589,"simple_mode",0.00199992465437404,4.79436914673154,0.999668195835875,0.00199992465437404,4.79436914673154,0.999668195835875,0,0,0
589,"weighted_mode",0.00199992465437404,4.88035326175087,0.999674041700765,0.00199992465437404,4.88035326175087,0.999674041700765,0,0,0
590,"ivw",0.0695810514936268,0.11526149503207,0.546056458712058,0.0695810514936268,0.11526149503207,0.546056458712058,0,0,0
590,"egger",0.0871763681484726,0.166879068591365,0.602840725695397,0.0871763681484726,0.166879068591365,0.602840725695397,0,0,0
590,"weighted_median",0.186140721802769,0.0912666509093443,0.0413975433814514,0.186140721802769,0.0912666509093443,0.0413975433814514,0,0,0
590,"simple_mode",0.110559006809755,0.389662289177106,0.777341029548771,0.110559006809755,0.389662289177106,0.777341029548771,0,0,0
590,"weighted_mode",0.110559006809755,0.363167200728002,0.761581045801035,0.110559006809755,0.363167200728002,0.761581045801035,0,0,0
591,"ivw",-0.107409954919027,0.11907859103715,0.367052113179603,-0.107409954919027,0.11907859103715,0.367052113179603,0,0,0
591,"egger",0.0445501213451021,0.173206476146819,0.797678473811596,0.0445501213451021,0.173206476146819,0.797678473811596,0,0,0
591,"weighted_median",-0.11064436883524,0.0933422583148996,0.235874337456871,-0.11064436883524,0.0933422583148996,0.235874337456871,0,0,0
591,"simple_mode",-0.0887305413086357,3.39883552996133,0.979236874719666,-0.0887305413086357,3.39883552996133,0.979236874719666,0,0,0
591,"weighted_mode",-0.0887305413086357,3.38213587757922,0.979134378350452,-0.0887305413086357,3.38213587757922,0.979134378350452,0,0,0
592,"ivw",-0.0369189168377037,0.104508948810922,0.723892916299635,-0.0369189168377037,0.104508948810922,0.723892916299635,0,0,0
592,"egger",-0.0629478043561755,0.146163159540582,0.667867851979349,-0.0629478043561755,0.146163159540582,0.667867851979349,0,0,0
592,"weighted_median",-0.0448839036359271,0.0721266535833833,0.533749296144572,-0.0448839036359271,0.0721266535833833,0.533749296144572,0,0,0
592,"simple_mode",-0.0387601435186674,0.630084479451056,0.951099977487545,-0.0387601435186674,0.630084479451056,0.951099977487545,0,0,0
592,"weighted_mode",-0.0387601435186674,0.602513582729537,0.948865377315923,-0.0387601435186674,0.602513582729537,0.948865377315923,0,0,0
593,"ivw",0.0905091160301087,0.110867386953492,0.414286964436499,0.0905091160301087,0.110867386953492,0.414286964436499,0,0,0
593,"egger",0.0559146489787862,0.165187831534072,0.735879735733363,0.0559146489787862,0.165187831534072,0.735879735733363,0,0,0
593,"weighted_median",-0.0724867286258759,0.0870662938626168,0.405100604870847,-0.0724867286258759,0.0870662938626168,0.405100604870847,0,0,0
593,"simple_mode",0.189067493722295,1.78078511735784,0.915709290978447,0.189067493722295,1.78078511735784,0.915709290978447,0,0,0
593,"weighted_mode",-0.106789651648805,1.82277791419678,0.953425988569719,-0.106789651648805,1.82277791419678,0.953425988569719,0,0,0
594,"ivw",0.00183709933554501,0.118412959213655,0.987621841335034,0.00183709933554501,0.118412959213655,0.987621841335034,0,0,0
594,"egger",0.231722934289176,0.166987572702138,0.169091997753609,0.231722934289176,0.166987572702138,0.169091997753609,0,0,0
594,"weighted_median",0.0570401897672899,0.0850833644476777,0.50260057076253,0.0570401897672899,0.0850833644476777,0.50260057076253,0,0,0
594,"simple_mode",0.0636121842330597,1.51810245170091,0.966679595580701,0.0636121842330597,1.51810245170091,0.966679595580701,0,0,0
594,"weighted_mode",0.0636121842330597,1.48892874229291,0.966027121805083,0.0636121842330597,1.48892874229291,0.966027121805083,0,0,0
595,"ivw",0.128213790259851,0.104535287151706,0.220006040233566,0.128213790259851,0.104535287151706,0.220006040233566,0,0,0
595,"egger",0.184573909224832,0.15130100639589,0.226082361947962,0.184573909224832,0.15130100639589,0.226082361947962,0,0,0
595,"weighted_median",0.224835464165342,0.0712880427660982,0.00161103458055582,0.224835464165342,0.0712880427660982,0.00161103458055582,0,0,0
595,"simple_mode",0.157388651623719,1.03495435556984,0.879507479442511,0.157388651623719,1.03495435556984,0.879507479442511,0,0,0
595,"weighted_mode",0.157388651623719,1.01172997656148,0.876763816393785,0.157388651623719,1.01172997656148,0.876763816393785,0,0,0
596,"ivw",-0.0265929654589951,0.0991538219067927,0.788546070345818,-0.0265929654589951,0.0991538219067927,0.788546070345818,0,0,0
596,"egger",0.0482078344736664,0.154053193827741,0.755148334639887,0.0482078344736664,0.154053193827741,0.755148334639887,0,0,0
596,"weighted_median",-0.13523457948944,0.0892806407804646,0.129845009280339,-0.13523457948944,0.0892806407804646,0.129845009280339,0,0,0
596,"simple_mode",-0.0861489228921694,0.451083788960964,0.849017517703181,-0.0861489228921694,0.451083788960964,0.849017517703181,0,0,0
596,"weighted_mode",-0.0861489228921694,0.402975507870628,0.83125425104607,-0.0861489228921694,0.402975507870628,0.83125425104607,0,0,0
597,"ivw",-0.0791582589214145,0.116660121361613,0.497430999880694,-0.0791582589214145,0.116660121361613,0.497430999880694,0,0,0
597,"egger",-0.0893477326915805,0.172589604179345,0.606103933461826,-0.0893477326915805,0.172589604179345,0.606103933461826,0,0,0
597,"weighted_median",0.0728180575494295,0.0733469557288301,0.320812747015315,0.0728180575494295,0.0733469557288301,0.320812747015315,0,0,0
597,"simple_mode",0.181047041375593,0.787485289590681,0.818744958248661,0.181047041375593,0.787485289590681,0.818744958248661,0,0,0
597,"weighted_mode",0.072640513458176,0.787463037109797,0.926730158335762,0.072640513458176,0.787463037109797,0.926730158335762,0,0,0
598,"ivw",0.050376553709267,0.120665008248436,0.67631931350479,0.050376553709267,0.120665008248436,0.67631931350479,0,0,0
598,"egger",0.146974036922708,0.183350854205347,0.425158989674331,0.146974036922708,0.183350854205347,0.425158989674331,0,0,0
598,"weighted_median",0.13247459332572,0.0755004999499782,0.0793245410118967,0.13247459332572,0.0755004999499782,0.0793245410118967,0,0,0
598,"simple_mode",0.573336321897892,1.14291955766987,0.61728022498559,0.573336321897892,1.14291955766987,0.61728022498559,0,0,0
598,"weighted_mode",0.0607830929934551,1.13038754793852,0.957249294770743,0.0607830929934551,1.13038754793852,0.957249294770743,0,0,0
599,"ivw",0.0692340366441663,0.125816483196653,0.582128744601228,0.0692340366441663,0.125816483196653,0.582128744601228,0,0,0
599,"egger",-0.204968412801161,0.190669714075291,0.285609844466701,-0.204968412801161,0.190669714075291,0.285609844466701,0,0,0
599,"weighted_median",0.00113263309927712,0.0845462147567936,0.989311367340164,0.00113263309927712,0.0845462147567936,0.989311367340164,0,0,0
599,"simple_mode",0.0116053492399999,0.743873674839366,0.987590883264194,0.0116053492399999,0.743873674839366,0.987590883264194,0,0,0
599,"weighted_mode",0.0116053492399999,0.687206701611346,0.98656772387011,0.0116053492399999,0.687206701611346,0.98656772387011,0,0,0
600,"ivw",0.278645614932208,0.109249261523946,0.0107553346886721,0.278645614932208,0.109249261523946,0.0107553346886721,0,0,0
600,"egger",0.404309798815305,0.163790272336496,0.0157012067848328,0.404309798815305,0.163790272336496,0.0157012067848328,0,0,0
600,"weighted_median",0.322263498431661,0.0816811552133632,7.96722947422618e-05,0.322263498431661,0.0816811552133632,7.96722947422618e-05,0,0,0
600,"simple_mode",0.337577289712445,1.41963682727186,0.812643434939181,0.337577289712445,1.41963682727186,0.812643434939181,0,0,0
600,"weighted_mode",0.337577289712445,1.422490113029,0.813012149917275,0.337577289712445,1.422490113029,0.813012149917275,0,0,0
601,"ivw",-0.224187219470058,0.0992540448063801,0.0239007302008855,-0.224187219470058,0.0992540448063801,0.0239007302008855,0,0,0
601,"egger",0.0283991790330402,0.165953564369377,0.864555798110858,0.0283991790330402,0.165953564369377,0.864555798110858,0,0,0
601,"weighted_median",-0.022775519440547,0.0992303105261762,0.818463379236451,-0.022775519440547,0.0992303105261762,0.818463379236451,0,0,0
601,"simple_mode",-0.207931500480888,1.39975122874322,0.882278799291211,-0.207931500480888,1.39975122874322,0.882278799291211,0,0,0
601,"weighted_mode",0.0138627013014982,1.38563704835215,0.992042242050596,0.0138627013014982,1.38563704835215,0.992042242050596,0,0,0
602,"ivw",-0.138958127889983,0.0950711695426714,0.143844779255608,-0.138958127889983,0.0950711695426714,0.143844779255608,0,0,0
602,"egger",-0.454285698587058,0.145512661000088,0.00250026670216905,-0.454285698587058,0.145512661000088,0.00250026670216905,0,0,0
602,"weighted_median",-0.203390194591891,0.103252374234177,0.0488572239348459,-0.203390194591891,0.103252374234177,0.0488572239348459,0,0,0
602,"simple_mode",0.271544802688315,2.01353748469227,0.893057458244193,0.271544802688315,2.01353748469227,0.893057458244193,0,0,0
602,"weighted_mode",-0.14511704439876,2.01216303734834,0.9426842539456,-0.14511704439876,2.01216303734834,0.9426842539456,0,0,0
603,"ivw",-0.08547190314024,0.0855261272084307,0.317617426854225,-0.08547190314024,0.0855261272084307,0.317617426854225,0,0,0
603,"egger",-0.0370236265006401,0.133645754724881,0.782473095661117,-0.0370236265006401,0.133645754724881,0.782473095661117,0,0,0
603,"weighted_median",-0.195165693633927,0.0802162348317735,0.0149745100607965,-0.195165693633927,0.0802162348317735,0.0149745100607965,0,0,0
603,"simple_mode",-0.133194778912806,0.411650985083067,0.747103279542597,-0.133194778912806,0.411650985083067,0.747103279542597,0,0,0
603,"weighted_mode",-0.133194778912806,0.399831373361267,0.739898866720186,-0.133194778912806,0.399831373361267,0.739898866720186,0,0,0
604,"ivw",-0.0447380635883353,0.131110116611008,0.7329341235452,-0.0447380635883353,0.131110116611008,0.7329341235452,0,0,0
604,"egger",0.0476315138013738,0.219217005923459,0.828543187192777,0.0476315138013738,0.219217005923459,0.828543187192777,0,0,0
604,"weighted_median",-0.0102015028071943,0.118136547754815,0.931185420974988,-0.0102015028071943,0.118136547754815,0.931185420974988,0,0,0
604,"simple_mode",0.105542786450075,0.638904820287559,0.869203435865595,0.105542786450075,0.638904820287559,0.869203435865595,0,0,0
604,"weighted_mode",-0.0151043107782125,0.629205174237679,0.980907355606464,-0.0151043107782125,0.629205174237679,0.980907355606464,0,0,0
605,"ivw",0.153942258940431,0.101483957576921,0.12928883906948,0.153942258940431,0.101483957576921,0.12928883906948,0,0,0
605,"egger",0.290266744293167,0.151880672948843,0.0595669965594796,0.290266744293167,0.151880672948843,0.0595669965594796,0,0,0
605,"weighted_median",0.21047491777389,0.0796638476090726,0.00824087935724156,0.21047491777389,0.0796638476090726,0.00824087935724156,0,0,0
605,"simple_mode",0.170927456921976,0.422292052038401,0.686719939086466,0.170927456921976,0.422292052038401,0.686719939086466,0,0,0
605,"weighted_mode",0.170927456921976,0.3970732195764,0.667998216080414,0.170927456921976,0.3970732195764,0.667998216080414,0,0,0
606,"ivw",-0.423740152630933,0.122167688706255,0.000523348223156398,-0.423740152630933,0.122167688706255,0.000523348223156398,0,0,0
606,"egger",-0.362233695562544,0.199287893390123,0.0728630124533949,-0.362233695562544,0.199287893390123,0.0728630124533949,0,0,0
606,"weighted_median",-0.0696322093524017,0.102509910873764,0.496964933735787,-0.0696322093524017,0.102509910873764,0.496964933735787,0,0,0
606,"simple_mode",-0.028415517553647,0.542523688465923,0.958357617761957,-0.028415517553647,0.542523688465923,0.958357617761957,0,0,0
606,"weighted_mode",-0.028415517553647,0.525728036919648,0.957028541970277,-0.028415517553647,0.525728036919648,0.957028541970277,0,0,0
607,"ivw",-0.186959026819273,0.116577819629555,0.108774185190344,-0.186959026819273,0.116577819629555,0.108774185190344,0,0,0
607,"egger",0.206743012606828,0.183187512845082,0.262445266037923,0.206743012606828,0.183187512845082,0.262445266037923,0,0,0
607,"weighted_median",-0.0940634641320993,0.10592639738453,0.374536570713693,-0.0940634641320993,0.10592639738453,0.374536570713693,0,0,0
607,"simple_mode",0.0436103806541572,0.32321707631413,0.893005119852118,0.0436103806541572,0.32321707631413,0.893005119852118,0,0,0
607,"weighted_mode",0.0436103806541572,0.288743057930535,0.880323419504583,0.0436103806541572,0.288743057930535,0.880323419504583,0,0,0
608,"ivw",0.00372545475254232,0.114355865599761,0.97401132762029,0.00372545475254232,0.114355865599761,0.97401132762029,0,0,0
608,"egger",0.085195566962177,0.190388186083065,0.655735338549847,0.085195566962177,0.190388186083065,0.655735338549847,0,0,0
608,"weighted_median",-0.0488977133894338,0.082316216711811,0.552496832204248,-0.0488977133894338,0.082316216711811,0.552496832204248,0,0,0
608,"simple_mode",0.247137177860399,1.22693110764006,0.840869605283203,0.247137177860399,1.22693110764006,0.840869605283203,0,0,0
608,"weighted_mode",0.0823146328192048,1.21964752989333,0.946357535386498,0.0823146328192048,1.21964752989333,0.946357535386498,0,0,0
609,"ivw",0.238292178772133,0.140574444630521,0.0900504648933389,0.238292178772133,0.140574444630521,0.0900504648933389,0,0,0
609,"egger",0.0332812205135568,0.225286149401631,0.882928613444269,0.0332812205135568,0.225286149401631,0.882928613444269,0,0,0
609,"weighted_median",-0.0271263022516331,0.097232631196351,0.780257467716661,-0.0271263022516331,0.097232631196351,0.780257467716661,0,0,0
609,"simple_mode",0.130629135572241,0.972672740056878,0.893499153714653,0.130629135572241,0.972672740056878,0.893499153714653,0,0,0
609,"weighted_mode",-0.067756975447249,0.938927358631607,0.942649099438715,-0.067756975447249,0.938927358631607,0.942649099438715,0,0,0
610,"ivw",-0.104996644035971,0.14109015802801,0.45676685608857,-0.104996644035971,0.14109015802801,0.45676685608857,0,0,0
610,"egger",0.057249706878907,0.228744804878576,0.803014272111185,0.057249706878907,0.228744804878576,0.803014272111185,0,0,0
610,"weighted_median",-0.0224640873007205,0.113215901893702,0.842717935394733,-0.0224640873007205,0.113215901893702,0.842717935394733,0,0,0
610,"simple_mode",-0.0187624999954416,0.589161024011084,0.974673098120807,-0.0187624999954416,0.589161024011084,0.974673098120807,0,0,0
610,"weighted_mode",-0.0187624999954416,0.576407456183326,0.974112914287236,-0.0187624999954416,0.576407456183326,0.974112914287236,0,0,0
611,"ivw",0.103036688980658,0.104298538919767,0.323200862902064,0.103036688980658,0.104298538919767,0.323200862902064,0,0,0
611,"egger",0.041909188478386,0.164677115380291,0.799767670350978,0.041909188478386,0.164677115380291,0.799767670350978,0,0,0
611,"weighted_median",0.174546382455266,0.086363156070731,0.0432720416367538,0.174546382455266,0.086363156070731,0.0432720416367538,0,0,0
611,"simple_mode",-0.187140605293438,0.243692354100898,0.444757047825025,-0.187140605293438,0.243692354100898,0.444757047825025,0,0,0
611,"weighted_mode",0.150514152236884,0.222239075723936,0.500169329104142,0.150514152236884,0.222239075723936,0.500169329104142,0,0,0
612,"ivw",0.0349582313278295,0.104183664847472,0.737214558834158,0.0349582313278295,0.104183664847472,0.737214558834158,0,0,0
612,"egger",0.0792108807404024,0.161644602235054,0.625453105247552,0.0792108807404024,0.161644602235054,0.625453105247552,0,0,0
612,"weighted_median",0.0720323432475564,0.0716615680967983,0.314813084509876,0.0720323432475564,0.0716615680967983,0.314813084509876,0,0,0
612,"simple_mode",0.160045711616715,1.09406656438156,0.884059730913232,0.160045711616715,1.09406656438156,0.884059730913232,0,0,0
612,"weighted_mode",0.160045711616715,1.04129147003158,0.878229164186015,0.160045711616715,1.04129147003158,0.878229164186015,0,0,0
613,"ivw",0.102148503183206,0.114150255179542,0.370861904302374,0.102148503183206,0.114150255179542,0.370861904302374,0,0,0
613,"egger",0.259705718400032,0.209365748498313,0.21843828137786,0.259705718400032,0.209365748498313,0.21843828137786,0,0,0
613,"weighted_median",0.026910661803118,0.0975390139264438,0.782627646893602,0.026910661803118,0.0975390139264438,0.782627646893602,0,0,0
613,"simple_mode",0.00252846512242844,2.82367858602489,0.999287735451459,0.00252846512242844,2.82367858602489,0.999287735451459,0,0,0
613,"weighted_mode",0.00252846512242844,2.80899420606174,0.999284011997566,0.00252846512242844,2.80899420606174,0.999284011997566,0,0,0
614,"ivw",0.133086592188479,0.119534772014553,0.265548968270428,0.133086592188479,0.119534772014553,0.265548968270428,0,0,0
614,"egger",-0.0881171059885715,0.192917557439698,0.649081051535486,-0.0881171059885715,0.192917557439698,0.649081051535486,0,0,0
614,"weighted_median",-0.0590298435720139,0.0973907214521289,0.544439301605563,-0.0590298435720139,0.0973907214521289,0.544439301605563,0,0,0
614,"simple_mode",0.334095960776776,0.824694362172508,0.686461028788957,0.334095960776776,0.824694362172508,0.686461028788957,0,0,0
614,"weighted_mode",0.0114521848737797,0.812300127936948,0.98878609314437,0.0114521848737797,0.812300127936948,0.98878609314437,0,0,0
615,"ivw",0.121287201622639,0.134670831641755,0.367790565962017,0.121287201622639,0.134670831641755,0.367790565962017,0,0,0
615,"egger",0.109973329694782,0.234118555941849,0.639823313375507,0.109973329694782,0.234118555941849,0.639823313375507,0,0,0
615,"weighted_median",0.0472671094896914,0.0930405586869573,0.611434456693458,0.0472671094896914,0.0930405586869573,0.611434456693458,0,0,0
615,"simple_mode",-0.0678716769468302,0.807391828712957,0.933213857325872,-0.0678716769468302,0.807391828712957,0.933213857325872,0,0,0
615,"weighted_mode",0.077282141151142,0.786634659557918,0.921981250919501,0.077282141151142,0.786634659557918,0.921981250919501,0,0,0
616,"ivw",0.0076507117981773,0.132355884478726,0.953904678235156,0.0076507117981773,0.132355884478726,0.953904678235156,0,0,0
616,"egger",-0.0766854415646109,0.219676588860975,0.72794387495465,-0.0766854415646109,0.219676588860975,0.72794387495465,0,0,0
616,"weighted_median",-0.17478872060298,0.115564205377179,0.130411420074008,-0.17478872060298,0.115564205377179,0.130411420074008,0,0,0
616,"simple_mode",-0.035892716160386,0.518987400721011,0.945033405407945,-0.035892716160386,0.518987400721011,0.945033405407945,0,0,0
616,"weighted_mode",-0.165557367136416,0.512790868239814,0.747636599356814,-0.165557367136416,0.512790868239814,0.747636599356814,0,0,0
617,"ivw",-0.0854745146150596,0.127109247456429,0.501297755798632,-0.0854745146150596,0.127109247456429,0.501297755798632,0,0,0
617,"egger",-0.181810698162446,0.199439667328264,0.364714187642821,-0.181810698162446,0.199439667328264,0.364714187642821,0,0,0
617,"weighted_median",0.0276557440257249,0.113085187745292,0.806799669161804,0.0276557440257249,0.113085187745292,0.806799669161804,0,0,0
617,"simple_mode",0.132616587570605,0.580117244431504,0.819753594839906,0.132616587570605,0.580117244431504,0.819753594839906,0,0,0
617,"weighted_mode",-0.0319504653272318,0.55442378018128,0.9541866842286,-0.0319504653272318,0.55442378018128,0.9541866842286,0,0,0
618,"ivw",0.136119988595576,0.127210613647342,0.284602919266232,0.136119988595576,0.127210613647342,0.284602919266232,0,0,0
618,"egger",-0.100012694605774,0.216612666703299,0.645540839061354,-0.100012694605774,0.216612666703299,0.645540839061354,0,0,0
618,"weighted_median",-0.0205259525657852,0.0862990427096273,0.811999906171869,-0.0205259525657852,0.0862990427096273,0.811999906171869,0,0,0
618,"simple_mode",0.0221110960352566,1.03388440963929,0.982989994619105,0.0221110960352566,1.03388440963929,0.982989994619105,0,0,0
618,"weighted_mode",0.0221110960352566,1.02854760254035,0.982901748826778,0.0221110960352566,1.02854760254035,0.982901748826778,0,0,0
619,"ivw",0.179789092374013,0.112920128168436,0.111344419488614,0.179789092374013,0.112920128168436,0.111344419488614,0,0,0
619,"egger",-0.0584214505102279,0.174760225764514,0.739031848237145,-0.0584214505102279,0.174760225764514,0.739031848237145,0,0,0
619,"weighted_median",0.00344414877963209,0.102707398949176,0.973249072383421,0.00344414877963209,0.102707398949176,0.973249072383421,0,0,0
619,"simple_mode",0.186160287981256,1.01170223883764,0.854467844398874,0.186160287981256,1.01170223883764,0.854467844398874,0,0,0
619,"weighted_mode",0.0242952201028446,1.01705124951933,0.981000775752964,0.0242952201028446,1.01705124951933,0.981000775752964,0,0,0
620,"ivw",-0.125871484072571,0.137029754428206,0.358320290728191,-0.125871484072571,0.137029754428206,0.358320290728191,0,0,0
620,"egger",0.137740736623344,0.223988649728836,0.540336197441252,0.137740736623344,0.223988649728836,0.540336197441252,0,0,0
620,"weighted_median",-0.1635091891523,0.134647044753071,0.224612539795189,-0.1635091891523,0.134647044753071,0.224612539795189,0,0,0
620,"simple_mode",-0.092660755432068,0.470412611252732,0.844338475694426,-0.092660755432068,0.470412611252732,0.844338475694426,0,0,0
620,"weighted_mode",-0.092660755432068,0.418258647924314,0.825230049075625,-0.092660755432068,0.418258647924314,0.825230049075625,0,0,0
621,"ivw",-0.0814481101661853,0.117279942672071,0.487383721600335,-0.0814481101661853,0.117279942672071,0.487383721600335,0,0,0
621,"egger",-0.0739713314290674,0.189470577582495,0.697270553672793,-0.0739713314290674,0.189470577582495,0.697270553672793,0,0,0
621,"weighted_median",0.113470718135041,0.124815231455483,0.363292305310294,0.113470718135041,0.124815231455483,0.363292305310294,0,0,0
621,"simple_mode",-0.180706060575027,0.8938634638393,0.840296243464093,-0.180706060575027,0.8938634638393,0.840296243464093,0,0,0
621,"weighted_mode",0.0941578708759403,0.872101435736524,0.914289139886213,0.0941578708759403,0.872101435736524,0.914289139886213,0,0,0
622,"ivw",-0.0823080824902373,0.157080467763713,0.600287761448149,-0.0823080824902373,0.157080467763713,0.600287761448149,0,0,0
622,"egger",0.120289019190789,0.232968150125518,0.607046539203411,0.120289019190789,0.232968150125518,0.607046539203411,0,0,0
622,"weighted_median",0.154343638293443,0.114984354939946,0.17949835260088,0.154343638293443,0.114984354939946,0.17949835260088,0,0,0
622,"simple_mode",-0.156265094585833,1.19120093319065,0.895955967417949,-0.156265094585833,1.19120093319065,0.895955967417949,0,0,0
622,"weighted_mode",0.101866511833985,1.23945860481918,0.934701323739008,0.101866511833985,1.23945860481918,0.934701323739008,0,0,0
623,"ivw",-0.0731147563594904,0.157713654986583,0.642940234212721,-0.0731147563594904,0.157713654986583,0.642940234212721,0,0,0
623,"egger",0.24337013487048,0.253867788945064,0.34062384195801,0.24337013487048,0.253867788945064,0.34062384195801,0,0,0
623,"weighted_median",0.101660434255909,0.127243988026502,0.424324645533369,0.101660434255909,0.127243988026502,0.424324645533369,0,0,0
623,"simple_mode",-0.120236681802644,0.747591862684413,0.872626184420421,-0.120236681802644,0.747591862684413,0.872626184420421,0,0,0
623,"weighted_mode",0.0777633712969487,0.751153885105179,0.917802026935196,0.0777633712969487,0.751153885105179,0.917802026935196,0,0,0
624,"ivw",-0.255848106435599,0.140777170856772,0.0691562397726032,-0.255848106435599,0.140777170856772,0.0691562397726032,0,0,0
624,"egger",-0.194209321566667,0.218182654536572,0.376069071320592,-0.194209321566667,0.218182654536572,0.376069071320592,0,0,0
624,"weighted_median",-0.14867134792438,0.0870329701025029,0.0875957680913449,-0.14867134792438,0.0870329701025029,0.0875957680913449,0,0,0
624,"simple_mode",-0.000911705136662277,0.907625260464002,0.999200998795888,-0.000911705136662277,0.907625260464002,0.999200998795888,0,0,0
624,"weighted_mode",-0.156430603432987,0.873301095934995,0.858286368943195,-0.156430603432987,0.873301095934995,0.858286368943195,0,0,0
625,"ivw",-0.147007919859398,0.134887786952573,0.275777705091323,-0.147007919859398,0.134887786952573,0.275777705091323,0,0,0
625,"egger",-0.351795024297396,0.225072717825174,0.121993322804828,-0.351795024297396,0.225072717825174,0.121993322804828,0,0,0
625,"weighted_median",-0.176594682630524,0.0949995003032828,0.0630411476931916,-0.176594682630524,0.0949995003032828,0.0630411476931916,0,0,0
625,"simple_mode",-0.0156754817016674,1.39495669250438,0.991061789092071,-0.0156754817016674,1.39495669250438,0.991061789092071,0,0,0
625,"weighted_mode",-0.197412092811756,1.39358974747273,0.887702477296418,-0.197412092811756,1.39358974747273,0.887702477296418,0,0,0
